eventId,name,datetimeUtc,eventScore,popularityScore,listingCount,ticketCount,averagePrice,lowestPrice,highestPrice,venueId,source
17692006,New York Yankees at San Francisco Giants - Opening Day,2026-03-26 00:05:00.000,0.8100758887,0.9777373604,289,962,361,117,2929,22,seatgeek
17693746,Pittsburgh Pirates at New York Mets - Opening Day,2026-03-26 17:15:00.000,0.887351747,0.9827760665,1924,6051,350,82,7004,3,seatgeek
17695461,Chicago White Sox at Milwaukee Brewers - Opening Day,2026-03-26 18:10:00.000,0.8190158389000001,0.9488394808,583,1958,192,50,2047,15,seatgeek
17695137,Washington Nationals at Chicago Cubs - Opening Day,2026-03-26 18:20:00.000,0.8648129169000001,0.9705640622,1651,4171,321,73,4220,11,seatgeek
17694651,Minnesota Twins at Baltimore Orioles - Opening Day,2026-03-26 19:05:00.000,0.8838568031,0.9809846047,323,1008,313,116,1245,25,seatgeek
17692087,Detroit Tigers at San Diego Padres - Opening Day,2026-03-26 20:10:00.000,0.8643497855000001,0.9694148162,1512,3294,329,67,8402,24,seatgeek
17693258,Los Angeles Angels at Houston Astros - Opening Day,2026-03-26 20:10:00.000,0.8514481969000001,0.9622835474,733,2780,283,55,4265,20,seatgeek
17694105,Boston Red Sox at Cincinnati Reds - Opening Day,2026-03-26 20:10:00.000,0.8771542662,0.9767425671,482,1848,356,110,3530,26,seatgeek
17693582,Tampa Bay Rays at St. Louis Cardinals - Opening Day,2026-03-26 20:15:00.000,0.8595926603,0.9654936686,524,1678,405,73,5607,27,seatgeek
17693935,Texas Rangers at Philadelphia Phillies - Opening Day,2026-03-26 20:15:00.000,0.8825640656,0.9789969104,736,1753,451,117,11418,18,seatgeek
17691368,Arizona Diamondbacks at Los Angeles Dodgers - Opening Day,2026-03-27 00:30:00.000,0.9105761327,0.9990973229,464,1302,431,163,2842,1,seatgeek
17691682,Cleveland Guardians at Seattle Mariners - Opening Day,2026-03-27 02:10:00.000,0.8118731125,0.9493811215,395,1236,180,40,1434,13,seatgeek
17692007,New York Yankees at San Francisco Giants,2026-03-27 20:35:00.000,0.8955304603,0.9571790428,995,2690,459,80,4584,22,seatgeek
17695946,Athletics at Toronto Blue Jays - Opening Day,2026-03-27 23:07:00.000,0.8248204224,0.9682624725,275,636,240,57,3883,17,seatgeek
17693421,Colorado Rockies at Miami Marlins - Opening Day,2026-03-27 23:10:00.000,0.7822521503000001,0.9487059515,383,1408,62,12,872,6371,seatgeek
17692612,Kansas City Royals at Atlanta Braves - Opening Day,2026-03-27 23:15:00.000,0.8675178413,0.9878782118,316,888,178,55,1293,418889,seatgeek
17693262,Los Angeles Angels at Houston Astros,2026-03-28 00:10:00.000,0.7831627578,0.9485652681,243,707,107,37,514,20,seatgeek
17691683,Cleveland Guardians at Seattle Mariners,2026-03-28 01:40:00.000,0.7528525561,0.9300313804,307,927,95,31,640,13,seatgeek
17692088,Detroit Tigers at San Diego Padres,2026-03-28 01:40:00.000,0.8285385908,0.9646636958,330,829,190,55,1479,24,seatgeek
17691362,Arizona Diamondbacks at Los Angeles Dodgers,2026-03-28 02:10:00.000,0.8676040096000001,0.981444171,918,2966,208,60,5679,1,seatgeek
17693586,Tampa Bay Rays at St. Louis Cardinals,2026-03-28 18:15:00.000,0.760241212,0.9063105562,680,2402,133,22,2157,27,seatgeek
17695138,Washington Nationals at Chicago Cubs,2026-03-28 18:20:00.000,0.8662665945,0.952518481,1828,4400,165,29,2392,11,seatgeek
17695948,Athletics at Toronto Blue Jays,2026-03-28 19:07:00.000,0.7618409663,0.9071801688,1099,2773,192,24,1842,17,seatgeek
17693936,Texas Rangers at Philadelphia Phillies,2026-03-28 20:05:00.000,0.8558601199,0.9499245793,1476,3724,208,50,1668,18,seatgeek
17694647,Minnesota Twins at Baltimore Orioles,2026-03-28 20:05:00.000,0.8296249578,0.9344114905,538,2101,87,33,647,25,seatgeek
17693424,Colorado Rockies at Miami Marlins,2026-03-28 20:10:00.000,0.6799151482,0.8656560104000001,346,1449,139,15,12264,6371,seatgeek
17693747,Pittsburgh Pirates at New York Mets,2026-03-28 20:10:00.000,0.8520953972,0.9456478591,2073,8788,177,33,3370,3,seatgeek
17694106,Boston Red Sox at Cincinnati Reds,2026-03-28 20:10:00.000,0.8002947027,0.9232847967,566,1587,158,22,1241,26,seatgeek
17693264,Los Angeles Angels at Houston Astros,2026-03-28 23:10:00.000,0.8046836943,0.9751926365,229,630,106,30,462,20,seatgeek
17695463,Chicago White Sox at Milwaukee Brewers,2026-03-28 23:10:00.000,0.766948671,0.9575471462,85,216,119,39,635,15,seatgeek
17692008,New York Yankees at San Francisco Giants,2026-03-28 23:15:00.000,0.8577348409000001,1.0,237,604,355,79,2233,22,seatgeek
17692617,Kansas City Royals at Atlanta Braves,2026-03-28 23:15:00.000,0.8245102896000001,0.9844638135,209,539,730,35,117668,418889,seatgeek
17692089,Detroit Tigers at San Diego Padres,2026-03-29 00:40:00.000,0.8013104718,0.9715813596,184,352,211,71,2346,24,seatgeek
17691360,Arizona Diamondbacks at Los Angeles Dodgers,2026-03-29 01:10:00.000,0.8625909224,0.9986019072,440,1370,284,104,3409,1,seatgeek
17691686,Cleveland Guardians at Seattle Mariners,2026-03-29 01:40:00.000,0.783700075,0.9605419923,223,725,173,45,919,13,seatgeek
17692613,Kansas City Royals at Atlanta Braves,2026-03-29 17:35:00.000,0.7926516184,0.9359091024,1067,2932,100,16,979,418889,seatgeek
17693931,Texas Rangers at Philadelphia Phillies,2026-03-29 17:35:00.000,0.8314511818,0.9543630943,1755,4063,158,38,1874,18,seatgeek
17694650,Minnesota Twins at Baltimore Orioles,2026-03-29 17:35:00.000,0.7826675767,0.9298587899,340,1282,54,23,347,25,seatgeek
17695951,Athletics at Toronto Blue Jays,2026-03-29 17:37:00.000,0.7380826001,0.9120279519,998,2370,171,17,3851,17,seatgeek
17693425,Colorado Rockies at Miami Marlins,2026-03-29 17:40:00.000,0.6813953523,0.8831166754,281,1025,93,16,2881,6371,seatgeek
17693748,Pittsburgh Pirates at New York Mets,2026-03-29 17:40:00.000,0.8250494597,0.950225618,1699,8251,149,22,5058,3,seatgeek
17694107,Boston Red Sox at Cincinnati Reds,2026-03-29 17:40:00.000,0.7539464961,0.9183422332,297,1030,145,19,3081,26,seatgeek
17693266,Los Angeles Angels at Houston Astros,2026-03-29 18:10:00.000,0.7937314623,0.9361304902,662,1633,173,31,1774,20,seatgeek
17695465,Chicago White Sox at Milwaukee Brewers,2026-03-29 18:10:00.000,0.7487442362000001,0.9138808943,336,1338,121,33,557,15,seatgeek
17693588,Tampa Bay Rays at St. Louis Cardinals,2026-03-29 18:15:00.000,0.7460444858,0.9136560493,612,2127,88,18,1023,27,seatgeek
17695141,Washington Nationals at Chicago Cubs,2026-03-29 18:20:00.000,0.8245077816,0.9491141058,1775,4121,116,16,2951,11,seatgeek
17691687,Cleveland Guardians at Seattle Mariners,2026-03-29 23:20:00.000,0.725807887,0.943972604,281,827,82,20,651,13,seatgeek
17696134,Minnesota Twins at Kansas City Royals - Home Opener,2026-03-30 20:10:00.000,0.8275252046,0.9518552184,260,721,371,89,2124,3714,seatgeek
17694652,Texas Rangers at Baltimore Orioles,2026-03-30 22:35:00.000,0.6695840767,0.9184484356,76,165,65,27,476,25,seatgeek
17693428,Chicago White Sox at Miami Marlins,2026-03-30 22:40:00.000,0.6057729573,0.8875164444,81,176,61,16,430,6371,seatgeek
17693932,Washington Nationals at Philadelphia Phillies,2026-03-30 22:40:00.000,0.7244981794,0.9450662788,278,715,71,29,254,18,seatgeek
17694110,Pittsburgh Pirates at Cincinnati Reds,2026-03-30 22:40:00.000,0.6617645777000001,0.9146581096,46,142,113,25,493,26,seatgeek
17695952,Colorado Rockies at Toronto Blue Jays,2026-03-30 23:07:00.000,0.6745771764,0.9208687159,211,482,78,10,995,17,seatgeek
17692616,Athletics at Atlanta Braves,2026-03-30 23:15:00.000,0.6808882135000001,0.9239278208,604,1812,59,10,969,418889,seatgeek
17695139,Los Angeles Angels at Chicago Cubs,2026-03-30 23:40:00.000,0.7708887837,0.9675521944,214,751,122,27,685,11,seatgeek
17695466,Tampa Bay Rays at Milwaukee Brewers,2026-03-30 23:40:00.000,0.6351745109,0.901768958,37,102,85,19,511,15,seatgeek
17693589,New York Mets at St. Louis Cardinals,2026-03-30 23:45:00.000,0.6686383909,0.917990037,246,664,44,16,345,27,seatgeek
17693268,Boston Red Sox at Houston Astros,2026-03-31 00:10:00.000,0.6836968936000001,0.9247381897,332,956,71,14,1435,20,seatgeek
17691690,New York Yankees at Seattle Mariners,2026-03-31 01:40:00.000,0.705434178,0.9303890502,435,1649,89,19,787,13,seatgeek
17692090,San Francisco Giants at San Diego Padres,2026-03-31 01:40:00.000,0.7597275286,0.9568607702,238,574,186,66,1158,24,seatgeek
17691361,Cleveland Guardians at Los Angeles Dodgers,2026-03-31 02:10:00.000,0.8048004315,0.9771661055,806,2526,203,83,1209,1,seatgeek
17692411,Detroit Tigers at Arizona Diamondbacks - Home Opener,2026-03-31 02:10:00.000,0.7609183942000001,0.956265509,271,1377,145,52,1121,30,seatgeek
17694648,Texas Rangers at Baltimore Orioles,2026-03-31 22:35:00.000,0.7094808281,0.938029096,100,243,62,22,476,25,seatgeek
17693429,Chicago White Sox at Miami Marlins,2026-03-31 22:40:00.000,0.6286739268,0.8989757052,79,215,45,17,267,6371,seatgeek
17693933,Washington Nationals at Philadelphia Phillies,2026-03-31 22:40:00.000,0.7929451805000001,0.9783651256,59,149,265,42,8517,18,seatgeek
17694108,Pittsburgh Pirates at Cincinnati Reds,2026-03-31 22:40:00.000,0.6904495015000001,0.9288316125,35,95,91,35,345,26,seatgeek
17695955,Colorado Rockies at Toronto Blue Jays,2026-03-31 23:07:00.000,0.6857333339,0.9265523617,379,1044,78,8,920,17,seatgeek
17692614,Athletics at Atlanta Braves,2026-03-31 23:15:00.000,0.7227610991000001,0.944447153,438,1562,72,14,1147,418889,seatgeek
17695140,Los Angeles Angels at Chicago Cubs,2026-03-31 23:40:00.000,0.6916151922,0.9293949718,2230,6161,332,7,656787,11,seatgeek
17695469,Tampa Bay Rays at Milwaukee Brewers,2026-03-31 23:40:00.000,0.6309005008,0.900051836,61,154,64,14,280,15,seatgeek
17693592,New York Mets at St. Louis Cardinals,2026-03-31 23:45:00.000,0.6648334285,0.9164516701,261,665,41,11,316,27,seatgeek
17693269,Boston Red Sox at Houston Astros,2026-04-01 00:10:00.000,0.7121702731,0.9387491598,221,512,91,27,691,20,seatgeek
17691691,New York Yankees at Seattle Mariners,2026-04-01 01:40:00.000,0.7208778645,0.9378842644,508,2222,95,19,4890,13,seatgeek
17692095,San Francisco Giants at San Diego Padres,2026-04-01 01:40:00.000,0.7665711549,0.9599895331,536,1411,127,39,1124,24,seatgeek
17692413,Detroit Tigers at Arizona Diamondbacks,2026-04-01 01:40:00.000,0.6909346655,0.9238870567,429,2080,81,27,566,30,seatgeek
17691359,Cleveland Guardians at Los Angeles Dodgers,2026-04-01 02:10:00.000,0.8416562722,0.9946532544,729,2420,275,166,2558,1,seatgeek
17692615,Athletics at Atlanta Braves,2026-04-01 16:15:00.000,0.7118696266,0.905607803,2771,16563,153,10,2514,418889,seatgeek
17694649,Texas Rangers at Baltimore Orioles,2026-04-01 16:35:00.000,0.7079588343000001,0.9044742023,184,548,47,20,476,25,seatgeek
17694109,Pittsburgh Pirates at Cincinnati Reds,2026-04-01 16:40:00.000,0.689056662,0.8945401981000001,295,1036,112,22,880,26,seatgeek
17693934,Washington Nationals at Philadelphia Phillies,2026-04-01 17:05:00.000,0.7618264057,0.9293611346,1155,2620,146,32,2263,18,seatgeek
17695956,Colorado Rockies at Toronto Blue Jays,2026-04-01 17:07:00.000,0.6590236186,0.8809899926,1301,3044,117,9,3196,17,seatgeek
17693430,Chicago White Sox at Miami Marlins,2026-04-01 17:10:00.000,0.6277932956,0.8654963568,307,1275,94,12,8309,6371,seatgeek
17693594,New York Mets at St. Louis Cardinals,2026-04-01 17:15:00.000,0.641603226,0.870978976,815,2893,75,11,2453,27,seatgeek
17695470,Tampa Bay Rays at Milwaukee Brewers,2026-04-01 17:40:00.000,0.6504310784,0.8743447259,243,1640,98,15,567,15,seatgeek
17693272,Boston Red Sox at Houston Astros,2026-04-01 18:10:00.000,0.7335303639,0.9151460288,718,2441,125,16,1481,20,seatgeek
17695142,Los Angeles Angels at Chicago Cubs,2026-04-01 18:20:00.000,0.7047115163000001,0.8998590609,3597,8462,86,7,11763,11,seatgeek
17692414,Detroit Tigers at Arizona Diamondbacks,2026-04-01 19:40:00.000,0.7252505732000001,0.9101746418,936,4977,396,30,2080,30,seatgeek
17691694,New York Yankees at Seattle Mariners,2026-04-01 20:10:00.000,0.7604441511000001,0.9244485497,3085,23777,200,19,3320,13,seatgeek
17692097,San Francisco Giants at San Diego Padres,2026-04-01 20:10:00.000,0.784924741,0.9384727655,1515,3556,141,28,4220,24,seatgeek
17696133,Minnesota Twins at Kansas City Royals,2026-04-01 23:40:00.000,0.5911968553,0.887520916,294,974,69,11,628,3714,seatgeek
17691358,Cleveland Guardians at Los Angeles Dodgers,2026-04-02 00:20:00.000,0.7610967838,0.9713216042,1286,4468,134,50,1146,1,seatgeek
17696131,Minnesota Twins at Kansas City Royals,2026-04-02 18:10:00.000,0.6100422378,0.8628597981,464,1539,94,10,1100,3714,seatgeek
17692415,Atlanta Braves at Arizona Diamondbacks,2026-04-03 01:40:00.000,0.6595352541,0.8945302656,367,2077,83,30,279,30,seatgeek
17692009,New York Mets at San Francisco Giants,2026-04-03 01:45:00.000,0.6852888603,0.9064553376,987,3324,101,22,2019,22,seatgeek
17694973,Los Angeles Dodgers at Washington Nationals - Home Opener,2026-04-03 17:05:00.000,0.8210634532000001,0.9456211921,581,1704,279,83,2158,3713,seatgeek
17693098,St. Louis Cardinals at Detroit Tigers - Home Opener,2026-04-03 17:10:00.000,0.8304493884,0.9511111372,939,1996,494,142,4660,12,seatgeek
17691520,Miami Marlins at New York Yankees - Home Opener,2026-04-03 17:35:00.000,0.811945464,0.945450504,726,2974,476,145,4584,8,seatgeek
17692772,San Diego Padres at Boston Red Sox - Home Opener,2026-04-03 18:10:00.000,0.8320493788000001,0.9509864202,708,2037,533,146,24450,21,seatgeek
17695298,Toronto Blue Jays at Chicago White Sox - Home Opener (Rescheduled from 4/2/26),2026-04-03 18:10:00.000,0.7147991252,0.8942359622,1355,5078,141,21,12264,3715,seatgeek
17695784,Cincinnati Reds at Texas Rangers - Home Opener,2026-04-03 20:05:00.000,0.8746366759,0.9659613226,735,2471,498,85,9568,487468,seatgeek
17691253,Philadelphia Phillies at Colorado Rockies - Home Opener,2026-04-03 20:10:00.000,0.783992037,0.9240691194,869,3508,168,56,892,7,seatgeek
17692935,Chicago Cubs at Cleveland Guardians - Home Opener,2026-04-03 20:10:00.000,0.817635666,0.9397651902,324,932,436,125,2784,6,seatgeek
17695623,Tampa Bay Rays at Minnesota Twins - Home Opener,2026-04-03 20:10:00.000,0.7153958941,0.8864969017000001,304,1320,64,20,685,3712,seatgeek
17694813,Baltimore Orioles at Pittsburgh Pirates - Home Opener,2026-04-03 20:12:00.000,0.7957894753,0.930527787,310,752,919,215,14811,10,seatgeek
17692249,Seattle Mariners at Los Angeles Angels - Home Opener,2026-04-04 01:38:00.000,0.7910000163,0.9386861536,272,1621,197,56,2115,28,seatgeek
17691844,Houston Astros at Athletics - Home Opener,2026-04-04 01:40:00.000,0.709231502,0.900974903,63,203,256,83,1259,317,seatgeek
17692418,Atlanta Braves at Arizona Diamondbacks,2026-04-04 01:45:00.000,0.7539591306000001,0.9218889966,495,2759,91,37,409,30,seatgeek
17692010,New York Mets at San Francisco Giants,2026-04-04 02:15:00.000,0.7703554089,0.9277005094,569,1743,159,32,2337,22,seatgeek
17693099,St. Louis Cardinals at Detroit Tigers,2026-04-04 17:10:00.000,0.7536889943,0.8945022169,1365,4187,103,20,2305,12,seatgeek
17695299,Toronto Blue Jays at Chicago White Sox,2026-04-04 18:10:00.000,0.6915656853000001,0.865145358,1716,9782,545,16,122617,3715,seatgeek
17691846,Houston Astros at Athletics,2026-04-04 20:05:00.000,0.7388609254,0.8836261964000001,226,789,195,58,1410,317,seatgeek
17694812,Baltimore Orioles at Pittsburgh Pirates,2026-04-04 20:05:00.000,0.7897541072,0.9106212767,458,1479,191,55,1232,10,seatgeek
17694970,Los Angeles Dodgers at Washington Nationals,2026-04-04 20:05:00.000,0.8686652607,0.9447520377,724,2440,285,69,11418,3713,seatgeek
17692776,San Diego Padres at Boston Red Sox,2026-04-04 20:10:00.000,0.8457689142,0.934803919,980,2210,324,73,11418,21,seatgeek
17696135,Milwaukee Brewers at Kansas City Royals,2026-04-04 20:10:00.000,0.7133005311,0.8740071449,391,1174,142,21,1298,3714,seatgeek
17691521,Miami Marlins at New York Yankees,2026-04-04 23:05:00.000,0.8595205213,0.9391488651,283,1009,1917,87,117668,8,seatgeek
17695787,Cincinnati Reds at Texas Rangers,2026-04-04 23:05:00.000,0.8708946022,0.9440757639,83,207,165,45,1162,487468,seatgeek
17695624,Tampa Bay Rays at Minnesota Twins,2026-04-04 23:10:00.000,0.6536118277,0.8499525226,397,1822,49,15,231,3712,seatgeek
17696132,Milwaukee Brewers at Kansas City Royals (Rescheduled from 4/3/26),2026-04-04 23:10:00.000,0.7626550823,0.8971894034000001,243,1146,68,20,499,3714,seatgeek
17692421,Atlanta Braves at Arizona Diamondbacks,2026-04-04 23:15:00.000,0.814471751,0.91963507,185,1049,109,45,713,30,seatgeek
17692938,Chicago Cubs at Cleveland Guardians,2026-04-04 23:15:00.000,0.7651432412,0.8923839356000001,607,1902,137,47,998,6,seatgeek
17691248,Philadelphia Phillies at Colorado Rockies,2026-04-05 00:10:00.000,0.7600049636,0.8955216057000001,323,1121,78,24,767,7,seatgeek
17692011,New York Mets at San Francisco Giants,2026-04-05 01:05:00.000,0.8011707638000001,0.9106452885,784,2235,140,40,1113,22,seatgeek
17692251,Seattle Mariners at Los Angeles Angels,2026-04-05 01:38:00.000,0.7610324599,0.8912991548,444,1736,91,14,1760,28,seatgeek
17692939,Chicago Cubs at Cleveland Guardians (DH),2026-04-05 17:10:00.000,0.7413967714,0.8574837894,743,2284,108,33,683,6,seatgeek
17692777,San Diego Padres at Boston Red Sox,2026-04-05 17:35:00.000,0.8197721711,0.8912510154000001,1923,4708,155,17,11418,21,seatgeek
17694808,Baltimore Orioles at Pittsburgh Pirates,2026-04-05 17:35:00.000,0.7355803474,0.8547758805000001,364,1195,127,41,613,10,seatgeek
17694972,Los Angeles Dodgers at Washington Nationals,2026-04-05 17:35:00.000,0.835205715,0.8969279184000001,923,3292,152,35,3691,3713,seatgeek
17695300,Toronto Blue Jays at Chicago White Sox,2026-04-05 18:10:00.000,0.6957750309,0.8367476763,1555,8296,74,11,569,3715,seatgeek
17695625,Tampa Bay Rays at Minnesota Twins,2026-04-05 18:10:00.000,0.6815616094,0.8289801991,164,500,55,16,418,3712,seatgeek
17696136,Milwaukee Brewers at Kansas City Royals,2026-04-05 18:10:00.000,0.7228736737,0.8465435207,399,1351,131,22,3872,3714,seatgeek
17695789,Cincinnati Reds at Texas Rangers,2026-04-05 18:35:00.000,0.8522137599,0.9029723657,941,3280,177,24,3299,487468,seatgeek
17691249,Philadelphia Phillies at Colorado Rockies,2026-04-05 19:10:00.000,0.7803027125,0.8720685401,1569,7585,92,16,728,7,seatgeek
17691848,Houston Astros at Athletics,2026-04-05 20:05:00.000,0.7195435992,0.8452405558,306,1317,131,31,2080,317,seatgeek
17692012,New York Mets at San Francisco Giants,2026-04-05 20:05:00.000,0.8573793273,0.9032833479,1174,3330,193,42,2832,22,seatgeek
17692252,Seattle Mariners at Los Angeles Angels,2026-04-05 20:07:00.000,0.742295797,0.8543992948,1301,5401,70,8,11772,28,seatgeek
17692423,Atlanta Braves at Arizona Diamondbacks,2026-04-05 20:10:00.000,0.7816580806000001,0.8723061231,1027,3857,112,30,1152,30,seatgeek
17691522,Miami Marlins at New York Yankees,2026-04-05 21:10:00.000,0.7908522536,0.9408060282,323,980,94,14,1193,8,seatgeek
17693100,St. Louis Cardinals at Detroit Tigers,2026-04-05 23:20:00.000,0.7675489335,0.9304663233,622,1820,51,11,1168,12,seatgeek
17696328,Chicago Cubs at Tampa Bay Rays - Home Opener,2026-04-06 20:10:00.000,0.8396056836,0.925435473,227,527,524,103,5883,4,seatgeek
17692942,Kansas City Royals at Cleveland Guardians,2026-04-06 22:10:00.000,0.6853626482,0.8669994897000001,444,1707,78,26,171,6,seatgeek
17693434,Cincinnati Reds at Miami Marlins,2026-04-06 22:40:00.000,0.7239372028000001,0.8835082263,134,304,63,18,572,6371,seatgeek
17694809,San Diego Padres at Pittsburgh Pirates,2026-04-06 22:40:00.000,0.6901375261,0.8690430311,181,653,88,19,390,10,seatgeek
17692779,Milwaukee Brewers at Boston Red Sox,2026-04-06 22:45:00.000,0.8053714861,0.9183581537,416,963,63,12,517,21,seatgeek
17694971,St. Louis Cardinals at Washington Nationals,2026-04-06 22:45:00.000,0.7332952982000001,0.8875131175000001,370,1302,113,14,13400,3713,seatgeek
17695959,Los Angeles Dodgers at Toronto Blue Jays,2026-04-06 23:07:00.000,0.8283004635000001,0.9281704566,466,1158,407,21,116504,17,seatgeek
17695305,Baltimore Orioles at Chicago White Sox,2026-04-06 23:40:00.000,0.6397879588000001,0.8474937306,723,3717,46,10,525,3715,seatgeek
17695627,Detroit Tigers at Minnesota Twins,2026-04-06 23:40:00.000,0.6191042954,0.8386405506,145,445,38,10,334,3712,seatgeek
17695791,Seattle Mariners at Texas Rangers,2026-04-07 00:05:00.000,0.7488751581,0.8938934682,193,1142,103,20,806,487468,seatgeek
17691250,Houston Astros at Colorado Rockies,2026-04-07 00:40:00.000,0.669735525,0.8579827391,592,3892,87,15,1884,7,seatgeek
17692253,Atlanta Braves at Los Angeles Angels,2026-04-07 01:38:00.000,0.718186267,0.8758583354,470,1902,59,11,764,28,seatgeek
17692013,Philadelphia Phillies at San Francisco Giants,2026-04-07 01:45:00.000,0.7643277179,0.8952217479000001,832,3063,60,14,2982,22,seatgeek
17692943,Kansas City Royals at Cleveland Guardians,2026-04-07 17:10:00.000,0.6915545946,0.8282215406000001,409,1347,126,20,509,6,seatgeek
17695307,Baltimore Orioles at Chicago White Sox,2026-04-07 19:10:00.000,0.6797079824000001,0.8223953966,1130,6575,61,10,569,3715,seatgeek
17693749,Arizona Diamondbacks at New York Mets,2026-04-07 20:10:00.000,0.8114206579000001,0.8780827718,1944,8634,99,10,1765,3,seatgeek
17693435,Cincinnati Reds at Miami Marlins,2026-04-07 22:40:00.000,0.7080998725000001,0.9044912307,120,278,42,12,524,6371,seatgeek
17694811,San Diego Padres at Pittsburgh Pirates,2026-04-07 22:40:00.000,0.7236165146,0.9112261895,121,404,96,28,1001,10,seatgeek
17696312,Chicago Cubs at Tampa Bay Rays,2026-04-07 22:40:00.000,0.8219173733,0.9538916226,70,196,130,48,1276,4,seatgeek
17692782,Milwaukee Brewers at Boston Red Sox,2026-04-07 22:45:00.000,0.8190861688000001,0.9526628242,673,1738,54,14,1048,21,seatgeek
17694974,St. Louis Cardinals at Washington Nationals,2026-04-07 22:45:00.000,0.8003673293,0.9445384527,316,900,61,18,480,3713,seatgeek
17691523,Athletics at New York Yankees,2026-04-07 23:05:00.000,0.7992656765,0.9440603105,297,1188,153,16,886,8,seatgeek
17695960,Los Angeles Dodgers at Toronto Blue Jays,2026-04-07 23:07:00.000,0.846159577,0.964413179,323,858,137,21,968,17,seatgeek
17695631,Detroit Tigers at Minnesota Twins,2026-04-07 23:40:00.000,0.6742585024000001,0.8898019787,85,245,56,12,358,3712,seatgeek
17695792,Seattle Mariners at Texas Rangers,2026-04-08 00:05:00.000,0.7582783308000001,0.9259802113,222,604,80,14,691,487468,seatgeek
17691252,Houston Astros at Colorado Rockies,2026-04-08 00:40:00.000,0.6802730095,0.890091637,153,483,70,19,396,7,seatgeek
17692257,Atlanta Braves at Los Angeles Angels,2026-04-08 01:38:00.000,0.7962718522000001,0.9370894886,525,2610,64,14,549,28,seatgeek
17692014,Philadelphia Phillies at San Francisco Giants,2026-04-08 01:45:00.000,0.7929308915000001,0.93556755,917,3321,52,16,621,22,seatgeek
17694810,San Diego Padres at Pittsburgh Pirates,2026-04-08 16:35:00.000,0.7135396697,0.8748802316000001,311,1345,100,33,955,10,seatgeek
17692946,Kansas City Royals at Cleveland Guardians,2026-04-08 17:10:00.000,0.7278989174,0.8782690872000001,404,1257,108,28,498,6,seatgeek
17692783,Milwaukee Brewers at Boston Red Sox,2026-04-08 17:35:00.000,0.8263577749000001,0.9214823721,1759,4481,88,14,999,21,seatgeek
17695309,Baltimore Orioles at Chicago White Sox,2026-04-08 18:10:00.000,0.6850008737000001,0.8586910988,1640,9217,61,10,515,3715,seatgeek
17695794,Seattle Mariners at Texas Rangers,2026-04-08 18:35:00.000,0.8080970737000001,0.9113984731,709,2460,143,14,2404,487468,seatgeek
17695961,Los Angeles Dodgers at Toronto Blue Jays,2026-04-08 19:07:00.000,0.864675573,0.9372642935,1415,3728,221,20,5335,17,seatgeek
17691251,Houston Astros at Colorado Rockies,2026-04-08 19:10:00.000,0.733460802,0.8787283232,1562,9211,68,15,3715,7,seatgeek
17692015,Philadelphia Phillies at San Francisco Giants,2026-04-08 19:45:00.000,0.8667396108000001,0.9373126431,1440,3862,119,22,1195,22,seatgeek
17694975,St. Louis Cardinals at Washington Nationals,2026-04-08 20:05:00.000,0.787735978,0.900894313,566,2652,73,11,1263,3713,seatgeek
17692259,Atlanta Braves at Los Angeles Angels,2026-04-08 20:07:00.000,0.7627810082,0.8907495714,1185,4661,49,9,717,28,seatgeek
17693754,Arizona Diamondbacks at New York Mets,2026-04-08 20:10:00.000,0.8058448178000001,0.9080304432,1845,8760,79,11,2009,3,seatgeek
17693437,Cincinnati Reds at Miami Marlins,2026-04-08 22:40:00.000,0.7374443478,0.8730086272,397,1773,79,14,2069,6371,seatgeek
17696308,Chicago Cubs at Tampa Bay Rays,2026-04-08 22:40:00.000,0.8319725419,0.916449362,476,2248,195,56,5883,4,seatgeek
17691524,Athletics at New York Yankees,2026-04-08 23:05:00.000,0.8036608751000001,0.9052041775,1518,6180,156,13,3657,8,seatgeek
17695632,Detroit Tigers at Minnesota Twins,2026-04-08 23:40:00.000,0.6850224197,0.8492732281,131,423,47,7,287,3712,seatgeek
17693440,Cincinnati Reds at Miami Marlins,2026-04-09 16:10:00.000,0.6911780768,0.869545821,308,1380,70,14,1483,6371,seatgeek
17691525,Athletics at New York Yankees,2026-04-09 17:35:00.000,0.8066758674000001,0.9205557127,759,2494,198,12,6077,8,seatgeek
17695635,Detroit Tigers at Minnesota Twins,2026-04-09 17:40:00.000,0.6813886849,0.8657856551,126,384,59,11,401,3712,seatgeek
17693755,Arizona Diamondbacks at New York Mets,2026-04-09 23:10:00.000,0.8214530679000001,0.9176679862,2029,8779,70,11,1610,3,seatgeek
17696143,Chicago White Sox at Kansas City Royals,2026-04-09 23:40:00.000,0.7125773809,0.867728814,457,1432,94,14,1154,3714,seatgeek
17692099,Colorado Rockies at San Diego Padres,2026-04-10 01:40:00.000,0.8946381498,0.9593723623,1157,3260,182,45,1981,24,seatgeek
17695149,Pittsburgh Pirates at Chicago Cubs,2026-04-10 18:20:00.000,0.8622568847000001,0.9217382436,3028,7529,106,12,11768,11,seatgeek
17693103,Miami Marlins at Detroit Tigers,2026-04-10 22:40:00.000,0.7617356261,0.9235237796,430,1191,36,7,570,12,seatgeek
17693943,Arizona Diamondbacks at Philadelphia Phillies,2026-04-10 22:40:00.000,0.8915031077000001,0.9789502562,138,330,93,42,208,18,seatgeek
17694117,Los Angeles Angels at Cincinnati Reds,2026-04-10 22:45:00.000,0.8062115288,0.9425206851,46,117,80,25,345,26,seatgeek
17695966,Minnesota Twins at Toronto Blue Jays,2026-04-10 23:07:00.000,0.8222161474,0.9493566103,136,280,70,21,356,17,seatgeek
17693756,Athletics at New York Mets,2026-04-10 23:10:00.000,0.8444134361000001,0.9588375027,1420,7497,68,14,1570,3,seatgeek
17696310,New York Yankees at Tampa Bay Rays,2026-04-10 23:10:00.000,0.8752705782,0.9720171019,150,573,103,50,1423,4,seatgeek
17692625,Cleveland Guardians at Atlanta Braves,2026-04-10 23:15:00.000,0.9139711846,0.9885466806,155,369,125,42,458,418889,seatgeek
17694655,San Francisco Giants at Baltimore Orioles,2026-04-10 23:15:00.000,0.8819377266,0.974864742,69,249,98,52,476,25,seatgeek
17695471,Washington Nationals at Milwaukee Brewers,2026-04-10 23:40:00.000,0.7588664572,0.9222982595,198,626,47,16,416,15,seatgeek
17696144,Chicago White Sox at Kansas City Royals,2026-04-10 23:40:00.000,0.7296239008000001,0.9098075953,163,495,75,20,450,3714,seatgeek
17693596,Boston Red Sox at St. Louis Cardinals,2026-04-11 00:15:00.000,0.7768061525000001,0.9290594662,138,366,64,20,399,27,seatgeek
17691695,Houston Astros at Seattle Mariners,2026-04-11 01:40:00.000,0.8382707056,0.9504585957,337,1379,91,28,725,13,seatgeek
17692100,Colorado Rockies at San Diego Padres,2026-04-11 01:40:00.000,0.8687173337,0.9636358077,381,943,162,56,1445,24,seatgeek
17691370,Texas Rangers at Los Angeles Dodgers,2026-04-11 02:10:00.000,0.957564974,1.0,735,2210,366,108,3623,1,seatgeek
17693944,Arizona Diamondbacks at Philadelphia Phillies,2026-04-11 17:05:00.000,0.9066537627,0.9533245393,1236,2793,203,45,1735,18,seatgeek
17693106,Miami Marlins at Detroit Tigers,2026-04-11 17:10:00.000,0.822622308,0.9164522983,943,2493,92,17,1582,12,seatgeek
17695150,Pittsburgh Pirates at Chicago Cubs,2026-04-11 18:20:00.000,0.9316360423,0.9602231296,2246,5406,163,30,3433,11,seatgeek
17695965,Minnesota Twins at Toronto Blue Jays,2026-04-11 19:07:00.000,0.844005177,0.9246023401,669,1541,234,38,1995,17,seatgeek
17693757,Athletics at New York Mets,2026-04-11 20:10:00.000,0.9108694311,0.9496096367,2054,9178,198,46,11303,3,seatgeek
17694118,Los Angeles Angels at Cincinnati Reds,2026-04-11 20:10:00.000,0.8550244357000001,0.9267356501,394,1272,145,28,1481,26,seatgeek
17696145,Chicago White Sox at Kansas City Royals,2026-04-11 20:10:00.000,0.7342222306,0.8764101182,439,1288,103,17,1298,3714,seatgeek
17696311,New York Yankees at Tampa Bay Rays,2026-04-11 22:10:00.000,0.913521459,0.9470830465,78,272,123,66,441,4,seatgeek
17695475,Washington Nationals at Milwaukee Brewers,2026-04-11 23:10:00.000,0.847691915,0.918282518,111,319,103,39,377,15,seatgeek
17692624,Cleveland Guardians at Atlanta Braves,2026-04-11 23:15:00.000,0.9341391552,0.9557815364,139,366,190,54,1204,418889,seatgeek
17693598,Boston Red Sox at St. Louis Cardinals,2026-04-11 23:15:00.000,0.8740863541,0.9302510387,179,516,74,35,515,27,seatgeek
17694657,San Francisco Giants at Baltimore Orioles,2026-04-11 23:15:00.000,0.8964398296,0.9392860166,104,278,118,49,578,25,seatgeek
17692102,Colorado Rockies at San Diego Padres,2026-04-12 00:40:00.000,0.8800761534,0.9439257006,216,483,186,64,1315,24,seatgeek
17691372,Texas Rangers at Los Angeles Dodgers,2026-04-12 01:10:00.000,0.9289322708,0.962310252,806,2318,197,94,2274,1,seatgeek
17691697,Houston Astros at Seattle Mariners,2026-04-12 01:40:00.000,0.8641720754000001,0.9338106267,340,1587,103,31,1378,13,seatgeek
17693945,Arizona Diamondbacks at Philadelphia Phillies,2026-04-12 17:35:00.000,0.9529400409,0.9538084357,1407,3000,179,49,1909,18,seatgeek
17694659,San Francisco Giants at Baltimore Orioles,2026-04-12 17:35:00.000,0.8522742052000001,0.9102847119,390,1402,86,22,9084,25,seatgeek
17695967,Minnesota Twins at Toronto Blue Jays,2026-04-12 17:37:00.000,0.8190758861,0.8976049366000001,903,2537,182,19,2227,17,seatgeek
17693108,Miami Marlins at Detroit Tigers,2026-04-12 17:40:00.000,0.829156682,0.900804104,665,1703,102,15,2590,12,seatgeek
17693760,Athletics at New York Mets,2026-04-12 17:40:00.000,0.8834283798,0.9231374445,2112,9740,79,16,2223,3,seatgeek
17694119,Los Angeles Angels at Cincinnati Reds,2026-04-12 17:40:00.000,0.8109800885,0.8929230638000001,316,1191,139,28,1190,26,seatgeek
17696309,New York Yankees at Tampa Bay Rays,2026-04-12 17:40:00.000,0.9129447211,0.9342351106,454,1784,233,68,2892,4,seatgeek
17695476,Washington Nationals at Milwaukee Brewers,2026-04-12 18:10:00.000,0.7732283593,0.872349481,344,1373,94,21,466,15,seatgeek
17696146,Chicago White Sox at Kansas City Royals,2026-04-12 18:10:00.000,0.7599868685000001,0.8681356527,429,1483,86,12,728,3714,seatgeek
17693600,Boston Red Sox at St. Louis Cardinals,2026-04-12 18:15:00.000,0.8323809366,0.901222424,663,1965,96,21,1708,27,seatgeek
17695151,Pittsburgh Pirates at Chicago Cubs,2026-04-12 18:20:00.000,0.9345391003,0.9422090797,2071,5057,140,21,11768,11,seatgeek
17691371,Texas Rangers at Los Angeles Dodgers,2026-04-12 20:10:00.000,0.9266626426,0.9389655984,2495,7765,278,50,7958,1,seatgeek
17691698,Houston Astros at Seattle Mariners,2026-04-12 20:10:00.000,0.8605091244,0.9117127553,1154,5721,120,24,3739,13,seatgeek
17692103,Colorado Rockies at San Diego Padres,2026-04-12 20:10:00.000,0.8716238714000001,0.9156879158,1448,3450,143,24,2437,24,seatgeek
17692626,Cleveland Guardians at Atlanta Braves,2026-04-12 23:20:00.000,0.8716848073000001,0.9086357996,1491,5527,91,15,1445,418889,seatgeek
17691702,Houston Astros at Seattle Mariners,2026-04-13 20:10:00.000,0.8017679499,0.864495542,1529,7672,108,12,3841,13,seatgeek
17694661,Arizona Diamondbacks at Baltimore Orioles,2026-04-13 22:35:00.000,0.7858246315,0.8513532053,281,1185,45,17,476,25,seatgeek
17693946,Chicago Cubs at Philadelphia Phillies,2026-04-13 22:40:00.000,0.8933316669,0.8998301628,1878,5052,141,28,1878,18,seatgeek
17694820,Washington Nationals at Pittsburgh Pirates,2026-04-13 22:40:00.000,0.7888236983,0.8612656953000001,293,1176,115,33,1023,10,seatgeek
17691526,Los Angeles Angels at New York Yankees,2026-04-13 23:05:00.000,0.7600388592,0.9390439667,250,673,76,13,963,8,seatgeek
17692627,Miami Marlins at Atlanta Braves,2026-04-13 23:15:00.000,0.830847032,0.8670384978000001,1793,7404,99,10,11653,418889,seatgeek
17695636,Boston Red Sox at Minnesota Twins,2026-04-13 23:40:00.000,0.6848004546,0.9058939573,155,521,46,12,345,3712,seatgeek
17693602,Cleveland Guardians at St. Louis Cardinals,2026-04-13 23:45:00.000,0.7250614407,0.923633244,95,223,42,12,345,27,seatgeek
17691849,Texas Rangers at Athletics,2026-04-14 01:40:00.000,0.6180660605,0.870661906,261,1505,50,22,587,317,seatgeek
17691373,New York Mets at Los Angeles Dodgers,2026-04-14 02:10:00.000,0.9141217993,1.0,598,1784,279,118,2749,1,seatgeek
17694662,Arizona Diamondbacks at Baltimore Orioles,2026-04-14 22:35:00.000,0.7571708511,0.9516591408,128,347,83,12,476,25,seatgeek
17693110,Kansas City Royals at Detroit Tigers,2026-04-14 22:40:00.000,0.7249225642,0.9372825931,245,720,65,12,345,12,seatgeek
17693947,Chicago Cubs at Philadelphia Phillies,2026-04-14 22:40:00.000,0.8268425284,0.9827184176,516,1318,76,19,310,18,seatgeek
17694120,San Francisco Giants at Cincinnati Reds,2026-04-14 22:40:00.000,0.7219554649000001,0.9359598154,66,167,108,38,469,26,seatgeek
17694821,Washington Nationals at Pittsburgh Pirates,2026-04-14 22:40:00.000,0.6681405264,0.911967401,196,844,74,14,321,10,seatgeek
17691527,Los Angeles Angels at New York Yankees,2026-04-14 23:05:00.000,0.7895194875,0.9660801131,221,983,147,23,1253,8,seatgeek
17692631,Miami Marlins at Atlanta Braves,2026-04-14 23:15:00.000,0.7663415935,0.9557474698,817,3530,73,12,452,418889,seatgeek
17695310,Tampa Bay Rays at Chicago White Sox,2026-04-14 23:40:00.000,0.6986581038,0.9255733438,996,5829,85,22,561,3715,seatgeek
17695480,Toronto Blue Jays at Milwaukee Brewers,2026-04-14 23:40:00.000,0.7203968203000001,0.9352649465,139,760,47,13,180,15,seatgeek
17695639,Boston Red Sox at Minnesota Twins,2026-04-14 23:40:00.000,0.7067945327,0.9292007753,137,398,89,23,421,3712,seatgeek
17693604,Cleveland Guardians at St. Louis Cardinals,2026-04-14 23:45:00.000,0.7233755635,0.9365929173,197,616,66,13,345,27,seatgeek
17693274,Colorado Rockies at Houston Astros,2026-04-15 00:10:00.000,0.7455751977,0.9458220905,520,1840,46,13,491,20,seatgeek
17691851,Texas Rangers at Athletics,2026-04-15 01:40:00.000,0.6399105083000001,0.8938628385,287,1577,42,20,288,317,seatgeek
17692105,Seattle Mariners at San Diego Padres,2026-04-15 01:40:00.000,0.8049826613000001,0.9672006504,577,1498,73,23,878,24,seatgeek
17691374,New York Mets at Los Angeles Dodgers,2026-04-15 02:10:00.000,0.8699414503,0.9945863867,1500,5000,164,46,4544,1,seatgeek
17694665,Arizona Diamondbacks at Baltimore Orioles,2026-04-15 16:35:00.000,0.7736178755,0.9260523385,339,1125,58,14,476,25,seatgeek
17693605,Cleveland Guardians at St. Louis Cardinals,2026-04-15 17:15:00.000,0.7118810356,0.8943698035000001,655,1966,81,10,1439,27,seatgeek
17695640,Boston Red Sox at Minnesota Twins,2026-04-15 17:40:00.000,0.6952627452,0.8887507245,282,966,61,11,401,3712,seatgeek
17693111,Kansas City Royals at Detroit Tigers,2026-04-15 22:40:00.000,0.6924371237,0.9158690545,780,2316,34,7,430,12,seatgeek
17693948,Chicago Cubs at Philadelphia Phillies,2026-04-15 22:40:00.000,0.8361423252,0.9797426009,748,2008,61,14,310,18,seatgeek
17694121,San Francisco Giants at Cincinnati Reds,2026-04-15 22:40:00.000,0.7250008487,0.9303434395,77,185,135,24,1107,26,seatgeek
17694822,Washington Nationals at Pittsburgh Pirates,2026-04-15 22:40:00.000,0.7018944808,0.9200728533,322,1178,76,17,476,10,seatgeek
17691528,Los Angeles Angels at New York Yankees,2026-04-15 23:05:00.000,0.7992663129,0.9633525518,241,873,143,27,1281,8,seatgeek
17692634,Miami Marlins at Atlanta Braves,2026-04-15 23:15:00.000,0.7871923146,0.9579860553,433,1478,76,12,681,418889,seatgeek
17695313,Tampa Bay Rays at Chicago White Sox,2026-04-15 23:40:00.000,0.677105817,0.9090541563,759,3902,43,8,520,3715,seatgeek
17695479,Toronto Blue Jays at Milwaukee Brewers,2026-04-15 23:40:00.000,0.692142272,0.9157379919,169,475,51,11,476,15,seatgeek
17693276,Colorado Rockies at Houston Astros,2026-04-16 00:10:00.000,0.6963813142,0.9169840593,496,1793,45,11,405,20,seatgeek
17691852,Texas Rangers at Athletics,2026-04-16 01:40:00.000,0.6802664753000001,0.9048034577,222,1187,48,16,385,317,seatgeek
17692109,Seattle Mariners at San Diego Padres,2026-04-16 01:40:00.000,0.8545510049,0.9820494437,432,1214,168,50,1139,24,seatgeek
17691380,New York Mets at Los Angeles Dodgers,2026-04-16 02:10:00.000,0.8982229689000001,1.0,1101,3548,195,52,3416,1,seatgeek
17694823,Washington Nationals at Pittsburgh Pirates,2026-04-16 16:35:00.000,0.6867465599,0.8819648714,389,1687,90,36,1735,10,seatgeek
17694122,San Francisco Giants at Cincinnati Reds,2026-04-16 16:40:00.000,0.7022264811000001,0.8862806591,382,1378,61,8,410,26,seatgeek
17693112,Kansas City Royals at Detroit Tigers,2026-04-16 17:10:00.000,0.7103039415,0.8890192738,1122,3541,62,7,1154,12,seatgeek
17691529,Los Angeles Angels at New York Yankees,2026-04-16 17:35:00.000,0.7830862369,0.9248573472,1879,7278,134,10,11763,8,seatgeek
17695483,Toronto Blue Jays at Milwaukee Brewers,2026-04-16 17:40:00.000,0.6829844892,0.875010515,271,1276,75,13,1840,15,seatgeek
17695314,Tampa Bay Rays at Chicago White Sox,2026-04-16 18:10:00.000,0.6679814578000001,0.8697669322,2574,13781,69,10,515,3715,seatgeek
17691856,Texas Rangers at Athletics,2026-04-16 19:05:00.000,0.6816154683,0.8745505608,404,2026,54,15,1084,317,seatgeek
17692947,Baltimore Orioles at Cleveland Guardians,2026-04-16 22:10:00.000,0.6901922219000001,0.9235193893,231,821,86,35,147,6,seatgeek
17693277,Colorado Rockies at Houston Astros,2026-04-17 00:10:00.000,0.7085624155,0.9311791284,446,1691,43,11,491,20,seatgeek
17692111,Seattle Mariners at San Diego Padres,2026-04-17 00:40:00.000,0.8018593194,0.9713915219,513,1266,125,30,2274,24,seatgeek
17695152,New York Mets at Chicago Cubs,2026-04-17 18:20:00.000,0.8775114294,0.971515698,2304,6050,109,19,2437,11,seatgeek
17692948,Baltimore Orioles at Cleveland Guardians,2026-04-17 22:10:00.000,0.7756204242,0.9548458447,339,1276,97,50,179,6,seatgeek
17693955,Atlanta Braves at Philadelphia Phillies,2026-04-17 22:40:00.000,0.8627553616,0.9943372673,191,499,152,62,515,18,seatgeek
17694824,Tampa Bay Rays at Pittsburgh Pirates,2026-04-17 22:45:00.000,0.7863853396,0.9597247819,296,921,119,41,531,10,seatgeek
17694982,San Francisco Giants at Washington Nationals,2026-04-17 22:45:00.000,0.7950002907,0.9636292874,407,1329,82,22,563,3713,seatgeek
17691530,Kansas City Royals at New York Yankees,2026-04-17 23:05:00.000,0.8735476363,0.9992285166,242,956,205,92,913,8,seatgeek
17693441,Milwaukee Brewers at Miami Marlins,2026-04-17 23:10:00.000,0.6928437521,0.9173283681,316,1243,60,16,293,6371,seatgeek
17692784,Detroit Tigers at Boston Red Sox,2026-04-17 23:15:00.000,0.8322731108,0.9805221369,372,1066,98,28,997,21,seatgeek
17693278,St. Louis Cardinals at Houston Astros,2026-04-18 00:10:00.000,0.8045609113000001,0.9673413342,303,823,81,32,748,20,seatgeek
17695643,Cincinnati Reds at Minnesota Twins,2026-04-18 00:10:00.000,0.6573738295,0.9006839058,235,848,66,21,316,3712,seatgeek
17691254,Los Angeles Dodgers at Colorado Rockies,2026-04-18 00:40:00.000,0.7653508,0.9478493799,732,2593,129,12,1430,7,seatgeek
17692260,San Diego Padres at Los Angeles Angels,2026-04-18 01:38:00.000,0.8308289803000001,0.9740670301,606,3272,123,32,869,28,seatgeek
17691704,Texas Rangers at Seattle Mariners,2026-04-18 01:40:00.000,0.7448616594,0.9353751705,629,2860,95,21,1108,13,seatgeek
17691858,Chicago White Sox at Athletics,2026-04-18 01:40:00.000,0.7248257258,0.9259974202,89,322,114,56,635,317,seatgeek
17692425,Toronto Blue Jays at Arizona Diamondbacks,2026-04-18 01:40:00.000,0.7806674236000001,0.9516914786,629,2455,121,33,1425,30,seatgeek
17691531,Kansas City Royals at New York Yankees,2026-04-18 17:35:00.000,0.8612158174000001,0.9607943629,1749,6894,174,35,1649,8,seatgeek
17695644,Cincinnati Reds at Minnesota Twins,2026-04-18 18:10:00.000,0.6716480833,0.8728110236000001,405,1717,65,17,367,3712,seatgeek
17695158,New York Mets at Chicago Cubs,2026-04-18 18:20:00.000,0.8898589292,0.9717450675,2210,5462,163,28,2152,11,seatgeek
17691859,Chicago White Sox at Athletics,2026-04-18 20:05:00.000,0.7202034239,0.8946059809,373,1692,176,36,11769,317,seatgeek
17694826,Tampa Bay Rays at Pittsburgh Pirates,2026-04-18 20:05:00.000,0.8781197571,0.9629420165,1002,2874,194,45,11653,10,seatgeek
17694983,San Francisco Giants at Washington Nationals,2026-04-18 20:05:00.000,0.8425218779,0.9478436085,701,2648,129,32,1965,3713,seatgeek
17692788,Detroit Tigers at Boston Red Sox,2026-04-18 20:10:00.000,0.8821137882000001,0.9665068858,1471,4233,200,45,1865,21,seatgeek
17693442,Milwaukee Brewers at Miami Marlins,2026-04-18 20:10:00.000,0.7145991092,0.8894211629000001,500,1894,83,19,2069,6371,seatgeek
17692952,Baltimore Orioles at Cleveland Guardians,2026-04-18 22:10:00.000,0.7314988729,0.9129330295,486,1863,95,23,214,6,seatgeek
17693281,St. Louis Cardinals at Houston Astros,2026-04-18 23:10:00.000,0.8260818222,0.9549944052,315,876,69,20,691,20,seatgeek
17691706,Texas Rangers at Seattle Mariners,2026-04-18 23:15:00.000,0.8186000545000001,0.9516672789,118,446,163,74,722,13,seatgeek
17693956,Atlanta Braves at Philadelphia Phillies,2026-04-18 23:15:00.000,0.8693479237,0.9742346747,127,268,127,62,572,18,seatgeek
17691255,Los Angeles Dodgers at Colorado Rockies,2026-04-19 00:10:00.000,0.7956911553,0.9409230401,152,462,106,39,486,7,seatgeek
17692426,Toronto Blue Jays at Arizona Diamondbacks,2026-04-19 00:10:00.000,0.7794265497,0.9337338445,553,2583,114,33,675,30,seatgeek
17692261,San Diego Padres at Los Angeles Angels,2026-04-19 01:38:00.000,0.8320948898,0.9523321956,440,2802,125,28,1300,28,seatgeek
17691532,Kansas City Royals at New York Yankees,2026-04-19 17:35:00.000,0.8044055307,0.9139802514,2005,8404,156,12,11756,8,seatgeek
17692789,Detroit Tigers at Boston Red Sox,2026-04-19 17:35:00.000,0.8330520275000001,0.9238447203,2369,5862,147,25,2006,21,seatgeek
17694831,Tampa Bay Rays at Pittsburgh Pirates,2026-04-19 17:35:00.000,0.7073918753,0.8685807805,476,1704,132,42,1322,10,seatgeek
17694984,San Francisco Giants at Washington Nationals,2026-04-19 17:35:00.000,0.7664149808,0.894553509,785,3399,84,18,889,3713,seatgeek
17692954,Baltimore Orioles at Cleveland Guardians,2026-04-19 17:40:00.000,0.7344942987,0.8809882854000001,634,2162,102,32,464,6,seatgeek
17693446,Milwaukee Brewers at Miami Marlins,2026-04-19 17:40:00.000,0.7226416212,0.8756234811,386,1358,82,12,956,6371,seatgeek
17693284,St. Louis Cardinals at Houston Astros,2026-04-19 18:10:00.000,0.8272239593,0.9215762629,817,2368,108,12,1360,20,seatgeek
17695645,Cincinnati Reds at Minnesota Twins,2026-04-19 18:10:00.000,0.6819483012,0.8555788816000001,269,1029,67,11,352,3712,seatgeek
17695157,New York Mets at Chicago Cubs,2026-04-19 18:20:00.000,0.8443072939,0.9284352452,2926,7456,105,17,2385,11,seatgeek
17691256,Los Angeles Dodgers at Colorado Rockies,2026-04-19 19:10:00.000,0.828706573,0.9202844424,890,4055,147,33,1024,7,seatgeek
17691861,Chicago White Sox at Athletics,2026-04-19 20:05:00.000,0.6980083294,0.8624253473,339,1598,83,33,870,317,seatgeek
17692265,San Diego Padres at Los Angeles Angels,2026-04-19 20:07:00.000,0.8250085219000001,0.9182892776,743,3371,109,20,1635,28,seatgeek
17691708,Texas Rangers at Seattle Mariners,2026-04-19 20:10:00.000,0.7895175587000001,0.9029098363,1007,4703,135,21,11303,13,seatgeek
17692428,Toronto Blue Jays at Arizona Diamondbacks,2026-04-19 20:10:00.000,0.8082454611000001,0.9125069873,1643,7440,123,32,889,30,seatgeek
17693957,Atlanta Braves at Philadelphia Phillies,2026-04-19 23:20:00.000,0.8112861298,0.9663089638,1525,3767,40,10,289,18,seatgeek
17692791,Detroit Tigers at Boston Red Sox,2026-04-20 15:10:00.000,0.85969739,0.9578174941,1548,4126,213,54,1724,21,seatgeek
17692955,Houston Astros at Cleveland Guardians,2026-04-20 22:10:00.000,0.6158230315000001,0.8605866846,392,1386,79,22,505,6,seatgeek
17693447,St. Louis Cardinals at Miami Marlins,2026-04-20 22:40:00.000,0.60936937,0.8576965823,300,1254,57,15,833,6371,seatgeek
17696318,Cincinnati Reds at Tampa Bay Rays,2026-04-20 22:40:00.000,0.6896484978,0.89364462,100,334,75,24,204,4,seatgeek
17694985,Atlanta Braves at Washington Nationals,2026-04-20 22:45:00.000,0.7163272737,0.9055901738,387,1242,63,12,524,3713,seatgeek
17695161,Philadelphia Phillies at Chicago Cubs,2026-04-20 23:40:00.000,0.7733879975,0.9311387133,1890,5348,50,7,1276,11,seatgeek
17696151,Baltimore Orioles at Kansas City Royals,2026-04-20 23:40:00.000,0.6700735467000001,0.8848796354,189,871,65,10,685,3714,seatgeek
17691257,Los Angeles Dodgers at Colorado Rockies,2026-04-21 00:40:00.000,0.7408626175,0.9144057758,447,1955,121,24,572,7,seatgeek
17692266,Toronto Blue Jays at Los Angeles Angels,2026-04-21 01:38:00.000,0.7080491619,0.8959705855000001,703,2886,71,16,548,28,seatgeek
17691709,Athletics at Seattle Mariners,2026-04-21 01:40:00.000,0.655766494,0.8729724679,487,2286,75,16,997,13,seatgeek
17692957,Houston Astros at Cleveland Guardians,2026-04-21 22:10:00.000,0.6890780837,0.8998622361,221,784,92,39,172,6,seatgeek
17693116,Milwaukee Brewers at Detroit Tigers,2026-04-21 22:40:00.000,0.7173213466,0.9125546227,384,1196,49,10,457,12,seatgeek
17693450,St. Louis Cardinals at Miami Marlins,2026-04-21 22:40:00.000,0.6517492614,0.8830862097000001,276,1286,45,14,294,6371,seatgeek
17696319,Cincinnati Reds at Tampa Bay Rays,2026-04-21 22:40:00.000,0.6947417486,0.9024074867,135,616,73,22,367,4,seatgeek
17692794,New York Yankees at Boston Red Sox,2026-04-21 22:45:00.000,0.8597737772,0.976569369,547,1346,111,45,855,21,seatgeek
17694986,Atlanta Braves at Washington Nationals,2026-04-21 22:45:00.000,0.7516024216,0.9279600224,407,1782,71,14,833,3713,seatgeek
17693761,Minnesota Twins at New York Mets,2026-04-21 23:10:00.000,0.7489409197,0.9267639938,1447,8032,41,11,1478,3,seatgeek
17695162,Philadelphia Phillies at Chicago Cubs,2026-04-21 23:40:00.000,0.8192149261,0.9583434273,1144,3473,68,11,1281,11,seatgeek
17696152,Baltimore Orioles at Kansas City Royals,2026-04-21 23:40:00.000,0.6859835333000001,0.8984715388000001,193,944,74,26,572,3714,seatgeek
17695796,Pittsburgh Pirates at Texas Rangers,2026-04-22 00:05:00.000,0.7297950497,0.9178362354,325,1127,61,13,634,487468,seatgeek
17691258,San Diego Padres at Colorado Rockies,2026-04-22 00:40:00.000,0.6484963506,0.8792137954,400,2037,76,13,551,7,seatgeek
17692268,Toronto Blue Jays at Los Angeles Angels,2026-04-22 01:38:00.000,0.6754474835000001,0.8881349633000001,826,3064,51,9,544,28,seatgeek
17691710,Athletics at Seattle Mariners,2026-04-22 01:40:00.000,0.6851364082,0.8924338973,532,2637,69,13,1074,13,seatgeek
17692430,Chicago White Sox at Arizona Diamondbacks,2026-04-22 01:40:00.000,0.7073035892,0.9024830546,566,2824,67,18,517,30,seatgeek
17692016,Los Angeles Dodgers at San Francisco Giants,2026-04-22 01:45:00.000,0.8315068109,0.9579359082,767,2025,174,33,2274,22,seatgeek
17693452,St. Louis Cardinals at Miami Marlins,2026-04-22 16:10:00.000,0.6485275329,0.8484349193,416,1930,78,11,2246,6371,seatgeek
17692960,Houston Astros at Cleveland Guardians,2026-04-22 17:10:00.000,0.671103388,0.8582133633,415,1353,113,22,762,6,seatgeek
17696320,Cincinnati Reds at Tampa Bay Rays,2026-04-22 17:10:00.000,0.6966951624000001,0.8683549802,271,1305,104,24,970,4,seatgeek
17696155,Baltimore Orioles at Kansas City Royals,2026-04-22 18:10:00.000,0.6896771312000001,0.8651904038,427,1631,73,11,569,3714,seatgeek
17692270,Toronto Blue Jays at Los Angeles Angels,2026-04-22 19:07:00.000,0.6944631752,0.8649349089,1503,6368,63,8,11303,28,seatgeek
17691714,Athletics at Seattle Mariners,2026-04-22 20:10:00.000,0.7174713618,0.8735946361,1826,9830,94,11,3445,13,seatgeek
17693118,Milwaukee Brewers at Detroit Tigers,2026-04-22 22:40:00.000,0.7083865637,0.9070114074,399,1120,40,11,401,12,seatgeek
17692795,New York Yankees at Boston Red Sox,2026-04-22 22:45:00.000,0.853743314,0.9726113622,663,1616,93,27,657,21,seatgeek
17694988,Atlanta Braves at Washington Nationals,2026-04-22 22:45:00.000,0.7406052837,0.9215521202,307,897,71,13,524,3713,seatgeek
17693764,Minnesota Twins at New York Mets,2026-04-22 23:10:00.000,0.7329654203,0.9181041791,1592,8315,36,9,1565,3,seatgeek
17695165,Philadelphia Phillies at Chicago Cubs,2026-04-22 23:40:00.000,0.787117262,0.9425431696,1249,3382,65,11,1599,11,seatgeek
17695799,Pittsburgh Pirates at Texas Rangers,2026-04-23 00:05:00.000,0.7265386396,0.914886167,271,1011,74,19,634,487468,seatgeek
17691259,San Diego Padres at Colorado Rockies,2026-04-23 00:40:00.000,0.6509637739,0.8787685776,258,1181,92,19,447,7,seatgeek
17692433,Chicago White Sox at Arizona Diamondbacks,2026-04-23 01:40:00.000,0.7016258059,0.8984649314,468,2522,74,22,452,30,seatgeek
17692017,Los Angeles Dodgers at San Francisco Giants,2026-04-23 01:45:00.000,0.8493947386,0.9648779365,396,1161,221,73,1209,22,seatgeek
17694992,Atlanta Braves at Washington Nationals,2026-04-23 17:05:00.000,0.7329284934,0.8853416249,525,2064,91,16,1391,3713,seatgeek
17693119,Milwaukee Brewers at Detroit Tigers,2026-04-23 17:10:00.000,0.7460039708,0.8911302452000001,766,2202,91,15,1793,12,seatgeek
17695166,Philadelphia Phillies at Chicago Cubs,2026-04-23 18:20:00.000,0.8125890719000001,0.920210603,2488,6155,92,11,2863,11,seatgeek
17691260,San Diego Padres at Colorado Rockies,2026-04-23 19:10:00.000,0.700095958,0.8685437216,1257,6348,95,16,515,7,seatgeek
17692435,Chicago White Sox at Arizona Diamondbacks,2026-04-23 19:40:00.000,0.7262895576,0.8790048392,1678,8924,97,19,768,30,seatgeek
17692018,Los Angeles Dodgers at San Francisco Giants,2026-04-23 19:45:00.000,0.8760245912,0.9480932025,1220,3460,248,30,2294,22,seatgeek
17692796,New York Yankees at Boston Red Sox,2026-04-23 22:10:00.000,0.853525171,0.9906095797,114,238,188,94,1014,21,seatgeek
17693765,Minnesota Twins at New York Mets,2026-04-23 23:10:00.000,0.7339096258000001,0.9349430896,1203,7070,36,11,1539,3,seatgeek
17695800,Pittsburgh Pirates at Texas Rangers,2026-04-24 00:05:00.000,0.7047338896,0.9210553613,385,1314,59,11,382,487468,seatgeek
17694129,Detroit Tigers at Cincinnati Reds,2026-04-24 22:40:00.000,0.7358954937000001,0.9151704847,225,581,114,16,823,26,seatgeek
17694666,Boston Red Sox at Baltimore Orioles,2026-04-24 23:05:00.000,0.7721430804,0.9317131164,249,651,86,31,479,25,seatgeek
17695971,Cleveland Guardians at Toronto Blue Jays,2026-04-24 23:07:00.000,0.7546441582000001,0.9237270027,96,249,193,43,2789,17,seatgeek
17693768,Colorado Rockies at New York Mets,2026-04-24 23:10:00.000,0.7483103265000001,0.9208363742,1519,8218,42,8,2505,3,seatgeek
17696324,Minnesota Twins at Tampa Bay Rays,2026-04-24 23:10:00.000,0.6910123914,0.8946864154,112,361,87,28,284,4,seatgeek
17692636,Philadelphia Phillies at Atlanta Braves,2026-04-24 23:15:00.000,0.8102232669,0.9490919445,449,1091,231,35,4027,418889,seatgeek
17695315,Washington Nationals at Chicago White Sox,2026-04-24 23:40:00.000,0.6677571883,0.8840727782000001,627,3442,67,15,412,3715,seatgeek
17695485,Pittsburgh Pirates at Milwaukee Brewers,2026-04-24 23:40:00.000,0.7256564669000001,0.9104975691,157,446,69,19,346,15,seatgeek
17696156,Los Angeles Angels at Kansas City Royals,2026-04-24 23:40:00.000,0.7108632779,0.9037461704,126,504,77,29,498,3714,seatgeek
17695802,Athletics at Texas Rangers,2026-04-25 00:05:00.000,0.7514281436,0.9219552748,243,886,92,21,4024,487468,seatgeek
17693286,New York Yankees at Houston Astros,2026-04-25 00:10:00.000,0.8153716551,0.9508439266,436,1230,121,40,1378,20,seatgeek
17693608,Seattle Mariners at St. Louis Cardinals,2026-04-25 00:15:00.000,0.7123116781000001,0.9035556149,326,954,81,25,515,27,seatgeek
17691382,Chicago Cubs at Los Angeles Dodgers,2026-04-25 02:15:00.000,0.8382656283000001,0.9547892819,938,2619,268,107,3373,1,seatgeek
17692019,Miami Marlins at San Francisco Giants,2026-04-25 02:15:00.000,0.7616562663,0.9195827384,797,2434,118,44,1139,22,seatgeek
17694669,Boston Red Sox at Baltimore Orioles,2026-04-25 16:05:00.000,0.8217102076,0.9184598682,613,2225,96,22,1026,25,seatgeek
17693610,Seattle Mariners at St. Louis Cardinals,2026-04-25 18:15:00.000,0.7553935493,0.8919051394,710,1901,139,25,1982,27,seatgeek
17695972,Cleveland Guardians at Toronto Blue Jays,2026-04-25 19:07:00.000,0.7614864448,0.8937843539,603,1473,231,35,1801,17,seatgeek
17692020,Miami Marlins at San Francisco Giants,2026-04-25 20:05:00.000,0.8185089911000001,0.9173842641,1184,3295,163,30,2438,22,seatgeek
17693769,Colorado Rockies at New York Mets,2026-04-25 20:10:00.000,0.7596164344,0.8889920477000001,2427,9972,99,13,2437,3,seatgeek
17695319,Washington Nationals at Chicago White Sox,2026-04-25 20:10:00.000,0.7413211376000001,0.8820523031,1198,6310,145,27,11536,3715,seatgeek
17696325,Minnesota Twins at Tampa Bay Rays,2026-04-25 20:10:00.000,0.7168639059,0.8701085826,381,1805,116,33,990,4,seatgeek
17695804,Athletics at Texas Rangers,2026-04-25 23:05:00.000,0.8450634687,0.9242787389,138,345,120,34,376,487468,seatgeek
17693288,New York Yankees at Houston Astros,2026-04-25 23:10:00.000,0.8837981081,0.943265034,286,733,113,26,577,20,seatgeek
17695486,Pittsburgh Pirates at Milwaukee Brewers,2026-04-25 23:10:00.000,0.784310769,0.8966672478000001,99,304,185,36,2293,15,seatgeek
17696157,Los Angeles Angels at Kansas City Royals,2026-04-25 23:10:00.000,0.7284733366,0.8708925318,106,539,102,33,447,3714,seatgeek
17691383,Chicago Cubs at Los Angeles Dodgers,2026-04-25 23:15:00.000,0.903651358,0.9532788521,480,1372,557,108,104594,1,seatgeek
17692637,Philadelphia Phillies at Atlanta Braves,2026-04-25 23:15:00.000,0.8405504293,0.9233597979,349,897,249,33,3502,418889,seatgeek
17694130,Detroit Tigers at Cincinnati Reds,2026-04-25 23:15:00.000,0.7971565072,0.9021649177,40,123,104,38,657,26,seatgeek
17692638,Philadelphia Phillies at Atlanta Braves,2026-04-26 17:35:00.000,0.8292097064,0.9073892175,875,2539,158,23,11536,418889,seatgeek
17694670,Boston Red Sox at Baltimore Orioles,2026-04-26 17:35:00.000,0.7941526928,0.8887357185,451,1415,78,16,497,25,seatgeek
17695975,Cleveland Guardians at Toronto Blue Jays,2026-04-26 17:37:00.000,0.7593575243,0.8771141011,711,1665,151,19,1460,17,seatgeek
17693772,Colorado Rockies at New York Mets (DH),2026-04-26 17:40:00.000,0.7840347755,0.887391642,1878,8183,68,11,11303,3,seatgeek
17694134,Detroit Tigers at Cincinnati Reds,2026-04-26 17:40:00.000,0.7580626635000001,0.8721469823,303,1029,131,30,1704,26,seatgeek
17696330,Minnesota Twins at Tampa Bay Rays,2026-04-26 17:40:00.000,0.6939854023,0.8437833966,368,1430,118,31,1483,4,seatgeek
17693289,New York Yankees at Houston Astros,2026-04-26 18:10:00.000,0.8699509223,0.9236900031,938,2446,209,40,1509,20,seatgeek
17695321,Washington Nationals at Chicago White Sox,2026-04-26 18:10:00.000,0.6957188466,0.847099077,1557,8355,75,10,506,3715,seatgeek
17695488,Pittsburgh Pirates at Milwaukee Brewers,2026-04-26 18:10:00.000,0.7238841005000001,0.8565701265000001,367,1404,64,16,392,15,seatgeek
17693611,Seattle Mariners at St. Louis Cardinals,2026-04-26 18:15:00.000,0.7472448172,0.8690268663,686,1855,86,17,870,27,seatgeek
17695806,Athletics at Texas Rangers,2026-04-26 18:35:00.000,0.816818492,0.8987795224,614,1970,142,24,1730,487468,seatgeek
17692021,Miami Marlins at San Francisco Giants,2026-04-26 20:05:00.000,0.8315516587,0.9059012074,1041,2225,495,36,182686,22,seatgeek
17691384,Chicago Cubs at Los Angeles Dodgers,2026-04-26 20:10:00.000,0.8857148615,0.9318810916,1543,4060,294,61,10279,1,seatgeek
17696160,Los Angeles Angels at Kansas City Royals,2026-04-26 23:20:00.000,0.673754407,0.8268493244,497,1739,90,14,1226,3714,seatgeek
17692962,Tampa Bay Rays at Cleveland Guardians,2026-04-27 22:10:00.000,0.6366823502,0.878854656,220,758,71,28,174,6,seatgeek
17694832,St. Louis Cardinals at Pittsburgh Pirates,2026-04-27 22:40:00.000,0.6423300156,0.881508008,312,1106,91,19,842,10,seatgeek
17695977,Boston Red Sox at Toronto Blue Jays,2026-04-27 23:07:00.000,0.7329705794,0.924090437,205,427,117,19,982,17,seatgeek
17695322,Los Angeles Angels at Chicago White Sox,2026-04-27 23:40:00.000,0.5887314356000001,0.8563256283,995,5242,58,7,1450,3715,seatgeek
17695647,Seattle Mariners at Minnesota Twins,2026-04-27 23:40:00.000,0.5808942193000001,0.8526431946,204,607,56,8,401,3712,seatgeek
17695809,New York Yankees at Texas Rangers,2026-04-28 00:05:00.000,0.7643053098,0.9385069372,332,1074,147,36,1510,487468,seatgeek
17692112,Chicago Cubs at San Diego Padres,2026-04-28 01:40:00.000,0.7459888445,0.9248015435,739,1943,117,22,2288,24,seatgeek
17691385,Miami Marlins at Los Angeles Dodgers,2026-04-28 02:10:00.000,0.7509032079,0.925507718,1540,5486,219,49,91521,1,seatgeek
17692963,Tampa Bay Rays at Cleveland Guardians,2026-04-28 22:10:00.000,0.6378880062,0.8358670022,150,470,64,31,136,6,seatgeek
17694673,Houston Astros at Baltimore Orioles,2026-04-28 22:35:00.000,0.6744769487000001,0.8542306547,226,656,57,11,476,25,seatgeek
17693958,San Francisco Giants at Philadelphia Phillies,2026-04-28 22:40:00.000,0.7644509205000001,0.8975908351,506,1263,62,14,407,18,seatgeek
17694131,Colorado Rockies at Cincinnati Reds,2026-04-28 22:40:00.000,0.6704161653,0.8516355786,122,369,120,22,544,26,seatgeek
17694833,St. Louis Cardinals at Pittsburgh Pirates,2026-04-28 22:40:00.000,0.6504398435000001,0.8431069116000001,289,1155,92,16,469,10,seatgeek
17695978,Boston Red Sox at Toronto Blue Jays,2026-04-28 23:07:00.000,0.7562159799,0.8941732274,225,519,183,30,5789,17,seatgeek
17693773,Washington Nationals at New York Mets,2026-04-28 23:10:00.000,0.7060789211,0.8670702375,1536,8053,38,7,1172,3,seatgeek
17692639,Detroit Tigers at Atlanta Braves,2026-04-28 23:15:00.000,0.7253249575,0.8771911693000001,629,2033,75,10,580,418889,seatgeek
17695325,Los Angeles Angels at Chicago White Sox,2026-04-28 23:40:00.000,0.6003350169,0.8169102445,586,2985,77,16,1016,3715,seatgeek
17695491,Arizona Diamondbacks at Milwaukee Brewers,2026-04-28 23:40:00.000,0.6288911378,0.8302856446,138,424,37,7,375,15,seatgeek
17695651,Seattle Mariners at Minnesota Twins,2026-04-28 23:40:00.000,0.6226005995,0.8264388711,150,402,74,13,534,3712,seatgeek
17695811,New York Yankees at Texas Rangers,2026-04-29 00:05:00.000,0.7968260206000001,0.9217360895,330,898,119,28,806,487468,seatgeek
17691863,Kansas City Royals at Athletics,2026-04-29 01:40:00.000,0.6314429862000001,0.8409346759,328,1828,35,8,288,317,seatgeek
17692114,Chicago Cubs at San Diego Padres,2026-04-29 01:40:00.000,0.7838149276,0.9137891254,669,1714,122,28,2274,24,seatgeek
17691386,Miami Marlins at Los Angeles Dodgers,2026-04-29 02:10:00.000,0.7830563722,0.9132312244,1539,5261,155,42,2126,1,seatgeek
17692964,Tampa Bay Rays at Cleveland Guardians,2026-04-29 17:10:00.000,0.6342801074000001,0.8144632339000001,485,1501,87,19,591,6,seatgeek
17695327,Los Angeles Angels at Chicago White Sox,2026-04-29 17:10:00.000,0.6011545856,0.807803362,1580,8733,61,10,443,3715,seatgeek
17695652,Seattle Mariners at Minnesota Twins,2026-04-29 17:40:00.000,0.6305427262000001,0.8189277777,197,686,65,12,401,3712,seatgeek
17695812,New York Yankees at Texas Rangers,2026-04-29 18:35:00.000,0.8355451998000001,0.914970817,713,2144,223,19,2688,487468,seatgeek
17695981,Boston Red Sox at Toronto Blue Jays,2026-04-29 19:07:00.000,0.7344826963000001,0.8693950415,1163,2864,113,12,1634,17,seatgeek
17691392,Miami Marlins at Los Angeles Dodgers,2026-04-29 19:10:00.000,0.8102133076,0.9053469756,2327,6221,200,44,5711,1,seatgeek
17692115,Chicago Cubs at San Diego Padres,2026-04-29 20:10:00.000,0.7853199281000001,0.8925618529,1634,4153,143,17,11772,24,seatgeek
17694674,Houston Astros at Baltimore Orioles,2026-04-29 22:35:00.000,0.6853881965,0.8355757438,433,1609,48,11,515,25,seatgeek
17694133,Colorado Rockies at Cincinnati Reds,2026-04-29 22:40:00.000,0.6197257728000001,0.8881332188000001,103,357,87,21,486,26,seatgeek
17694834,St. Louis Cardinals at Pittsburgh Pirates,2026-04-29 22:40:00.000,0.5909954626,0.8741307962,359,1465,57,8,447,10,seatgeek
17693776,Washington Nationals at New York Mets,2026-04-29 23:10:00.000,0.6521591058,0.9039397228,1496,8199,37,10,1315,3,seatgeek
17692644,Detroit Tigers at Atlanta Braves,2026-04-29 23:15:00.000,0.7147756205,0.934454987,302,1081,70,14,794,418889,seatgeek
17695493,Arizona Diamondbacks at Milwaukee Brewers,2026-04-29 23:40:00.000,0.5727209911,0.8652238502,300,1058,46,10,626,15,seatgeek
17691864,Kansas City Royals at Athletics,2026-04-30 01:40:00.000,0.5745436068,0.8601944998000001,245,1238,50,15,838,317,seatgeek
17692645,Detroit Tigers at Atlanta Braves,2026-04-30 16:15:00.000,0.7009788774,0.895641467,1149,4573,73,11,998,418889,seatgeek
17693960,San Francisco Giants at Philadelphia Phillies,2026-04-30 16:35:00.000,0.7221792109,0.9059914567,2045,5157,113,14,7427,18,seatgeek
17694681,Houston Astros at Baltimore Orioles (DH),2026-04-30 16:35:00.000,0.6471058913000001,0.8679585364,242,861,38,16,476,25,seatgeek
17694839,St. Louis Cardinals at Pittsburgh Pirates,2026-04-30 16:35:00.000,0.6298205892000001,0.8604919121,290,1366,76,28,585,10,seatgeek
17694132,Colorado Rockies at Cincinnati Reds,2026-04-30 16:40:00.000,0.6230558699000001,0.8567644476,217,708,69,17,602,26,seatgeek
17693777,Washington Nationals at New York Mets,2026-04-30 17:10:00.000,0.6758623781,0.882856192,2103,8525,54,10,1724,3,seatgeek
17695494,Arizona Diamondbacks at Milwaukee Brewers,2026-04-30 17:40:00.000,0.6151231528000001,0.8527422157000001,254,1104,60,12,394,15,seatgeek
17691868,Kansas City Royals at Athletics,2026-04-30 19:05:00.000,0.6139351119,0.8495286198,426,2092,58,10,1170,317,seatgeek
17693959,San Francisco Giants at Philadelphia Phillies (Rescheduled from 4/29/26),2026-04-30 21:35:00.000,0.6834935517,0.919210249,1455,4347,43,7,259,18,seatgeek
17695655,Toronto Blue Jays at Minnesota Twins,2026-04-30 23:40:00.000,0.6045076497,0.8351103759,221,743,59,11,352,3712,seatgeek
17695169,Arizona Diamondbacks at Chicago Cubs,2026-05-01 18:20:00.000,0.769376408,0.9081380194,2666,6520,100,14,11730,11,seatgeek
17693122,Texas Rangers at Detroit Tigers,2026-05-01 22:40:00.000,0.6950690264,0.9232506078,654,1925,38,13,345,12,seatgeek
17694841,Cincinnati Reds at Pittsburgh Pirates,2026-05-01 22:45:00.000,0.6422100846000001,0.897720058,331,1299,52,12,379,10,seatgeek
17694994,Milwaukee Brewers at Washington Nationals,2026-05-01 22:45:00.000,0.7020197664000001,0.9266077083,202,630,59,20,264,3713,seatgeek
17691533,Baltimore Orioles at New York Yankees,2026-05-01 23:05:00.000,0.7532755893,0.9513632135,344,1041,79,17,855,8,seatgeek
17692800,Houston Astros at Boston Red Sox,2026-05-01 23:10:00.000,0.7534189871,0.9514324712,370,902,97,44,458,21,seatgeek
17693453,Philadelphia Phillies at Miami Marlins,2026-05-01 23:10:00.000,0.6578760314000001,0.9052867282,314,1110,72,22,833,6371,seatgeek
17696331,San Francisco Giants at Tampa Bay Rays,2026-05-01 23:10:00.000,0.6411460083,0.8972061035000001,271,1222,44,19,288,4,seatgeek
17695656,Toronto Blue Jays at Minnesota Twins,2026-05-02 00:10:00.000,0.5905866933,0.8721693949,218,788,51,17,316,3712,seatgeek
17693613,Los Angeles Dodgers at St. Louis Cardinals,2026-05-02 00:15:00.000,0.7181349471,0.9335729271,304,780,75,25,1763,27,seatgeek
17691261,Atlanta Braves at Colorado Rockies,2026-05-02 00:40:00.000,0.6532993042,0.900782115,381,1731,72,19,871,7,seatgeek
17692271,New York Mets at Los Angeles Angels,2026-05-02 01:38:00.000,0.7226710806000001,0.9310028165,573,2389,82,17,871,28,seatgeek
17691870,Cleveland Guardians at Athletics,2026-05-02 01:40:00.000,0.660705976,0.9011561017,117,526,106,45,1045,317,seatgeek
17692117,Chicago White Sox at San Diego Padres,2026-05-02 01:40:00.000,0.7536463548,0.945929302,564,1390,128,38,1170,24,seatgeek
17691715,Kansas City Royals at Seattle Mariners,2026-05-02 01:45:00.000,0.7053034446,0.922499504,407,1767,99,28,799,13,seatgeek
17691534,Baltimore Orioles at New York Yankees,2026-05-02 17:35:00.000,0.7868646483,0.9363741151,1057,5102,272,49,116504,8,seatgeek
17695658,Toronto Blue Jays at Minnesota Twins,2026-05-02 18:10:00.000,0.6740906718,0.8793789532,275,1102,63,21,435,3712,seatgeek
17695170,Arizona Diamondbacks at Chicago Cubs,2026-05-02 18:20:00.000,0.8187625391000001,0.9483808175,1324,3781,120,24,1953,11,seatgeek
17691871,Cleveland Guardians at Athletics,2026-05-02 20:05:00.000,0.6829545271,0.8816696407,322,1558,84,39,458,317,seatgeek
17694842,Cincinnati Reds at Pittsburgh Pirates,2026-05-02 20:05:00.000,0.7167589725,0.8975375816000001,518,2083,93,28,576,10,seatgeek
17694996,Milwaukee Brewers at Washington Nationals,2026-05-02 20:05:00.000,0.7502707875,0.912741967,613,2715,84,24,1120,3713,seatgeek
17692801,Houston Astros at Boston Red Sox,2026-05-02 20:10:00.000,0.7869842752,0.9319213314,1049,3151,153,40,1536,21,seatgeek
17693454,Philadelphia Phillies at Miami Marlins,2026-05-02 20:10:00.000,0.686329723,0.8822416294000001,539,2357,69,19,1491,6371,seatgeek
17696334,San Francisco Giants at Tampa Bay Rays,2026-05-02 22:10:00.000,0.7014210398,0.9062812479,75,342,67,22,146,4,seatgeek
17693123,Texas Rangers at Detroit Tigers,2026-05-02 23:15:00.000,0.7234811597,0.9165216718,655,1840,41,12,316,12,seatgeek
17693614,Los Angeles Dodgers at St. Louis Cardinals,2026-05-02 23:15:00.000,0.7864380653,0.9457461419,276,865,86,33,628,27,seatgeek
17691262,Atlanta Braves at Colorado Rockies,2026-05-03 00:10:00.000,0.7106461302,0.9100356026,325,1503,101,25,577,7,seatgeek
17692121,Chicago White Sox at San Diego Padres,2026-05-03 00:40:00.000,0.7726882921,0.9371273563,433,1065,139,41,884,24,seatgeek
17692275,New York Mets at Los Angeles Angels,2026-05-03 01:38:00.000,0.7060054488,0.9032434968,1117,6790,36,7,630,28,seatgeek
17691718,Kansas City Royals at Seattle Mariners,2026-05-03 01:40:00.000,0.7696979228,0.9329347433,348,1331,113,25,1112,13,seatgeek
17695659,Toronto Blue Jays at Minnesota Twins,2026-05-03 16:45:00.000,0.6668037636,0.8591414018,209,775,57,17,373,3712,seatgeek
17691535,Baltimore Orioles at New York Yankees,2026-05-03 17:35:00.000,0.7977581274000001,0.9198688356,1243,6059,156,22,11758,8,seatgeek
17692804,Houston Astros at Boston Red Sox,2026-05-03 17:35:00.000,0.7862514037,0.9138040411,1010,2871,127,27,1223,21,seatgeek
17694844,Cincinnati Reds at Pittsburgh Pirates,2026-05-03 17:35:00.000,0.6832868208,0.8643174386,480,2309,91,33,745,10,seatgeek
17694997,Milwaukee Brewers at Washington Nationals,2026-05-03 17:35:00.000,0.7292177117,0.8860472129,526,2284,70,16,859,3713,seatgeek
17693458,Philadelphia Phillies at Miami Marlins,2026-05-03 17:40:00.000,0.6887899719,0.866715185,444,1703,69,17,1809,6371,seatgeek
17696336,San Francisco Giants at Tampa Bay Rays,2026-05-03 17:40:00.000,0.6651029897,0.8564761823,263,958,97,27,674,4,seatgeek
17693616,Los Angeles Dodgers at St. Louis Cardinals,2026-05-03 18:15:00.000,0.7836864525,0.9117424574,581,1778,116,26,1565,27,seatgeek
17695171,Arizona Diamondbacks at Chicago Cubs,2026-05-03 18:20:00.000,0.8182350344,0.9252664149,1418,4155,108,22,11762,11,seatgeek
17691263,Atlanta Braves at Colorado Rockies,2026-05-03 19:10:00.000,0.7371204665000001,0.8881205808,1281,6317,110,22,556,7,seatgeek
17691873,Cleveland Guardians at Athletics,2026-05-03 20:05:00.000,0.6907516352,0.8674269166,285,1396,88,27,1431,317,seatgeek
17692277,New York Mets at Los Angeles Angels,2026-05-03 20:07:00.000,0.7214808617,0.8790059151,1296,5207,75,9,11303,28,seatgeek
17691720,Kansas City Royals at Seattle Mariners,2026-05-03 20:10:00.000,0.7721588248,0.9034984298,658,3238,100,21,720,13,seatgeek
17692123,Chicago White Sox at San Diego Padres,2026-05-03 20:10:00.000,0.7926349306,0.9119393143,707,1848,132,31,11772,24,seatgeek
17693124,Texas Rangers at Detroit Tigers,2026-05-03 23:20:00.000,0.6771664128,0.8687035186000001,505,1627,41,10,528,12,seatgeek
17691264,New York Mets at Colorado Rockies,2026-05-04 21:40:00.000,0.6552514182,0.8820334789000001,420,2212,275,13,6505,7,seatgeek
17693128,Boston Red Sox at Detroit Tigers,2026-05-04 22:10:00.000,0.7175457534,0.9107655858,286,705,43,11,231,12,seatgeek
17693459,Philadelphia Phillies at Miami Marlins,2026-05-04 22:40:00.000,0.63497695,0.8726818635,261,967,41,14,424,6371,seatgeek
17696337,Toronto Blue Jays at Tampa Bay Rays,2026-05-04 22:40:00.000,0.6381210213,0.874132087,185,650,49,19,401,4,seatgeek
17691536,Baltimore Orioles at New York Yankees,2026-05-04 23:05:00.000,0.727215201,0.9152253344,639,2795,107,11,1319,8,seatgeek
17695174,Cincinnati Reds at Chicago Cubs,2026-05-04 23:10:00.000,0.7852251468,0.9419804009,902,2429,68,11,1787,11,seatgeek
17696163,Cleveland Guardians at Kansas City Royals,2026-05-04 23:40:00.000,0.6717028507,0.8896215437,177,770,75,28,685,3714,seatgeek
17693620,Milwaukee Brewers at St. Louis Cardinals,2026-05-04 23:45:00.000,0.6656649626000001,0.8868366413000001,284,865,38,13,316,27,seatgeek
17693290,Los Angeles Dodgers at Houston Astros,2026-05-05 00:10:00.000,0.7787623855,0.9384908083,451,1303,99,32,1378,20,seatgeek
17692278,Chicago White Sox at Los Angeles Angels,2026-05-05 01:38:00.000,0.6095781711,0.8551918274,939,3845,37,7,799,28,seatgeek
17691721,Atlanta Braves at Seattle Mariners,2026-05-05 01:40:00.000,0.6840576747,0.8901221633,368,1615,76,17,1034,13,seatgeek
17692022,San Diego Padres at San Francisco Giants,2026-05-05 01:45:00.000,0.7252232467,0.9084942475,1029,3570,89,16,895,22,seatgeek
17693130,Boston Red Sox at Detroit Tigers,2026-05-05 22:40:00.000,0.6616939216000001,0.9104821644,973,3163,31,7,1139,12,seatgeek
17693462,Baltimore Orioles at Miami Marlins,2026-05-05 22:40:00.000,0.6073759935,0.8847048471000001,265,1161,47,13,445,6371,seatgeek
17693967,Athletics at Philadelphia Phillies,2026-05-05 22:40:00.000,0.7654287911000001,0.9597072188,346,858,52,15,214,18,seatgeek
17696338,Toronto Blue Jays at Tampa Bay Rays,2026-05-05 22:40:00.000,0.6364063647,0.8984818913,169,558,41,13,203,4,seatgeek
17695000,Minnesota Twins at Washington Nationals,2026-05-05 22:45:00.000,0.7057987261,0.9314114641,241,774,85,19,833,3713,seatgeek
17691537,Texas Rangers at New York Yankees,2026-05-05 23:05:00.000,0.7359256145,0.9457074054,565,2119,105,13,2192,8,seatgeek
17695175,Cincinnati Reds at Chicago Cubs,2026-05-05 23:40:00.000,0.7555628336,0.9550256499,1761,4889,54,8,11758,11,seatgeek
17696164,Cleveland Guardians at Kansas City Royals,2026-05-05 23:40:00.000,0.6365984138,0.8985730303,330,1158,56,12,480,3714,seatgeek
17693293,Los Angeles Dodgers at Houston Astros,2026-05-06 00:10:00.000,0.8058826289000001,0.9783517957,277,643,121,44,577,20,seatgeek
17692280,Chicago White Sox at Los Angeles Angels,2026-05-06 01:38:00.000,0.607280403,0.8786514704,1157,5022,31,7,452,28,seatgeek
17691722,Atlanta Braves at Seattle Mariners,2026-05-06 01:40:00.000,0.6705481106,0.9091430097,609,3308,75,15,958,13,seatgeek
17692440,Pittsburgh Pirates at Arizona Diamondbacks,2026-05-06 01:40:00.000,0.6915854149,0.918691227,496,2451,65,21,570,30,seatgeek
17692023,San Diego Padres at San Francisco Giants,2026-05-06 01:45:00.000,0.7217651399,0.9328834096,705,1968,74,16,789,22,seatgeek
17696341,Toronto Blue Jays at Tampa Bay Rays,2026-05-06 17:10:00.000,0.6465455504000001,0.8677487583,304,1295,69,20,597,4,seatgeek
17693624,Milwaukee Brewers at St. Louis Cardinals,2026-05-06 17:15:00.000,0.6845283663,0.8850653781000001,448,1414,70,8,1416,27,seatgeek
17693296,Los Angeles Dodgers at Houston Astros,2026-05-06 18:10:00.000,0.8160544982,0.950352014,730,2485,123,28,1248,20,seatgeek
17692024,San Diego Padres at San Francisco Giants,2026-05-06 19:45:00.000,0.7718272592000001,0.9246323066,1192,4077,92,17,11418,22,seatgeek
17692281,Chicago White Sox at Los Angeles Angels,2026-05-06 20:07:00.000,0.6523470914,0.8651073822,1553,6978,40,6,11303,28,seatgeek
17691726,Atlanta Braves at Seattle Mariners,2026-05-06 20:10:00.000,0.7138121455,0.8964422684000001,1192,6785,74,17,710,13,seatgeek
17693131,Boston Red Sox at Detroit Tigers,2026-05-06 22:40:00.000,0.6742932999,0.8900840677,623,2049,39,11,1168,12,seatgeek
17693464,Baltimore Orioles at Miami Marlins,2026-05-06 22:40:00.000,0.6008584318,0.8562362926,248,1090,36,10,363,6371,seatgeek
17693968,Athletics at Philadelphia Phillies,2026-05-06 22:40:00.000,0.7235192508,0.9127718797,1076,2937,39,10,855,18,seatgeek
17695001,Minnesota Twins at Washington Nationals,2026-05-06 22:45:00.000,0.6493214312000001,0.8785743936,296,1109,51,12,241,3713,seatgeek
17691538,Texas Rangers at New York Yankees,2026-05-06 23:05:00.000,0.7071671866,0.9052354334,1277,4962,60,7,11759,8,seatgeek
17695176,Cincinnati Reds at Chicago Cubs,2026-05-06 23:40:00.000,0.7803189409,0.9389497258,1205,3215,44,10,1227,11,seatgeek
17696167,Cleveland Guardians at Kansas City Royals,2026-05-06 23:40:00.000,0.6159843062,0.8632085054,305,1120,42,13,515,3714,seatgeek
17691266,New York Mets at Colorado Rockies,2026-05-07 01:20:00.000,0.5991185163,0.8504088108000001,647,3404,191,7,1523,7,seatgeek
17692442,Pittsburgh Pirates at Arizona Diamondbacks,2026-05-07 01:40:00.000,0.7151139992000001,0.9031901353,296,1723,69,32,345,30,seatgeek
17691539,Texas Rangers at New York Yankees,2026-05-07 16:35:00.000,0.714728077,0.8802250679,1464,6332,105,8,2177,8,seatgeek
17695004,Minnesota Twins at Washington Nationals,2026-05-07 17:05:00.000,0.6760908101,0.8563926109000001,429,2150,61,17,859,3713,seatgeek
17696168,Cleveland Guardians at Kansas City Royals,2026-05-07 18:10:00.000,0.6479462725,0.8435540916000001,320,1178,53,10,572,3714,seatgeek
17695181,Cincinnati Reds at Chicago Cubs,2026-05-07 18:20:00.000,0.7818516924000001,0.9054353539,1735,4975,56,8,11763,11,seatgeek
17691265,New York Mets at Colorado Rockies (Rescheduled from 5/5),2026-05-07 19:10:00.000,0.689092636,0.8616179288,458,1959,45,12,907,7,seatgeek
17692445,Pittsburgh Pirates at Arizona Diamondbacks,2026-05-07 19:40:00.000,0.6911567985,0.8606169963,1125,6493,86,20,765,30,seatgeek
17693465,Baltimore Orioles at Miami Marlins,2026-05-07 22:40:00.000,0.6288127967,0.8268550446,502,2336,55,10,3266,6371,seatgeek
17693969,Athletics at Philadelphia Phillies,2026-05-07 22:40:00.000,0.7955472635,0.9064489798,883,2622,61,20,345,18,seatgeek
17692806,Tampa Bay Rays at Boston Red Sox,2026-05-07 23:10:00.000,0.7812913623000001,0.8990578362,1121,3569,190,22,117668,21,seatgeek
17692124,St. Louis Cardinals at San Diego Padres,2026-05-08 02:10:00.000,0.8267588686,0.9252206613,755,2538,162,52,11772,24,seatgeek
17694141,Houston Astros at Cincinnati Reds,2026-05-08 22:10:00.000,0.7827184417,0.8788379541,742,3800,81,16,506,26,seatgeek
17693970,Colorado Rockies at Philadelphia Phillies,2026-05-08 22:40:00.000,0.831007338,0.9046431333,1047,3271,83,33,471,18,seatgeek
17694682,Athletics at Baltimore Orioles,2026-05-08 23:05:00.000,0.8428744126000001,0.9090407363,524,1936,92,35,855,25,seatgeek
17695982,Los Angeles Angels at Toronto Blue Jays,2026-05-08 23:07:00.000,0.8231147557,0.8992333031,471,1543,233,51,2958,17,seatgeek
17692808,Tampa Bay Rays at Boston Red Sox,2026-05-08 23:10:00.000,0.8172114858,0.8984422631000001,1397,4904,106,28,969,21,seatgeek
17693466,Washington Nationals at Miami Marlins,2026-05-08 23:10:00.000,0.6363236223000001,0.8087658757,600,3087,66,10,5546,6371,seatgeek
17692967,Minnesota Twins at Cleveland Guardians,2026-05-08 23:15:00.000,0.7662211047,0.8684563253,719,3112,95,30,501,6,seatgeek
17695328,Seattle Mariners at Chicago White Sox,2026-05-08 23:40:00.000,0.7303997025000001,0.858389678,2756,15907,79,14,1282,3715,seatgeek
17695497,New York Yankees at Milwaukee Brewers,2026-05-08 23:40:00.000,0.8183408516,0.8960106641000001,890,3977,83,19,5679,15,seatgeek
17696169,Detroit Tigers at Kansas City Royals,2026-05-08 23:40:00.000,0.7684502231,0.8747064466000001,398,1612,148,37,799,3714,seatgeek
17695813,Chicago Cubs at Texas Rangers,2026-05-09 00:05:00.000,0.8329157206000001,0.9093857313,884,4418,172,43,2717,487468,seatgeek
17692447,New York Mets at Arizona Diamondbacks,2026-05-09 01:40:00.000,0.7673710013,0.8767327086000001,2421,14964,107,33,1138,30,seatgeek
17692126,St. Louis Cardinals at San Diego Padres,2026-05-09 01:45:00.000,0.8057130064,0.8926882773,1218,4037,110,34,1861,24,seatgeek
17691394,Atlanta Braves at Los Angeles Dodgers,2026-05-09 02:10:00.000,0.8906271786000001,0.9325536847,1527,6026,343,112,11214,1,seatgeek
17692025,Pittsburgh Pirates at San Francisco Giants,2026-05-09 02:15:00.000,0.8208707768,0.8977819198,774,2115,160,62,2530,22,seatgeek
17695983,Los Angeles Angels at Toronto Blue Jays,2026-05-09 19:07:00.000,0.8128492078,0.8820982315,390,1266,165,55,3059,17,seatgeek
17694683,Athletics at Baltimore Orioles,2026-05-09 20:05:00.000,0.8266230156000001,0.8842388487,545,2081,79,33,549,25,seatgeek
17693470,Washington Nationals at Miami Marlins,2026-05-09 20:10:00.000,0.6689469676,0.8086002899,651,3189,53,12,570,6371,seatgeek
17694142,Houston Astros at Cincinnati Reds,2026-05-09 20:10:00.000,0.8116294059,0.8774379501,476,1970,95,28,628,26,seatgeek
17693971,Colorado Rockies at Philadelphia Phillies,2026-05-09 22:05:00.000,0.7841743375,0.9543333829,455,1008,55,15,509,18,seatgeek
17692970,Minnesota Twins at Cleveland Guardians,2026-05-09 22:10:00.000,0.7476713523,0.9372409453,347,1270,87,45,182,6,seatgeek
17695817,Chicago Cubs at Texas Rangers,2026-05-09 23:05:00.000,0.8372805894,0.9792000639,134,330,134,49,548,487468,seatgeek
17695329,Seattle Mariners at Chicago White Sox,2026-05-09 23:10:00.000,0.7140813495,0.921512331,432,2729,93,28,355,3715,seatgeek
17695498,New York Yankees at Milwaukee Brewers,2026-05-09 23:10:00.000,0.7757808661000001,0.9504031723,318,940,59,16,855,15,seatgeek
17696173,Detroit Tigers at Kansas City Royals,2026-05-09 23:10:00.000,0.7137044823,0.9213358605,149,699,93,38,549,3714,seatgeek
17692128,St. Louis Cardinals at San Diego Padres,2026-05-09 23:15:00.000,0.7989200633,0.9612379978,487,1098,83,23,1592,24,seatgeek
17692448,New York Mets at Arizona Diamondbacks,2026-05-09 23:15:00.000,0.7778264413,0.9513610056,450,2046,85,30,316,30,seatgeek
17692027,Pittsburgh Pirates at San Francisco Giants,2026-05-10 01:05:00.000,0.762867798,0.9406297103,432,966,123,33,12217,22,seatgeek
17691395,Atlanta Braves at Los Angeles Dodgers,2026-05-10 01:10:00.000,0.8317153177000001,0.9728024566,867,2609,182,60,1964,1,seatgeek
17693471,Washington Nationals at Miami Marlins,2026-05-10 16:15:00.000,0.6426812056,0.8550807898,484,2111,71,13,1334,6371,seatgeek
17692812,Tampa Bay Rays at Boston Red Sox,2026-05-10 17:35:00.000,0.8132511688,0.934341666,956,2819,104,33,1411,21,seatgeek
17693972,Colorado Rockies at Philadelphia Phillies,2026-05-10 17:35:00.000,0.8721245274,0.9623659238,682,1521,133,62,1138,18,seatgeek
17694684,Athletics at Baltimore Orioles,2026-05-10 17:35:00.000,0.7915367432,0.9217771615,470,1463,85,23,605,25,seatgeek
17695987,Los Angeles Angels at Toronto Blue Jays,2026-05-10 17:37:00.000,0.7799123184000001,0.91844597,640,1629,162,17,2938,17,seatgeek
17692972,Minnesota Twins at Cleveland Guardians,2026-05-10 17:40:00.000,0.744850136,0.9003401597,562,1802,95,29,663,6,seatgeek
17694143,Houston Astros at Cincinnati Reds,2026-05-10 17:40:00.000,0.7302652505,0.8932278487,340,1102,79,11,849,26,seatgeek
17695333,Seattle Mariners at Chicago White Sox,2026-05-10 18:10:00.000,0.6937561581,0.8764448273000001,1698,9643,69,11,1705,3715,seatgeek
17695500,New York Yankees at Milwaukee Brewers,2026-05-10 18:10:00.000,0.8049378733,0.9278569071,550,1624,100,25,936,15,seatgeek
17695819,Chicago Cubs at Texas Rangers,2026-05-10 18:35:00.000,0.8453486115000001,0.9490753839,617,2347,159,34,1564,487468,seatgeek
17692026,Pittsburgh Pirates at San Francisco Giants,2026-05-10 20:05:00.000,0.8547957114,0.9485974238,479,985,236,56,4189,22,seatgeek
17691396,Atlanta Braves at Los Angeles Dodgers,2026-05-10 20:10:00.000,0.8923169103,0.9669988974,1348,4138,269,54,10600,1,seatgeek
17692129,St. Louis Cardinals at San Diego Padres,2026-05-10 20:10:00.000,0.8418071186,0.9430409898,1066,2886,114,21,11772,24,seatgeek
17692451,New York Mets at Arizona Diamondbacks,2026-05-10 20:10:00.000,0.8130754277000001,0.9299459407,848,4230,111,40,1187,30,seatgeek
17696175,Detroit Tigers at Kansas City Royals,2026-05-10 23:20:00.000,0.7065472249,0.9218518513,177,901,81,27,799,3714,seatgeek
17692974,Los Angeles Angels at Cleveland Guardians,2026-05-11 22:10:00.000,0.6430758767,0.868486974,404,1534,67,23,157,6,seatgeek
17694685,New York Yankees at Baltimore Orioles,2026-05-11 22:35:00.000,0.7348561859,0.9105567174,216,654,65,13,1342,25,seatgeek
17695988,Tampa Bay Rays at Toronto Blue Jays,2026-05-11 23:07:00.000,0.6940584353,0.891856419,428,989,46,9,419,17,seatgeek
17695821,Arizona Diamondbacks at Texas Rangers,2026-05-12 00:05:00.000,0.6840167694,0.8869604021,474,1635,54,14,473,487468,seatgeek
17693298,Seattle Mariners at Houston Astros,2026-05-12 00:10:00.000,0.6356693842000001,0.86450136,464,1616,42,11,691,20,seatgeek
17691397,San Francisco Giants at Los Angeles Dodgers,2026-05-12 02:10:00.000,0.7909016807,0.9294891979,1592,5692,125,49,1309,1,seatgeek
17692975,Los Angeles Angels at Cleveland Guardians,2026-05-12 22:10:00.000,0.6295453533,0.8797834345000001,299,1087,85,21,172,6,seatgeek
17694689,New York Yankees at Baltimore Orioles,2026-05-12 22:35:00.000,0.7657690711,0.943505485,108,254,82,28,515,25,seatgeek
17694144,Washington Nationals at Cincinnati Reds,2026-05-12 22:40:00.000,0.6897187436000001,0.9079318007,110,333,64,33,150,26,seatgeek
17694845,Colorado Rockies at Pittsburgh Pirates,2026-05-12 22:40:00.000,0.6675114266000001,0.8975437032,219,1109,80,40,447,10,seatgeek
17692814,Philadelphia Phillies at Boston Red Sox,2026-05-12 22:45:00.000,0.7876736044,0.9537514985,478,1255,76,28,316,21,seatgeek
17695990,Tampa Bay Rays at Toronto Blue Jays,2026-05-12 23:07:00.000,0.7050886449,0.9151214053,319,785,63,17,418,17,seatgeek
17693780,Detroit Tigers at New York Mets,2026-05-12 23:10:00.000,0.7428683001,0.9327934162,788,3493,44,13,628,3,seatgeek
17692648,Chicago Cubs at Atlanta Braves,2026-05-12 23:15:00.000,0.7788495893,0.9496240032,311,939,96,21,566,418889,seatgeek
17695334,Kansas City Royals at Chicago White Sox,2026-05-12 23:40:00.000,0.6566533184000001,0.8924644399,788,4460,51,14,358,3715,seatgeek
17695502,San Diego Padres at Milwaukee Brewers,2026-05-12 23:40:00.000,0.640351596,0.8848386126000001,112,350,39,16,231,15,seatgeek
17695661,Miami Marlins at Minnesota Twins,2026-05-12 23:40:00.000,0.6362758403000001,0.8829319773000001,90,237,60,16,242,3712,seatgeek
17695822,Arizona Diamondbacks at Texas Rangers,2026-05-13 00:05:00.000,0.6670846342,0.8970359701,439,1629,60,12,577,487468,seatgeek
17693300,Seattle Mariners at Houston Astros,2026-05-13 00:10:00.000,0.6690724108,0.8976491841,304,918,53,15,777,20,seatgeek
17691875,St. Louis Cardinals at Athletics,2026-05-13 01:40:00.000,0.6554617364,0.8861166621000001,143,603,49,20,299,317,seatgeek
17691399,San Francisco Giants at Los Angeles Dodgers,2026-05-13 02:10:00.000,0.8188281525000001,0.961540506,1283,4677,194,80,1990,1,seatgeek
17692977,Los Angeles Angels at Cleveland Guardians,2026-05-13 17:10:00.000,0.6586976165,0.8577223621000001,386,1433,94,21,476,6,seatgeek
17694692,New York Yankees at Baltimore Orioles,2026-05-13 22:35:00.000,0.7729216465000001,0.9011358325,473,1733,71,28,572,25,seatgeek
17694145,Washington Nationals at Cincinnati Reds,2026-05-13 22:40:00.000,0.6597597006,0.9009221839,202,620,36,11,288,26,seatgeek
17694846,Colorado Rockies at Pittsburgh Pirates,2026-05-13 22:40:00.000,0.629347111,0.8865995893,257,1167,50,23,379,10,seatgeek
17692816,Philadelphia Phillies at Boston Red Sox,2026-05-13 22:45:00.000,0.785193788,0.959990897,553,1446,74,28,577,21,seatgeek
17695993,Tampa Bay Rays at Toronto Blue Jays,2026-05-13 23:07:00.000,0.693852757,0.9169774972,433,987,45,9,994,17,seatgeek
17693782,Detroit Tigers at New York Mets,2026-05-13 23:10:00.000,0.7120579431,0.9255506307,1332,6989,27,10,618,3,seatgeek
17692649,Chicago Cubs at Atlanta Braves,2026-05-13 23:15:00.000,0.7864774361,0.9605953714,381,1246,82,22,742,418889,seatgeek
17695337,Kansas City Royals at Chicago White Sox,2026-05-13 23:40:00.000,0.6272375784,0.8856060956,927,5294,50,11,358,3715,seatgeek
17695505,San Diego Padres at Milwaukee Brewers,2026-05-13 23:40:00.000,0.6556600706,0.8989915253,192,631,26,12,118,15,seatgeek
17695662,Miami Marlins at Minnesota Twins,2026-05-13 23:40:00.000,0.6233340407,0.8837676975000001,79,202,55,15,315,3712,seatgeek
17695823,Arizona Diamondbacks at Texas Rangers,2026-05-14 00:05:00.000,0.6960879319000001,0.9177178416,456,1731,61,16,405,487468,seatgeek
17693301,Seattle Mariners at Houston Astros,2026-05-14 00:10:00.000,0.6500423225,0.8957147053000001,486,1643,48,11,650,20,seatgeek
17691876,St. Louis Cardinals at Athletics,2026-05-14 01:40:00.000,0.6368523089,0.8842517745,162,677,50,13,359,317,seatgeek
17691404,San Francisco Giants at Los Angeles Dodgers,2026-05-14 02:10:00.000,0.8208127127,0.9698999695,1535,5413,135,45,1975,1,seatgeek
17694852,Colorado Rockies at Pittsburgh Pirates,2026-05-14 16:35:00.000,0.6451696282,0.8585336984,363,1619,89,32,914,10,seatgeek
17694146,Washington Nationals at Cincinnati Reds,2026-05-14 16:40:00.000,0.6807980722,0.877467245,247,955,63,15,511,26,seatgeek
17693784,Detroit Tigers at New York Mets,2026-05-14 17:10:00.000,0.7096866189000001,0.8899151446,1500,7381,41,9,742,3,seatgeek
17695507,San Diego Padres at Milwaukee Brewers,2026-05-14 17:40:00.000,0.6494153979,0.8613595464,302,1206,70,11,944,15,seatgeek
17695667,Miami Marlins at Minnesota Twins,2026-05-14 17:40:00.000,0.6258276033,0.8513163086000001,181,591,59,13,401,3712,seatgeek
17693302,Seattle Mariners at Houston Astros,2026-05-14 18:10:00.000,0.6979216618,0.8846899052,635,2337,68,10,1079,20,seatgeek
17691880,St. Louis Cardinals at Athletics,2026-05-14 19:05:00.000,0.6720281433,0.8714563672000001,357,1837,59,12,583,317,seatgeek
17692818,Philadelphia Phillies at Boston Red Sox,2026-05-14 22:45:00.000,0.7424015112,0.9480924742,1062,3035,125,20,1516,21,seatgeek
17692650,Chicago Cubs at Atlanta Braves,2026-05-14 23:15:00.000,0.7797582857,0.9658708906,540,1737,113,14,2421,418889,seatgeek
17695339,Kansas City Royals at Chicago White Sox,2026-05-14 23:40:00.000,0.6298532442,0.8945276619,838,4521,71,14,1542,3715,seatgeek
17691406,San Francisco Giants at Los Angeles Dodgers,2026-05-15 02:10:00.000,0.7892030439000001,0.9638307591,1601,5393,237,47,5356,1,seatgeek
17694853,Philadelphia Phillies at Pittsburgh Pirates,2026-05-15 22:40:00.000,0.7594642437,0.9062776696,424,1561,157,43,2403,10,seatgeek
17693134,Toronto Blue Jays at Detroit Tigers,2026-05-15 22:45:00.000,0.7493000406,0.9016930645,262,799,125,16,1721,12,seatgeek
17695005,Baltimore Orioles at Washington Nationals,2026-05-15 22:45:00.000,0.7977538003,0.9235482351,303,1212,202,45,1652,3713,seatgeek
17692979,Cincinnati Reds at Cleveland Guardians,2026-05-15 23:10:00.000,0.7558811339,0.9046614949,277,871,113,33,494,6,seatgeek
17695668,Milwaukee Brewers at Minnesota Twins,2026-05-15 23:10:00.000,0.7185641618,0.8878294281,183,662,65,19,338,3712,seatgeek
17696343,Miami Marlins at Tampa Bay Rays,2026-05-15 23:10:00.000,0.6717409828,0.8667090813,213,821,84,22,737,4,seatgeek
17692653,Boston Red Sox at Atlanta Braves,2026-05-15 23:15:00.000,0.809507575,0.9288497714,551,1740,199,20,2382,418889,seatgeek
17693785,New York Yankees at New York Mets,2026-05-15 23:15:00.000,0.8669009282,0.9547369334,985,5256,449,62,5912,3,seatgeek
17695341,Chicago Cubs at Chicago White Sox,2026-05-15 23:40:00.000,0.8288648566,0.9375808507,82,292,673,130,2931,3715,seatgeek
17693303,Texas Rangers at Houston Astros,2026-05-16 00:10:00.000,0.7611159342,0.9064689808,471,1385,144,19,1343,20,seatgeek
17693623,Kansas City Royals at St. Louis Cardinals,2026-05-16 00:15:00.000,0.6975350814,0.8774667576,408,1052,116,19,1193,27,seatgeek
17691267,Arizona Diamondbacks at Colorado Rockies,2026-05-16 00:40:00.000,0.6792021942,0.8677932793,532,2964,113,22,532,7,seatgeek
17692283,Los Angeles Dodgers at Los Angeles Angels,2026-05-16 01:38:00.000,0.8153208358,0.9266685897,541,2276,308,48,6206,28,seatgeek
17691728,San Diego Padres at Seattle Mariners,2026-05-16 01:40:00.000,0.7323682571,0.8890494378,376,1465,137,32,942,13,seatgeek
17691882,San Francisco Giants at Athletics,2026-05-16 01:40:00.000,0.7356901572,0.8903815027,67,213,258,66,922,317,seatgeek
17693135,Toronto Blue Jays at Detroit Tigers,2026-05-16 17:10:00.000,0.7654605058,0.8781753387000001,742,2168,118,29,1685,12,seatgeek
17693626,Kansas City Royals at St. Louis Cardinals,2026-05-16 18:15:00.000,0.7678503691,0.8759676257000001,569,1767,73,27,535,27,seatgeek
17691268,Arizona Diamondbacks at Colorado Rockies,2026-05-16 19:10:00.000,0.7192840509,0.8538023744000001,1740,9393,96,16,587,7,seatgeek
17694854,Philadelphia Phillies at Pittsburgh Pirates,2026-05-16 20:05:00.000,0.7879395605,0.8847305989,760,2757,126,40,1874,10,seatgeek
17695008,Baltimore Orioles at Washington Nationals,2026-05-16 20:05:00.000,0.8262983425,0.9006611824,651,2427,151,52,1814,3713,seatgeek
17696346,Miami Marlins at Tampa Bay Rays,2026-05-16 20:10:00.000,0.7219830116,0.8546267298,240,1182,70,31,628,4,seatgeek
17692981,Cincinnati Reds at Cleveland Guardians,2026-05-16 22:10:00.000,0.8020842639,0.8867195228,292,926,125,48,640,6,seatgeek
17693308,Texas Rangers at Houston Astros,2026-05-16 23:10:00.000,0.8353618797,0.9033375315,742,2471,91,27,804,20,seatgeek
17695342,Chicago Cubs at Chicago White Sox,2026-05-16 23:10:00.000,0.8607496846,0.9127122827,790,3475,353,107,10462,3715,seatgeek
17695671,Milwaukee Brewers at Minnesota Twins,2026-05-16 23:10:00.000,0.7815812614000001,0.8763284747000001,324,1213,82,32,628,3712,seatgeek
17691729,San Diego Padres at Seattle Mariners,2026-05-16 23:15:00.000,0.8076776258,0.8904569597,790,3162,151,38,855,13,seatgeek
17692656,Boston Red Sox at Atlanta Braves,2026-05-16 23:15:00.000,0.8552007534,0.9119274658,1124,4366,181,38,11653,418889,seatgeek
17693787,New York Yankees at New York Mets,2026-05-16 23:15:00.000,0.9055274738,0.9333303285,1398,5726,345,112,3296,3,seatgeek
17692287,Los Angeles Dodgers at Los Angeles Angels,2026-05-17 01:38:00.000,0.8589878927,0.9210779141,1254,6643,248,72,3655,28,seatgeek
17691883,San Francisco Giants at Athletics,2026-05-17 01:40:00.000,0.7690850473,0.8810778499,152,461,321,64,2033,317,seatgeek
17696348,Miami Marlins at Tampa Bay Rays,2026-05-17 16:15:00.000,0.6659556044,0.8923917906000001,231,1261,57,24,458,4,seatgeek
17692658,Boston Red Sox at Atlanta Braves,2026-05-17 17:35:00.000,0.7768676562,0.9441280516,858,2716,131,23,2277,418889,seatgeek
17694855,Philadelphia Phillies at Pittsburgh Pirates,2026-05-17 17:35:00.000,0.7736172457,0.9426118882,545,1944,160,52,1968,10,seatgeek
17695009,Baltimore Orioles at Washington Nationals,2026-05-17 17:35:00.000,0.7745686904,0.9430556925,549,2369,103,26,1222,3713,seatgeek
17692984,Cincinnati Reds at Cleveland Guardians,2026-05-17 17:40:00.000,0.7454245486000001,0.9294612749,227,679,106,31,501,6,seatgeek
17693136,Toronto Blue Jays at Detroit Tigers,2026-05-17 17:40:00.000,0.7382948038,0.9261355562,565,1406,87,29,529,12,seatgeek
17693788,New York Yankees at New York Mets,2026-05-17 17:40:00.000,0.8545699272,0.9803722947,1192,5201,296,96,10489,3,seatgeek
17693309,Texas Rangers at Houston Astros,2026-05-17 18:10:00.000,0.7546680088000001,0.9337729399,521,1453,68,19,577,20,seatgeek
17695343,Chicago Cubs at Chicago White Sox,2026-05-17 18:10:00.000,0.8140157179,0.9614558145,368,1696,329,146,2137,3715,seatgeek
17695672,Milwaukee Brewers at Minnesota Twins,2026-05-17 18:10:00.000,0.684354051,0.9009741856,296,1077,63,23,509,3712,seatgeek
17693629,Kansas City Royals at St. Louis Cardinals,2026-05-17 18:15:00.000,0.7490839857,0.9311682417,368,994,65,22,393,27,seatgeek
17691269,Arizona Diamondbacks at Colorado Rockies,2026-05-17 19:10:00.000,0.670247159,0.894393701,1028,5030,90,14,785,7,seatgeek
17691885,San Francisco Giants at Athletics,2026-05-17 20:05:00.000,0.7268860211,0.9208138336,79,216,242,94,626,317,seatgeek
17692289,Los Angeles Dodgers at Los Angeles Angels,2026-05-17 20:07:00.000,0.8513634998,0.9788766613,613,2691,187,61,1830,28,seatgeek
17691731,San Diego Padres at Seattle Mariners,2026-05-17 23:20:00.000,0.7597386794000001,0.9361381787,665,2695,108,30,993,13,seatgeek
17693140,Cleveland Guardians at Detroit Tigers,2026-05-18 22:40:00.000,0.6544951177,0.9074540225,541,1487,30,7,508,12,seatgeek
17693474,Atlanta Braves at Miami Marlins,2026-05-18 22:40:00.000,0.6377406602,0.8994677363,201,782,47,16,570,6371,seatgeek
17693979,Cincinnati Reds at Philadelphia Phillies,2026-05-18 22:40:00.000,0.7631990566,0.9592669267,461,1082,54,21,254,18,seatgeek
17696349,Baltimore Orioles at Tampa Bay Rays,2026-05-18 22:40:00.000,0.6437223806,0.9023190415,178,652,49,19,572,4,seatgeek
17695013,New York Mets at Washington Nationals,2026-05-18 22:45:00.000,0.70005614,0.9291707346,260,913,64,20,250,3713,seatgeek
17691540,Toronto Blue Jays at New York Yankees,2026-05-18 23:05:00.000,0.7481712441,0.9521041909,713,2842,74,13,628,8,seatgeek
17696176,Boston Red Sox at Kansas City Royals,2026-05-18 23:10:00.000,0.6708558777,0.9152524958,267,1180,56,19,498,3714,seatgeek
17695183,Milwaukee Brewers at Chicago Cubs,2026-05-18 23:40:00.000,0.8017620341,0.9776471666,503,1269,117,24,11756,11,seatgeek
17695675,Houston Astros at Minnesota Twins,2026-05-18 23:40:00.000,0.6051673131,0.883940502,126,346,53,10,288,3712,seatgeek
17691270,Texas Rangers at Colorado Rockies,2026-05-19 00:40:00.000,0.6124011747,0.8850506835,536,3200,58,7,912,7,seatgeek
17692291,Athletics at Los Angeles Angels,2026-05-19 01:38:00.000,0.5996843047,0.8753573748,1079,4750,26,6,273,28,seatgeek
17691733,Chicago White Sox at Seattle Mariners,2026-05-19 01:40:00.000,0.6677638571,0.9081264519,430,2359,57,12,110,13,seatgeek
17692132,Los Angeles Dodgers at San Diego Padres,2026-05-19 01:40:00.000,0.8283687968000001,0.9850600253,702,1794,164,62,1983,24,seatgeek
17692452,San Francisco Giants at Arizona Diamondbacks,2026-05-19 01:40:00.000,0.6721077666,0.9103971505,567,2628,64,24,316,30,seatgeek
17693475,Atlanta Braves at Miami Marlins,2026-05-19 20:10:00.000,0.6464050501,0.8615660854,409,2074,52,10,1163,6371,seatgeek
17693142,Cleveland Guardians at Detroit Tigers,2026-05-19 22:40:00.000,0.678423467,0.8740344044,855,3052,186,10,117668,12,seatgeek
17693980,Cincinnati Reds at Philadelphia Phillies,2026-05-19 22:40:00.000,0.778044549,0.9228148741,1149,3375,69,24,348,18,seatgeek
17696350,Baltimore Orioles at Tampa Bay Rays,2026-05-19 22:40:00.000,0.6466349276000001,0.8578512073000001,306,1443,47,15,572,4,seatgeek
17695015,New York Mets at Washington Nationals,2026-05-19 22:45:00.000,0.7408515267,0.9054446662,462,2017,61,19,675,3713,seatgeek
17691541,Toronto Blue Jays at New York Yankees,2026-05-19 23:05:00.000,0.7380396344,0.9062555478,1360,6000,241,11,11756,8,seatgeek
17695182,Milwaukee Brewers at Chicago Cubs,2026-05-19 23:40:00.000,0.8162280936,0.9390838779,1356,4029,100,19,1769,11,seatgeek
17695676,Houston Astros at Minnesota Twins,2026-05-19 23:40:00.000,0.6313036188000001,0.8489428386000001,187,698,74,14,486,3712,seatgeek
17696177,Boston Red Sox at Kansas City Royals,2026-05-19 23:40:00.000,0.6859970187000001,0.8763939895,463,1771,82,12,912,3714,seatgeek
17693632,Pittsburgh Pirates at St. Louis Cardinals,2026-05-19 23:45:00.000,0.6417054607,0.8597630276,82,211,47,14,270,27,seatgeek
17691271,Texas Rangers at Colorado Rockies,2026-05-20 00:40:00.000,0.5857828487,0.8317600642,347,1824,292,14,896,7,seatgeek
17692292,Athletics at Los Angeles Angels,2026-05-20 01:38:00.000,0.579229883,0.8253285354000001,1119,4885,22,6,934,28,seatgeek
17691736,Chicago White Sox at Seattle Mariners,2026-05-20 01:40:00.000,0.6661196322,0.8653480963,240,1339,46,20,89,13,seatgeek
17692135,Los Angeles Dodgers at San Diego Padres,2026-05-20 01:40:00.000,0.8231767959,0.9371823975,451,1004,151,45,1737,24,seatgeek
17692454,San Francisco Giants at Arizona Diamondbacks,2026-05-20 01:40:00.000,0.6629963828000001,0.8641232366,459,2164,50,12,437,30,seatgeek
17693981,Cincinnati Reds at Philadelphia Phillies,2026-05-20 17:05:00.000,0.7665810142,0.8843507633000001,1158,3452,55,17,401,18,seatgeek
17696352,Baltimore Orioles at Tampa Bay Rays,2026-05-20 17:10:00.000,0.6516156526,0.8312185514,259,1356,47,19,582,4,seatgeek
17695679,Houston Astros at Minnesota Twins,2026-05-20 17:40:00.000,0.6298057155,0.8196627373,168,575,57,12,265,3712,seatgeek
17691272,Texas Rangers at Colorado Rockies,2026-05-20 19:10:00.000,0.6598540914000001,0.8273858788,1024,5717,78,11,522,7,seatgeek
17692457,San Francisco Giants at Arizona Diamondbacks,2026-05-20 19:40:00.000,0.6977137008000001,0.8495090958,1181,6572,70,21,445,30,seatgeek
17691737,Chicago White Sox at Seattle Mariners,2026-05-20 20:10:00.000,0.6973107599,0.8482038749,1041,5707,88,14,6422,13,seatgeek
17693143,Cleveland Guardians at Detroit Tigers,2026-05-20 22:40:00.000,0.6735971171,0.9083708299,572,1735,29,8,303,12,seatgeek
17693477,Atlanta Braves at Miami Marlins,2026-05-20 22:40:00.000,0.6664866319,0.9050113937,222,853,47,15,433,6371,seatgeek
17695016,New York Mets at Washington Nationals,2026-05-20 22:45:00.000,0.6907434272,0.9164717325,333,1218,61,16,272,3713,seatgeek
17691542,Toronto Blue Jays at New York Yankees,2026-05-20 23:05:00.000,0.7270996342,0.9336482038,787,3309,68,10,813,8,seatgeek
17695184,Milwaukee Brewers at Chicago Cubs,2026-05-20 23:40:00.000,0.821702319,0.9783422263,595,1454,85,23,2842,11,seatgeek
17696178,Boston Red Sox at Kansas City Royals,2026-05-20 23:40:00.000,0.6763575371,0.9096750185,186,633,53,16,685,3714,seatgeek
17693634,Pittsburgh Pirates at St. Louis Cardinals,2026-05-20 23:45:00.000,0.6735449138,0.9083461658,230,668,41,14,288,27,seatgeek
17692136,Los Angeles Dodgers at San Diego Padres,2026-05-21 00:40:00.000,0.8427337744000001,0.9860298049,310,794,199,84,1737,24,seatgeek
17692293,Athletics at Los Angeles Angels,2026-05-21 01:38:00.000,0.5855190644,0.8608821069,1240,5813,23,7,169,28,seatgeek
17693146,Cleveland Guardians at Detroit Tigers,2026-05-21 17:10:00.000,0.7019406426,0.887082705,752,2393,47,7,1102,12,seatgeek
17693635,Pittsburgh Pirates at St. Louis Cardinals,2026-05-21 17:15:00.000,0.7061375038000001,0.8871665209,302,921,50,13,351,27,seatgeek
17695017,New York Mets at Washington Nationals,2026-05-21 20:05:00.000,0.7125193251,0.8889919236,492,2222,60,13,345,3713,seatgeek
17693478,Atlanta Braves at Miami Marlins,2026-05-21 22:40:00.000,0.6374746011,0.8650229011,165,648,50,17,349,6371,seatgeek
17691543,Toronto Blue Jays at New York Yankees,2026-05-21 23:05:00.000,0.7251765843,0.9058026461,1169,6728,92,8,1935,8,seatgeek
17692295,Athletics at Los Angeles Angels,2026-05-22 01:38:00.000,0.5972977583,0.8406586053,1161,5233,24,7,263,28,seatgeek
17692459,Colorado Rockies at Arizona Diamondbacks,2026-05-22 01:40:00.000,0.6298212909,0.8561260146,640,2876,52,19,308,30,seatgeek
17695185,Houston Astros at Chicago Cubs,2026-05-22 18:20:00.000,0.8191198662,0.9155668026,1103,3240,139,32,3251,11,seatgeek
17693982,Cleveland Guardians at Philadelphia Phillies,2026-05-22 22:40:00.000,0.7614840284000001,0.967997828,196,443,101,38,1149,18,seatgeek
17691544,Tampa Bay Rays at New York Yankees,2026-05-22 23:05:00.000,0.7759114085000001,0.9750614266,204,780,592,62,2471,8,seatgeek
17695995,Pittsburgh Pirates at Toronto Blue Jays,2026-05-22 23:07:00.000,0.7176073575,0.9465158134,285,648,85,30,490,17,seatgeek
17692820,Minnesota Twins at Boston Red Sox,2026-05-22 23:10:00.000,0.7762624015,0.9752332715,209,608,117,47,577,21,seatgeek
17693482,New York Mets at Miami Marlins,2026-05-22 23:10:00.000,0.67521645,0.9257608978,276,993,68,15,604,6371,seatgeek
17692660,Washington Nationals at Atlanta Braves,2026-05-22 23:15:00.000,0.7510340366,0.962881534,543,1448,99,14,986,418889,seatgeek
17694693,Detroit Tigers at Baltimore Orioles,2026-05-22 23:15:00.000,0.6726852392,0.9245215818,344,1032,40,7,437,25,seatgeek
17695508,Los Angeles Dodgers at Milwaukee Brewers,2026-05-22 23:40:00.000,0.7310452706,0.953095042,231,667,78,20,259,15,seatgeek
17696180,Seattle Mariners at Kansas City Royals,2026-05-22 23:40:00.000,0.6791063812,0.927665458,209,1015,81,28,784,3714,seatgeek
17692299,Texas Rangers at Los Angeles Angels,2026-05-23 01:38:00.000,0.6532881873,0.9094103462,1005,4439,55,8,11303,28,seatgeek
17692138,Athletics at San Diego Padres,2026-05-23 01:40:00.000,0.744186009,0.9536130921,507,1214,268,35,93092,24,seatgeek
17692460,Colorado Rockies at Arizona Diamondbacks,2026-05-23 01:40:00.000,0.6855977699,0.9251294991,432,1810,219,27,1519,30,seatgeek
17692028,Chicago White Sox at San Francisco Giants,2026-05-23 02:15:00.000,0.7329783723000001,0.9465709419,733,2343,81,33,565,22,seatgeek
17694153,St. Louis Cardinals at Cincinnati Reds (Rescheduled from 5/22),2026-05-23 17:10:00.000,0.6811572746,0.9286695998,605,2284,44,11,472,26,seatgeek
17695186,Houston Astros at Chicago Cubs,2026-05-23 18:20:00.000,0.8448099426000001,0.9738858997,999,2670,189,66,1685,11,seatgeek
17695997,Pittsburgh Pirates at Toronto Blue Jays,2026-05-23 19:07:00.000,0.7652420398,0.9361924752,575,1420,169,38,1053,17,seatgeek
17692029,Chicago White Sox at San Francisco Giants,2026-05-23 20:05:00.000,0.7995735641,0.9487469626,643,2021,141,47,1582,22,seatgeek
17693983,Cleveland Guardians at Philadelphia Phillies,2026-05-23 20:05:00.000,0.7717288105,0.9358861136,1225,3802,65,19,685,18,seatgeek
17692661,Washington Nationals at Atlanta Braves,2026-05-23 20:10:00.000,0.7891441987000001,0.9431763905,1354,5313,107,16,1020,418889,seatgeek
17692821,Minnesota Twins at Boston Red Sox,2026-05-23 20:10:00.000,0.8087595843000001,0.9560408925,721,1813,137,60,793,21,seatgeek
17693483,New York Mets at Miami Marlins,2026-05-23 20:10:00.000,0.7102731486,0.9060140442,499,2267,77,22,1121,6371,seatgeek
17696185,Seattle Mariners at Kansas City Royals,2026-05-23 20:10:00.000,0.7178574652,0.9111665428,354,1475,136,32,778,3714,seatgeek
17694154,St. Louis Cardinals at Cincinnati Reds,2026-05-23 23:15:00.000,0.7074459752000001,0.9070968957,52,106,75,35,262,26,seatgeek
17695510,Los Angeles Dodgers at Milwaukee Brewers,2026-05-23 23:15:00.000,0.7619844807,0.9329877067,199,530,81,37,290,15,seatgeek
17692140,Athletics at San Diego Padres,2026-05-24 01:40:00.000,0.7754810696000001,0.9339566698,333,747,130,63,534,24,seatgeek
17692300,Texas Rangers at Los Angeles Angels,2026-05-24 02:05:00.000,0.659897144,0.8782396548,946,3555,35,9,281,28,seatgeek
17692462,Colorado Rockies at Arizona Diamondbacks,2026-05-24 02:10:00.000,0.7218323066,0.9074197805,522,2639,226,44,1905,30,seatgeek
17695998,Pittsburgh Pirates at Toronto Blue Jays,2026-05-24 16:15:00.000,0.7314564197,0.8883462513,581,1471,155,30,1549,17,seatgeek
17694696,Detroit Tigers at Baltimore Orioles,2026-05-24 16:35:00.000,0.7071533822,0.8720486544,460,1690,49,15,348,25,seatgeek
17691546,Tampa Bay Rays at New York Yankees,2026-05-24 17:35:00.000,0.7551532383,0.8976928699000001,1802,10268,79,11,11303,8,seatgeek
17692822,Minnesota Twins at Boston Red Sox,2026-05-24 17:35:00.000,0.7593085034,0.8981823039,1214,3578,96,24,554,21,seatgeek
17693984,Cleveland Guardians at Philadelphia Phillies,2026-05-24 17:35:00.000,0.7771098637,0.9066865596,1497,4160,59,16,405,18,seatgeek
17693486,New York Mets at Miami Marlins,2026-05-24 17:40:00.000,0.7132317784000001,0.8769456205,344,1441,91,23,799,6371,seatgeek
17695512,Los Angeles Dodgers at Milwaukee Brewers,2026-05-24 18:10:00.000,0.7754385232000001,0.9070043017,470,1359,167,28,1282,15,seatgeek
17696187,Seattle Mariners at Kansas City Royals,2026-05-24 18:10:00.000,0.7125036092,0.8755676768,313,1599,109,30,1026,3714,seatgeek
17695193,Houston Astros at Chicago Cubs,2026-05-24 18:20:00.000,0.8555084192,0.9437608826,754,2159,306,95,5309,11,seatgeek
17692030,Chicago White Sox at San Francisco Giants,2026-05-24 20:05:00.000,0.7934737101,0.9117709362,606,1919,165,38,2002,22,seatgeek
17692141,Athletics at San Diego Padres,2026-05-24 20:10:00.000,0.7887852962,0.9078007075,687,1646,139,45,1321,24,seatgeek
17692464,Colorado Rockies at Arizona Diamondbacks,2026-05-24 20:10:00.000,0.7489657736,0.8910077512000001,995,5153,92,30,586,30,seatgeek
17692662,Washington Nationals at Atlanta Braves,2026-05-24 20:10:00.000,0.7805538334000001,0.9042359253,925,2967,101,17,974,418889,seatgeek
17694695,Detroit Tigers at Baltimore Orioles (Rescheduled from 5/23/26),2026-05-24 22:05:00.000,0.7282674974000001,0.9243780469,186,399,48,16,458,25,seatgeek
17692303,Texas Rangers at Los Angeles Angels,2026-05-24 23:20:00.000,0.6830766099000001,0.9028697765,504,1637,33,9,262,28,seatgeek
17694699,Tampa Bay Rays at Baltimore Orioles,2026-05-25 17:35:00.000,0.7307847485000001,0.8903194709000001,493,1825,57,24,1275,25,seatgeek
17694856,Chicago Cubs at Pittsburgh Pirates,2026-05-25 17:35:00.000,0.7090468313,0.8830663785,284,1236,118,28,1431,10,seatgeek
17695344,Minnesota Twins at Chicago White Sox,2026-05-25 18:10:00.000,0.7299202196,0.8907795521,1064,5915,94,27,600,3715,seatgeek
17695515,St. Louis Cardinals at Milwaukee Brewers,2026-05-25 18:10:00.000,0.7663823652,0.9084744554,432,1851,145,34,1087,15,seatgeek
17696188,New York Yankees at Kansas City Royals,2026-05-25 19:40:00.000,0.7509264869000001,0.8980412296,376,1679,155,50,1006,3714,seatgeek
17693793,Cincinnati Reds at New York Mets,2026-05-25 20:10:00.000,0.7512667947,0.898168886,1566,8212,57,16,773,3,seatgeek
17692031,Arizona Diamondbacks at San Francisco Giants,2026-05-25 21:05:00.000,0.7762233905,0.9098452084,1066,3694,117,28,1885,22,seatgeek
17692986,Washington Nationals at Cleveland Guardians,2026-05-25 22:10:00.000,0.721996194,0.8993808875,42,111,91,40,218,6,seatgeek
17692144,Philadelphia Phillies at San Diego Padres,2026-05-25 22:40:00.000,0.7851704357,0.9286853021,334,742,82,30,365,24,seatgeek
17695826,Houston Astros at Texas Rangers,2026-05-25 23:05:00.000,0.7910880964,0.9314302894,181,456,132,30,1149,487468,seatgeek
17696001,Miami Marlins at Toronto Blue Jays,2026-05-25 23:07:00.000,0.7037639068,0.8909234432,318,928,65,18,359,17,seatgeek
17691407,Colorado Rockies at Los Angeles Dodgers,2026-05-26 01:10:00.000,0.7905812404,0.9274298098,904,2630,151,58,1275,1,seatgeek
17691888,Seattle Mariners at Athletics,2026-05-26 01:40:00.000,0.6393903306000001,0.8554748637,85,342,126,39,748,317,seatgeek
17692987,Washington Nationals at Cleveland Guardians,2026-05-26 22:10:00.000,0.6605772765,0.9097941954,245,892,68,21,139,6,seatgeek
17694700,Tampa Bay Rays at Baltimore Orioles,2026-05-26 22:35:00.000,0.6490539578,0.9042907465,248,838,39,10,408,25,seatgeek
17693148,Los Angeles Angels at Detroit Tigers,2026-05-26 22:40:00.000,0.6826966284,0.9203580547,337,830,1479,10,121489,12,seatgeek
17694857,Chicago Cubs at Pittsburgh Pirates,2026-05-26 22:40:00.000,0.6810481015000001,0.9195707506,222,1031,61,27,264,10,seatgeek
17692826,Atlanta Braves at Boston Red Sox,2026-05-26 22:45:00.000,0.7742390695,0.9640758993,466,1231,79,34,360,21,seatgeek
17696003,Miami Marlins at Toronto Blue Jays,2026-05-26 23:07:00.000,0.7499090439,0.9524567709,194,466,110,18,381,17,seatgeek
17693795,Cincinnati Reds at New York Mets,2026-05-26 23:10:00.000,0.7359103535,0.9457714749,1075,4758,45,11,486,3,seatgeek
17695349,Minnesota Twins at Chicago White Sox,2026-05-26 23:40:00.000,0.6700155273,0.9143017828,589,3404,240,25,1257,3715,seatgeek
17695517,St. Louis Cardinals at Milwaukee Brewers,2026-05-26 23:40:00.000,0.6611310165000001,0.9100586557,247,793,26,8,210,15,seatgeek
17696190,New York Yankees at Kansas City Royals,2026-05-26 23:40:00.000,0.729628566,0.9427714978,208,1047,106,34,977,3714,seatgeek
17695828,Houston Astros at Texas Rangers,2026-05-27 00:05:00.000,0.7105308274000001,0.9333490091,447,1224,76,20,528,487468,seatgeek
17691889,Seattle Mariners at Athletics,2026-05-27 01:40:00.000,0.6293689527,0.8892769273000001,207,1073,55,22,384,317,seatgeek
17692147,Philadelphia Phillies at San Diego Padres,2026-05-27 01:40:00.000,0.7593673831000001,0.9514979567,603,1591,73,27,458,24,seatgeek
17692032,Arizona Diamondbacks at San Francisco Giants,2026-05-27 01:45:00.000,0.6976372329,0.9214991543,1009,3398,50,13,441,22,seatgeek
17691408,Colorado Rockies at Los Angeles Dodgers,2026-05-27 02:10:00.000,0.7744497737,0.9571929447,1041,2897,150,47,12991,1,seatgeek
17696005,Miami Marlins at Toronto Blue Jays,2026-05-27 17:07:00.000,0.7416900947,0.9154417924,421,1003,147,26,1463,17,seatgeek
17692989,Washington Nationals at Cleveland Guardians,2026-05-27 17:10:00.000,0.6857068356,0.886124578,330,1163,80,27,437,6,seatgeek
17695518,St. Louis Cardinals at Milwaukee Brewers,2026-05-27 17:40:00.000,0.6732953914,0.8799558067000001,218,1064,53,11,293,15,seatgeek
17691892,Seattle Mariners at Athletics,2026-05-27 19:05:00.000,0.6653675803,0.8742074839,323,1688,484,19,136278,317,seatgeek
17692033,Arizona Diamondbacks at San Francisco Giants,2026-05-27 19:45:00.000,0.7423463758000001,0.9104847522,1121,3867,65,13,1063,22,seatgeek
17692148,Philadelphia Phillies at San Diego Padres,2026-05-27 20:10:00.000,0.7640398819,0.9218042965,1128,3884,74,14,1910,24,seatgeek
17694701,Tampa Bay Rays at Baltimore Orioles,2026-05-27 22:35:00.000,0.6453925243,0.8972526649,155,493,32,13,293,25,seatgeek
17693149,Los Angeles Angels at Detroit Tigers,2026-05-27 22:40:00.000,0.6740138186,0.9108443988,289,754,401,11,105492,12,seatgeek
17694864,Chicago Cubs at Pittsburgh Pirates,2026-05-27 22:40:00.000,0.6720554809,0.9099144319,298,1410,60,19,303,10,seatgeek
17692828,Atlanta Braves at Boston Red Sox,2026-05-27 22:45:00.000,0.7828728524,0.962537368,358,964,82,37,290,21,seatgeek
17693796,Cincinnati Reds at New York Mets,2026-05-27 23:10:00.000,0.7133746593,0.9295356303,1293,6831,31,8,533,3,seatgeek
17695351,Minnesota Twins at Chicago White Sox,2026-05-27 23:40:00.000,0.6655859056,0.9068421766,721,3913,70,19,489,3715,seatgeek
17696189,New York Yankees at Kansas City Royals,2026-05-27 23:40:00.000,0.7201899345,0.9327719491,246,1317,84,30,616,3714,seatgeek
17695831,Houston Astros at Texas Rangers,2026-05-28 00:05:00.000,0.7228654988000001,0.933737112,263,700,88,17,473,487468,seatgeek
17691410,Colorado Rockies at Los Angeles Dodgers,2026-05-28 02:10:00.000,0.8273713967,0.9766682433,979,3382,140,56,5679,1,seatgeek
17693152,Los Angeles Angels at Detroit Tigers,2026-05-28 17:10:00.000,0.6890631587,0.8847222092,802,2602,48,10,1178,12,seatgeek
17695353,Minnesota Twins at Chicago White Sox,2026-05-28 18:10:00.000,0.6555409541,0.8681722614,2380,14102,88,13,605,3715,seatgeek
17692829,Atlanta Braves at Boston Red Sox,2026-05-28 20:10:00.000,0.7918576771,0.9315406095,972,3044,87,27,1435,21,seatgeek
17694703,Toronto Blue Jays at Baltimore Orioles,2026-05-28 22:35:00.000,0.6699302079,0.9026462883,158,495,41,11,1032,25,seatgeek
17694865,Chicago Cubs at Pittsburgh Pirates,2026-05-28 22:40:00.000,0.713469137,0.9231881516,251,1174,77,41,462,10,seatgeek
17695833,Houston Astros at Texas Rangers,2026-05-29 00:05:00.000,0.7393706074,0.9351394382,223,537,96,36,860,487468,seatgeek
17694156,Atlanta Braves at Cincinnati Reds,2026-05-29 22:40:00.000,0.7286815952,0.9403083321,57,144,94,24,399,26,seatgeek
17694866,Minnesota Twins at Pittsburgh Pirates,2026-05-29 22:45:00.000,0.7183752033,0.9353948106,218,904,87,44,478,10,seatgeek
17695018,San Diego Padres at Washington Nationals,2026-05-29 22:45:00.000,0.7479961979,0.9495164238,275,972,67,25,298,3713,seatgeek
17694708,Toronto Blue Jays at Baltimore Orioles,2026-05-29 23:05:00.000,0.7527079236,0.9517626952,185,435,49,23,176,25,seatgeek
17692992,Boston Red Sox at Cleveland Guardians,2026-05-29 23:10:00.000,0.7896737225,0.9693857111,129,366,103,50,222,6,seatgeek
17693797,Miami Marlins at New York Mets,2026-05-29 23:10:00.000,0.7451544395,0.9481616404,693,2807,51,11,1031,3,seatgeek
17696355,Los Angeles Angels at Tampa Bay Rays,2026-05-29 23:10:00.000,0.6913412118000001,0.9225063726,114,341,76,27,1354,4,seatgeek
17693636,Chicago Cubs at St. Louis Cardinals,2026-05-29 23:15:00.000,0.7906880926000001,0.9698692985,286,846,111,41,520,27,seatgeek
17695354,Detroit Tigers at Chicago White Sox,2026-05-29 23:40:00.000,0.7290676115,0.9404923631,315,1700,80,22,579,3715,seatgeek
17695832,Kansas City Royals at Texas Rangers,2026-05-30 00:05:00.000,0.7701869411000001,0.9598073923,344,1203,72,27,748,487468,seatgeek
17693312,Milwaukee Brewers at Houston Astros,2026-05-30 00:10:00.000,0.7342998376000001,0.9424010859,250,577,72,30,293,20,seatgeek
17691273,San Francisco Giants at Colorado Rockies,2026-05-30 00:40:00.000,0.6835259506,0.9164674765,326,1562,69,26,266,7,seatgeek
17691894,New York Yankees at Athletics,2026-05-30 01:40:00.000,0.717971678,0.929565862,111,394,167,43,492,317,seatgeek
17691740,Arizona Diamondbacks at Seattle Mariners,2026-05-30 02:10:00.000,0.7335895524,0.9356403561,321,1293,82,28,745,13,seatgeek
17691411,Philadelphia Phillies at Los Angeles Dodgers,2026-05-30 02:15:00.000,0.8198719109,0.9769232562,859,2888,158,60,1139,1,seatgeek
17695357,Detroit Tigers at Chicago White Sox,2026-05-30 18:10:00.000,0.7240280566,0.9049623496,2028,10965,110,23,730,3715,seatgeek
17694710,Toronto Blue Jays at Baltimore Orioles,2026-05-30 20:05:00.000,0.7769428707,0.927329972,543,1898,53,19,364,25,seatgeek
17694867,Minnesota Twins at Pittsburgh Pirates,2026-05-30 20:05:00.000,0.7245199646,0.901154981,458,1954,104,28,874,10,seatgeek
17695020,San Diego Padres at Washington Nationals,2026-05-30 20:05:00.000,0.7648139837,0.9203706162,608,2494,111,33,1332,3713,seatgeek
17695836,Kansas City Royals at Texas Rangers,2026-05-30 20:05:00.000,0.7900269136,0.9339199215,645,2340,110,28,1881,487468,seatgeek
17692994,Boston Red Sox at Cleveland Guardians,2026-05-30 20:10:00.000,0.8047474463000001,0.9405604674,263,864,123,49,551,6,seatgeek
17693313,Milwaukee Brewers at Houston Astros,2026-05-30 20:10:00.000,0.7880087579,0.9326658825,591,2073,70,22,360,20,seatgeek
17693798,Miami Marlins at New York Mets,2026-05-30 20:10:00.000,0.7772140325,0.927046737,1816,8445,55,14,1593,3,seatgeek
17696358,Los Angeles Angels at Tampa Bay Rays,2026-05-30 20:10:00.000,0.7306772777,0.9033450373,277,1147,101,43,685,4,seatgeek
17693638,Chicago Cubs at St. Louis Cardinals,2026-05-30 23:15:00.000,0.7971246984,0.945294244,218,588,158,56,1120,27,seatgeek
17694157,Atlanta Braves at Cincinnati Reds,2026-05-30 23:15:00.000,0.7655616171,0.930651825,86,220,100,44,281,26,seatgeek
17691274,San Francisco Giants at Colorado Rockies,2026-05-31 01:10:00.000,0.6993530083,0.8965010007,469,2558,73,31,253,7,seatgeek
17691895,New York Yankees at Athletics,2026-05-31 02:05:00.000,0.7427257143,0.9137538932,91,253,199,75,374,317,seatgeek
17691415,Philadelphia Phillies at Los Angeles Dodgers,2026-05-31 02:10:00.000,0.8226908058,0.9509962669,588,1982,208,80,10642,1,seatgeek
17691741,Arizona Diamondbacks at Seattle Mariners,2026-05-31 02:10:00.000,0.7419246122,0.9131883908,265,1014,96,33,1384,13,seatgeek
17694711,Toronto Blue Jays at Baltimore Orioles,2026-05-31 16:15:00.000,0.740166171,0.8873111637000001,420,1472,50,18,577,25,seatgeek
17694868,Minnesota Twins at Pittsburgh Pirates,2026-05-31 17:35:00.000,0.688853172,0.8616804722,409,1926,115,42,834,10,seatgeek
17695026,San Diego Padres at Washington Nationals,2026-05-31 17:35:00.000,0.7467572386,0.8886554552,514,2146,102,22,1135,3713,seatgeek
17692996,Boston Red Sox at Cleveland Guardians,2026-05-31 17:40:00.000,0.7726378738,0.9016992042,309,815,123,42,576,6,seatgeek
17693800,Miami Marlins at New York Mets,2026-05-31 17:40:00.000,0.7765158817000001,0.9031576872,1594,7615,51,15,2376,3,seatgeek
17694158,Atlanta Braves at Cincinnati Reds,2026-05-31 17:40:00.000,0.7374854942,0.8844532417000001,366,1242,99,20,1354,26,seatgeek
17696360,Los Angeles Angels at Tampa Bay Rays,2026-05-31 17:40:00.000,0.6900372213,0.8636766833,241,1169,68,26,691,4,seatgeek
17693314,Milwaukee Brewers at Houston Astros,2026-05-31 18:10:00.000,0.764750976,0.8966078708,498,1752,63,19,351,20,seatgeek
17695358,Detroit Tigers at Chicago White Sox,2026-05-31 18:10:00.000,0.7200516669,0.8759802773,1650,8810,80,11,543,3715,seatgeek
17695838,Kansas City Royals at Texas Rangers,2026-05-31 18:35:00.000,0.7929843598,0.9090206863,462,1713,111,22,1524,487468,seatgeek
17691275,San Francisco Giants at Colorado Rockies,2026-05-31 19:10:00.000,0.7293197754,0.8796555426,1343,6925,105,20,806,7,seatgeek
17691896,New York Yankees at Athletics,2026-05-31 20:05:00.000,0.7794223874,0.8998780672000001,148,507,194,67,1189,317,seatgeek
17691418,Philadelphia Phillies at Los Angeles Dodgers,2026-05-31 20:10:00.000,0.8378916978000001,0.9293853275,1341,4646,208,51,11516,1,seatgeek
17691742,Arizona Diamondbacks at Seattle Mariners,2026-05-31 20:10:00.000,0.7816800215,0.9025270348,757,3759,117,26,985,13,seatgeek
17693641,Chicago Cubs at St. Louis Cardinals,2026-05-31 23:20:00.000,0.7653127978,0.9616809596,248,690,83,28,492,27,seatgeek
17696361,Detroit Tigers at Tampa Bay Rays,2026-06-01 22:40:00.000,0.6201011339,0.8989637306,205,805,50,14,327,4,seatgeek
17695027,Miami Marlins at Washington Nationals,2026-06-01 22:45:00.000,0.6220293002,0.8999210165,176,591,74,12,243,3713,seatgeek
17694165,Kansas City Royals at Cincinnati Reds,2026-06-01 23:10:00.000,0.6466231472,0.9121310609,80,199,60,15,157,26,seatgeek
17695521,San Francisco Giants at Milwaukee Brewers,2026-06-01 23:40:00.000,0.6199916822,0.8989093905000001,197,688,34,7,146,15,seatgeek
17695680,Chicago White Sox at Minnesota Twins,2026-06-01 23:40:00.000,0.5963107297,0.8871521759000001,60,144,69,19,339,3712,seatgeek
17693643,Texas Rangers at St. Louis Cardinals,2026-06-01 23:45:00.000,0.6299253563,0.9038411861,380,1254,40,13,288,27,seatgeek
17692304,Colorado Rockies at Los Angeles Angels,2026-06-02 01:38:00.000,0.6083424653,0.8872984358,629,2645,40,11,577,28,seatgeek
17691746,New York Mets at Seattle Mariners,2026-06-02 01:40:00.000,0.6563939284,0.911843845,461,2760,69,27,1127,13,seatgeek
17692466,Los Angeles Dodgers at Arizona Diamondbacks,2026-06-02 01:40:00.000,0.7252409605,0.9462820737,478,2331,104,42,806,30,seatgeek
17693991,San Diego Padres at Philadelphia Phillies,2026-06-02 22:40:00.000,0.7219118627000001,0.9623437071,397,943,62,22,259,18,seatgeek
17696362,Detroit Tigers at Tampa Bay Rays,2026-06-02 22:40:00.000,0.600374848,0.8998507867000001,172,627,48,25,322,4,seatgeek
17692831,Baltimore Orioles at Boston Red Sox,2026-06-02 22:45:00.000,0.7183208209,0.9604972801,365,866,75,31,333,21,seatgeek
17695029,Miami Marlins at Washington Nationals,2026-06-02 22:45:00.000,0.6610077408,0.931028028,201,578,59,17,300,3713,seatgeek
17691547,Cleveland Guardians at New York Yankees,2026-06-02 23:05:00.000,0.6933634258,0.9476647475,295,1158,139,35,5957,8,seatgeek
17694166,Kansas City Royals at Cincinnati Reds,2026-06-02 23:10:00.000,0.6361144182,0.9182281432,87,297,69,16,134,26,seatgeek
17692665,Toronto Blue Jays at Atlanta Braves,2026-06-02 23:15:00.000,0.6926519975000001,0.9472989458,364,1309,71,14,596,418889,seatgeek
17695522,San Francisco Giants at Milwaukee Brewers,2026-06-02 23:40:00.000,0.6025169314000001,0.90095227,117,296,41,11,146,15,seatgeek
17695683,Chicago White Sox at Minnesota Twins,2026-06-02 23:40:00.000,0.5915014401,0.8952879472,48,113,108,26,367,3712,seatgeek
17693646,Texas Rangers at St. Louis Cardinals,2026-06-02 23:45:00.000,0.6271836893,0.913636003,230,616,46,14,259,27,seatgeek
17695194,Athletics at Chicago Cubs,2026-06-03 00:05:00.000,0.7113490666000001,0.9565774418,828,2167,62,14,685,11,seatgeek
17693315,Pittsburgh Pirates at Houston Astros,2026-06-03 00:10:00.000,0.6317475876,0.9153596163,282,805,58,15,551,20,seatgeek
17692305,Colorado Rockies at Los Angeles Angels,2026-06-03 01:38:00.000,0.5497593787,0.8680005343,1221,5155,24,6,632,28,seatgeek
17691748,New York Mets at Seattle Mariners,2026-06-03 01:40:00.000,0.6530152888,0.9217035805,559,3246,70,25,566,13,seatgeek
17692469,Los Angeles Dodgers at Arizona Diamondbacks,2026-06-03 01:40:00.000,0.6917542196,0.9417498898,702,3720,92,37,742,30,seatgeek
17695028,Miami Marlins at Washington Nationals,2026-06-03 17:05:00.000,0.6285720429,0.8791263639,357,1565,67,16,541,3713,seatgeek
17696366,Detroit Tigers at Tampa Bay Rays,2026-06-03 17:10:00.000,0.6250965714,0.8779598719,331,1943,53,21,572,4,seatgeek
17695684,Chicago White Sox at Minnesota Twins,2026-06-03 17:40:00.000,0.5949698578,0.8606713353000001,149,509,90,19,1342,3712,seatgeek
17691749,New York Mets at Seattle Mariners,2026-06-03 19:40:00.000,0.6885371125,0.9074640056,1496,8345,91,23,1159,13,seatgeek
17693992,San Diego Padres at Philadelphia Phillies,2026-06-03 22:40:00.000,0.7269308952,0.941552095,166,394,99,41,1139,18,seatgeek
17692833,Baltimore Orioles at Boston Red Sox,2026-06-03 22:45:00.000,0.7140740092,0.9350903263,251,603,93,25,486,21,seatgeek
17691548,Cleveland Guardians at New York Yankees,2026-06-03 23:05:00.000,0.6669620126,0.9114120268,583,1813,264,10,117668,8,seatgeek
17694167,Kansas City Royals at Cincinnati Reds,2026-06-03 23:10:00.000,0.6194733146,0.887543872,103,294,51,16,136,26,seatgeek
17692668,Toronto Blue Jays at Atlanta Braves,2026-06-03 23:15:00.000,0.7152559777,0.9356843749,233,643,102,28,635,418889,seatgeek
17695523,San Francisco Giants at Milwaukee Brewers,2026-06-03 23:40:00.000,0.616899589,0.886250275,196,574,36,11,257,15,seatgeek
17693648,Texas Rangers at St. Louis Cardinals,2026-06-03 23:45:00.000,0.6206649261,0.8881427946,235,619,43,12,288,27,seatgeek
17695195,Athletics at Chicago Cubs,2026-06-04 00:05:00.000,0.7019929931000001,0.9286946056,1016,2728,51,14,572,11,seatgeek
17693320,Pittsburgh Pirates at Houston Astros,2026-06-04 00:10:00.000,0.6443448524000001,0.8994479886000001,261,733,67,19,491,20,seatgeek
17692309,Colorado Rockies at Los Angeles Angels,2026-06-04 01:38:00.000,0.559963755,0.852033993,1122,4387,27,6,635,28,seatgeek
17692471,Los Angeles Dodgers at Arizona Diamondbacks,2026-06-04 01:40:00.000,0.7428522646,0.9443812268,368,2341,97,49,912,30,seatgeek
17693993,San Diego Padres at Philadelphia Phillies,2026-06-04 17:05:00.000,0.7222193447,0.9085926361,879,2501,62,19,458,18,seatgeek
17691549,Cleveland Guardians at New York Yankees,2026-06-04 17:35:00.000,0.6811393557000001,0.8878850851000001,1434,6317,100,11,1139,8,seatgeek
17692834,Baltimore Orioles at Boston Red Sox,2026-06-04 17:35:00.000,0.7273263834,0.9102868295,930,2698,100,37,638,21,seatgeek
17695527,San Francisco Giants at Milwaukee Brewers,2026-06-04 18:10:00.000,0.6388532797,0.864016319,227,1045,96,14,616,15,seatgeek
17692669,Toronto Blue Jays at Atlanta Braves,2026-06-04 23:15:00.000,0.7099166791,0.8918906444,476,1644,79,12,486,418889,seatgeek
17695687,Kansas City Royals at Minnesota Twins,2026-06-04 23:40:00.000,0.5997901351,0.8345591596,95,251,69,19,373,3712,seatgeek
17695196,Athletics at Chicago Cubs,2026-06-05 00:05:00.000,0.7424621072,0.9219544426,600,1481,92,27,1061,11,seatgeek
17693321,Pittsburgh Pirates at Houston Astros,2026-06-05 00:10:00.000,0.6418264971000001,0.870941886,343,1138,48,12,641,20,seatgeek
17692472,Los Angeles Dodgers at Arizona Diamondbacks,2026-06-05 01:40:00.000,0.754389403,0.9243857787,261,812,162,61,769,30,seatgeek
17695201,San Francisco Giants at Chicago Cubs,2026-06-05 18:20:00.000,0.8123733878,0.9320357437,1131,3047,236,39,91521,11,seatgeek
17693153,Seattle Mariners at Detroit Tigers,2026-06-05 22:40:00.000,0.7204840048000001,0.8804346275,347,820,50,12,494,12,seatgeek
17693994,Chicago White Sox at Philadelphia Phillies,2026-06-05 22:40:00.000,0.8008482021000001,0.9228563677,191,490,108,57,345,18,seatgeek
17691550,Boston Red Sox at New York Yankees,2026-06-05 23:05:00.000,0.8047100149,0.9273687618,705,2601,102,17,1026,8,seatgeek
17696007,Baltimore Orioles at Toronto Blue Jays,2026-06-05 23:07:00.000,0.7494706665,0.8973956107000001,173,399,142,43,1324,17,seatgeek
17693488,Tampa Bay Rays at Miami Marlins,2026-06-05 23:10:00.000,0.6427251983000001,0.8391488164,226,864,50,17,241,6371,seatgeek
17692672,Pittsburgh Pirates at Atlanta Braves,2026-06-05 23:15:00.000,0.791421584,0.9150590349,308,635,98,23,518,418889,seatgeek
17693324,Athletics at Houston Astros,2026-06-06 00:10:00.000,0.7162885784,0.8824502001000001,295,733,73,27,720,20,seatgeek
17693649,Cincinnati Reds at St. Louis Cardinals,2026-06-06 00:15:00.000,0.6788114938,0.8626160378000001,285,751,54,18,347,27,seatgeek
17695688,Kansas City Royals at Minnesota Twins,2026-06-06 00:15:00.000,0.6313892002,0.8376315404,194,680,69,12,373,3712,seatgeek
17695839,Cleveland Guardians at Texas Rangers,2026-06-06 00:15:00.000,0.719769782,0.8855563738000001,402,1428,68,23,620,487468,seatgeek
17691276,Milwaukee Brewers at Colorado Rockies,2026-06-06 00:40:00.000,0.6720629128000001,0.8604834196000001,460,2213,88,27,414,7,seatgeek
17692150,New York Mets at San Diego Padres,2026-06-06 01:40:00.000,0.7598923225,0.9033481716,655,1572,82,29,799,24,seatgeek
17692475,Washington Nationals at Arizona Diamondbacks,2026-06-06 01:40:00.000,0.647863311,0.8463809774000001,750,4470,68,19,458,30,seatgeek
17691419,Los Angeles Angels at Los Angeles Dodgers,2026-06-06 02:10:00.000,0.7721530355,0.9083657245,1526,5018,155,52,1253,1,seatgeek
17693155,Seattle Mariners at Detroit Tigers,2026-06-06 17:10:00.000,0.7042200804000001,0.8593492646,1028,3458,65,16,1257,12,seatgeek
17695689,Kansas City Royals at Minnesota Twins,2026-06-06 18:10:00.000,0.6733753512,0.8438696507000001,351,1491,71,24,528,3712,seatgeek
17693650,Cincinnati Reds at St. Louis Cardinals,2026-06-06 18:15:00.000,0.7143140252,0.8618082132,597,1796,84,24,1061,27,seatgeek
17695202,San Francisco Giants at Chicago Cubs,2026-06-06 18:20:00.000,0.8205666338000001,0.9175457185,1271,3679,179,49,1739,11,seatgeek
17696008,Baltimore Orioles at Toronto Blue Jays,2026-06-06 19:07:00.000,0.752882294,0.8865332851000001,372,1181,197,46,1466,17,seatgeek
17693995,Chicago White Sox at Philadelphia Phillies,2026-06-06 20:05:00.000,0.7991339756,0.9052048299,832,2196,109,55,345,18,seatgeek
17692477,Washington Nationals at Arizona Diamondbacks,2026-06-06 20:10:00.000,0.7212210281,0.8667878566,1027,5357,93,33,650,30,seatgeek
17692673,Pittsburgh Pirates at Atlanta Braves,2026-06-06 20:10:00.000,0.7954013524,0.9024458793,882,2870,287,33,117668,418889,seatgeek
17693325,Athletics at Houston Astros,2026-06-06 20:10:00.000,0.7301921841,0.8708221131,858,3426,77,17,580,20,seatgeek
17693489,Tampa Bay Rays at Miami Marlins,2026-06-06 20:10:00.000,0.6488363792,0.830862266,383,1732,74,15,2082,6371,seatgeek
17695844,Cleveland Guardians at Texas Rangers,2026-06-06 23:35:00.000,0.7639016109000001,0.8831403632,238,772,71,23,493,487468,seatgeek
17691277,Milwaukee Brewers at Colorado Rockies,2026-06-07 01:10:00.000,0.6826402062,0.8578645153000001,438,2484,74,29,366,7,seatgeek
17691421,Los Angeles Angels at Los Angeles Dodgers,2026-06-07 02:10:00.000,0.8140486516000001,0.9233290621,571,1642,215,85,1593,1,seatgeek
17692153,New York Mets at San Diego Padres,2026-06-07 02:10:00.000,0.7567023782000001,0.8947791108,737,1921,86,37,659,24,seatgeek
17691552,Boston Red Sox at New York Yankees,2026-06-07 17:35:00.000,0.8021936298,0.9064858061,1260,5127,188,39,2352,8,seatgeek
17692676,Pittsburgh Pirates at Atlanta Braves,2026-06-07 17:35:00.000,0.7524803969,0.8718732244,895,3037,111,22,1615,418889,seatgeek
17693996,Chicago White Sox at Philadelphia Phillies,2026-06-07 17:35:00.000,0.7875045787,0.8921042546,1064,2760,93,31,11653,18,seatgeek
17696011,Baltimore Orioles at Toronto Blue Jays,2026-06-07 17:37:00.000,0.7376189718,0.8691471298000001,483,1419,153,38,1302,17,seatgeek
17693158,Seattle Mariners at Detroit Tigers,2026-06-07 17:40:00.000,0.7046445685,0.8497958864,737,2266,68,21,685,12,seatgeek
17693492,Tampa Bay Rays at Miami Marlins,2026-06-07 17:40:00.000,0.6175834813000001,0.8075544741,453,1858,70,12,2406,6371,seatgeek
17693328,Athletics at Houston Astros,2026-06-07 18:10:00.000,0.7072250171000001,0.8553045533,683,2504,75,19,661,20,seatgeek
17695691,Kansas City Royals at Minnesota Twins,2026-06-07 18:10:00.000,0.649448522,0.8217021558000001,314,1256,107,19,13400,3712,seatgeek
17693652,Cincinnati Reds at St. Louis Cardinals,2026-06-07 18:15:00.000,0.6992441518,0.8403079562,630,1883,76,18,1525,27,seatgeek
17695843,Cleveland Guardians at Texas Rangers,2026-06-07 18:35:00.000,0.7477067824,0.8713351458,622,2512,114,27,2055,487468,seatgeek
17691278,Milwaukee Brewers at Colorado Rockies,2026-06-07 19:10:00.000,0.7128345077,0.8534524165,1186,5872,89,19,546,7,seatgeek
17692478,Washington Nationals at Arizona Diamondbacks,2026-06-07 19:15:00.000,0.6956865231,0.848657225,1218,5882,76,21,645,30,seatgeek
17691422,Los Angeles Angels at Los Angeles Dodgers,2026-06-07 20:10:00.000,0.8106617548,0.9055740598,1474,4969,231,56,9506,1,seatgeek
17692152,New York Mets at San Diego Padres,2026-06-07 20:10:00.000,0.7736661263,0.8862912585,1008,2768,94,28,1423,24,seatgeek
17695205,San Francisco Giants at Chicago Cubs,2026-06-08 00:30:00.000,0.7841325337,0.8998205458,871,2197,108,31,1359,11,seatgeek
17694712,Seattle Mariners at Baltimore Orioles,2026-06-08 22:35:00.000,0.6737385627,0.8199437852,147,482,41,14,288,25,seatgeek
17692998,New York Yankees at Cleveland Guardians,2026-06-08 22:40:00.000,0.7773624148,0.873031973,79,220,108,39,1057,6,seatgeek
17696367,Boston Red Sox at Tampa Bay Rays,2026-06-08 22:40:00.000,0.697675309,0.836548312,232,903,49,22,197,4,seatgeek
17696013,Philadelphia Phillies at Toronto Blue Jays,2026-06-08 23:07:00.000,0.7390056135,0.8558022969,481,1257,82,16,810,17,seatgeek
17692311,Houston Astros at Los Angeles Angels,2026-06-09 01:38:00.000,0.6562140977,0.8226557085,785,3589,40,12,418,28,seatgeek
17692157,Cincinnati Reds at San Diego Padres,2026-06-09 01:40:00.000,0.7143882902,0.8554871816,770,2136,60,14,1032,24,seatgeek
17692034,Washington Nationals at San Francisco Giants,2026-06-09 01:45:00.000,0.7143624975,0.8547776269,822,2391,64,13,1707,22,seatgeek
17694713,Seattle Mariners at Baltimore Orioles,2026-06-09 22:35:00.000,0.6868839269,0.8118855871,172,593,33,13,401,25,seatgeek
17693000,New York Yankees at Cleveland Guardians,2026-06-09 22:40:00.000,0.7805836827,0.8618545456000001,214,691,73,32,1057,6,seatgeek
17693159,Minnesota Twins at Detroit Tigers,2026-06-09 22:40:00.000,0.6877404743000001,0.8162069742,628,1949,32,7,1139,12,seatgeek
17693494,Arizona Diamondbacks at Miami Marlins,2026-06-09 22:40:00.000,0.5788630986000001,0.7553559517,223,823,60,11,753,6371,seatgeek
17694869,Los Angeles Dodgers at Pittsburgh Pirates,2026-06-09 22:40:00.000,0.7502191904000001,0.8610700507,290,1013,110,42,460,10,seatgeek
17696369,Boston Red Sox at Tampa Bay Rays,2026-06-09 22:40:00.000,0.6990707006,0.8237321066000001,109,423,56,20,515,4,seatgeek
17696015,Philadelphia Phillies at Toronto Blue Jays,2026-06-09 23:07:00.000,0.739251141,0.8518814837,374,901,105,25,810,17,seatgeek
17693805,St. Louis Cardinals at New York Mets,2026-06-09 23:10:00.000,0.74071746,0.8496438084,971,5041,53,16,515,3,seatgeek
17695359,Atlanta Braves at Chicago White Sox,2026-06-09 23:40:00.000,0.7014243311,0.8286025766,362,2369,86,28,1159,3715,seatgeek
17696194,Texas Rangers at Kansas City Royals,2026-06-09 23:40:00.000,0.6897180051,0.8114208482,265,1043,61,11,401,3714,seatgeek
17691279,Chicago Cubs at Colorado Rockies,2026-06-10 00:40:00.000,0.7222010206,0.8494045621,654,3570,88,21,457,7,seatgeek
17692312,Houston Astros at Los Angeles Angels,2026-06-10 01:38:00.000,0.6099528178,0.7905975908,1302,5404,30,8,607,28,seatgeek
17692159,Cincinnati Reds at San Diego Padres,2026-06-10 01:40:00.000,0.7411259524,0.8565936915,598,1608,90,16,1026,24,seatgeek
17692035,Washington Nationals at San Francisco Giants,2026-06-10 01:45:00.000,0.6997921507,0.8373365091,989,3039,57,12,1707,22,seatgeek
17693002,New York Yankees at Cleveland Guardians,2026-06-10 17:10:00.000,0.752443373,0.864216841,274,890,103,35,621,6,seatgeek
17696372,Boston Red Sox at Tampa Bay Rays,2026-06-10 17:10:00.000,0.670662164,0.8285048689000001,297,1382,77,25,572,4,seatgeek
17692036,Washington Nationals at San Francisco Giants,2026-06-10 19:45:00.000,0.7100014789,0.8407434855,1255,4592,78,19,904,22,seatgeek
17692160,Cincinnati Reds at San Diego Padres,2026-06-10 20:10:00.000,0.7047455786,0.8430517168,1159,3663,55,10,1038,24,seatgeek
17694714,Seattle Mariners at Baltimore Orioles,2026-06-10 22:35:00.000,0.6610074634,0.8175971275,241,814,35,10,401,25,seatgeek
17693161,Minnesota Twins at Detroit Tigers,2026-06-10 22:40:00.000,0.6546884945,0.8108659415,349,960,32,10,570,12,seatgeek
17693495,Arizona Diamondbacks at Miami Marlins,2026-06-10 22:40:00.000,0.5710570398,0.76832847,286,1307,61,11,753,6371,seatgeek
17694875,Los Angeles Dodgers at Pittsburgh Pirates,2026-06-10 22:40:00.000,0.7174195803000001,0.8480066269000001,176,710,107,32,1082,10,seatgeek
17696017,Philadelphia Phillies at Toronto Blue Jays,2026-06-10 23:07:00.000,0.6957476493,0.8354995002000001,497,1304,82,17,806,17,seatgeek
17693807,St. Louis Cardinals at New York Mets,2026-06-10 23:10:00.000,0.6937643184000001,0.8407723976,1841,8425,32,6,632,3,seatgeek
17695363,Atlanta Braves at Chicago White Sox,2026-06-10 23:40:00.000,0.6389639362,0.8024582394,678,3262,64,15,401,3715,seatgeek
17696196,Texas Rangers at Kansas City Royals,2026-06-10 23:40:00.000,0.6091197052,0.7895787546,387,1481,42,7,390,3714,seatgeek
17691280,Chicago Cubs at Colorado Rockies,2026-06-11 00:40:00.000,0.7028125708,0.8466275118000001,401,1654,79,28,444,7,seatgeek
17692315,Houston Astros at Los Angeles Angels,2026-06-11 01:38:00.000,0.5986255608000001,0.796665584,1313,5280,29,7,348,28,seatgeek
17693164,Minnesota Twins at Detroit Tigers,2026-06-11 17:10:00.000,0.6618045478,0.8242855727,924,2904,50,10,829,12,seatgeek
17693498,Arizona Diamondbacks at Miami Marlins,2026-06-11 17:10:00.000,0.5259117492000001,0.7565550771,460,2145,53,10,864,6371,seatgeek
17693809,St. Louis Cardinals at New York Mets,2026-06-11 17:10:00.000,0.6905986919,0.8392839083,1456,7071,60,11,1803,3,seatgeek
17696199,Texas Rangers at Kansas City Royals,2026-06-11 18:10:00.000,0.6105067404,0.8015620263000001,403,1502,57,10,503,3714,seatgeek
17691281,Chicago Cubs at Colorado Rockies,2026-06-11 19:10:00.000,0.7003486281,0.8459030024,1405,6625,91,16,551,7,seatgeek
17694877,Los Angeles Dodgers at Pittsburgh Pirates,2026-06-11 22:40:00.000,0.7176195528,0.8557664777,387,1361,88,26,572,10,seatgeek
17694720,Seattle Mariners at Baltimore Orioles,2026-06-11 23:05:00.000,0.6419674681,0.8162982552,285,983,35,14,685,25,seatgeek
17694878,Miami Marlins at Pittsburgh Pirates,2026-06-12 22:40:00.000,0.6433648639,0.8174550784,369,1546,95,28,348,10,seatgeek
17695030,Seattle Mariners at Washington Nationals,2026-06-12 22:45:00.000,0.6737020245,0.8364031513,392,1496,77,17,827,3713,seatgeek
17694722,San Diego Padres at Baltimore Orioles,2026-06-12 23:05:00.000,0.6553501649,0.8276825037000001,317,1046,43,16,345,25,seatgeek
17692837,Texas Rangers at Boston Red Sox,2026-06-12 23:10:00.000,0.7399988232,0.8691014157,348,885,102,28,317,21,seatgeek
17693003,Detroit Tigers at Cleveland Guardians,2026-06-12 23:10:00.000,0.7233477973,0.8623679519,212,717,154,55,1057,6,seatgeek
17693808,Atlanta Braves at New York Mets,2026-06-12 23:15:00.000,0.7133159565,0.8602710423000001,1301,6153,51,12,1264,3,seatgeek
17694168,Arizona Diamondbacks at Cincinnati Reds,2026-06-12 23:15:00.000,0.6645048038,0.828323382,226,747,85,17,594,26,seatgeek
17696018,New York Yankees at Toronto Blue Jays,2026-06-12 23:37:00.000,0.735251622,0.8637733064,457,990,98,34,1460,17,seatgeek
17695367,Los Angeles Dodgers at Chicago White Sox,2026-06-12 23:40:00.000,0.7118743749,0.8579410206,198,601,190,48,2331,3715,seatgeek
17695528,Philadelphia Phillies at Milwaukee Brewers,2026-06-12 23:40:00.000,0.6490435595,0.8231296561,218,560,75,16,784,15,seatgeek
17695695,St. Louis Cardinals at Minnesota Twins,2026-06-13 00:10:00.000,0.63512842,0.8209982067,252,1074,65,21,324,3712,seatgeek
17696200,Houston Astros at Kansas City Royals,2026-06-13 00:10:00.000,0.6373379591,0.8122288413000001,207,817,112,31,500,3714,seatgeek
17692316,Tampa Bay Rays at Los Angeles Angels,2026-06-13 01:38:00.000,0.6420270447,0.8228404638,815,3952,45,10,588,28,seatgeek
17692037,Chicago Cubs at San Francisco Giants,2026-06-13 02:15:00.000,0.7231405809,0.8648516329,733,2104,149,36,2139,22,seatgeek
17695696,St. Louis Cardinals at Minnesota Twins,2026-06-13 18:10:00.000,0.646005688,0.8223054913000001,371,1645,73,20,401,3712,seatgeek
17696019,New York Yankees at Toronto Blue Jays,2026-06-13 19:07:00.000,0.7316906495000001,0.8659497176000001,977,2842,159,34,2318,17,seatgeek
17694724,San Diego Padres at Baltimore Orioles,2026-06-13 20:05:00.000,0.692677723,0.8483986515,465,1378,75,27,345,25,seatgeek
17694879,Miami Marlins at Pittsburgh Pirates,2026-06-13 20:05:00.000,0.6512119687,0.832343771,496,1780,116,39,2013,10,seatgeek
17695032,Seattle Mariners at Washington Nationals,2026-06-13 20:05:00.000,0.6830638658,0.8473604834,648,2693,98,28,1252,3713,seatgeek
17692840,Texas Rangers at Boston Red Sox,2026-06-13 20:10:00.000,0.743587799,0.8723996001000001,844,2422,163,56,1403,21,seatgeek
17693006,Detroit Tigers at Cleveland Guardians,2026-06-13 20:10:00.000,0.7070856305000001,0.8569964413000001,437,1510,192,33,11653,6,seatgeek
17693810,Atlanta Braves at New York Mets,2026-06-13 20:10:00.000,0.7110000712,0.8581658793,1888,8036,105,22,3203,3,seatgeek
17694169,Arizona Diamondbacks at Cincinnati Reds,2026-06-13 20:10:00.000,0.6596599995,0.8314809669000001,664,2468,75,14,1014,26,seatgeek
17695368,Los Angeles Dodgers at Chicago White Sox,2026-06-13 20:10:00.000,0.7255716972,0.8737542297,1291,6700,136,29,1570,3715,seatgeek
17695529,Philadelphia Phillies at Milwaukee Brewers,2026-06-13 23:10:00.000,0.69565756,0.8467585195,187,495,92,33,409,15,seatgeek
17696201,Houston Astros at Kansas City Royals,2026-06-13 23:10:00.000,0.6267199142000001,0.8080077371000001,378,1506,67,15,498,3714,seatgeek
17692038,Chicago Cubs at San Francisco Giants,2026-06-14 02:05:00.000,0.7148126435000001,0.8623042359,932,3078,158,44,1925,22,seatgeek
17692318,Tampa Bay Rays at Los Angeles Angels,2026-06-14 02:07:00.000,0.6060978544,0.8057083132,1345,6634,35,7,540,28,seatgeek
17694881,Miami Marlins at Pittsburgh Pirates,2026-06-14 16:15:00.000,0.5880651339,0.7940174544,505,2340,111,31,1177,10,seatgeek
17694723,San Diego Padres at Baltimore Orioles,2026-06-14 17:35:00.000,0.6635704711,0.839648174,412,1420,51,14,320,25,seatgeek
17695036,Seattle Mariners at Washington Nationals,2026-06-14 17:35:00.000,0.6471744117,0.8269155334,626,2369,82,16,1008,3713,seatgeek
17696023,New York Yankees at Toronto Blue Jays,2026-06-14 17:37:00.000,0.7111047098000001,0.8520661555,871,2135,211,37,10359,17,seatgeek
17693813,Atlanta Braves at New York Mets,2026-06-14 17:40:00.000,0.6971856124,0.8527873094,2011,9792,75,12,2013,3,seatgeek
17694170,Arizona Diamondbacks at Cincinnati Reds,2026-06-14 17:40:00.000,0.6277313005,0.8225786632000001,663,2506,49,11,621,26,seatgeek
17695371,Los Angeles Dodgers at Chicago White Sox,2026-06-14 18:10:00.000,0.6903405212,0.8545084699000001,740,3819,126,30,1431,3715,seatgeek
17695534,Philadelphia Phillies at Milwaukee Brewers,2026-06-14 18:10:00.000,0.6713702407000001,0.8385551043,337,1102,113,28,1148,15,seatgeek
17695699,St. Louis Cardinals at Minnesota Twins,2026-06-14 18:10:00.000,0.6043354806,0.7987830704000001,259,1001,68,23,474,3712,seatgeek
17696205,Houston Astros at Kansas City Royals,2026-06-14 18:10:00.000,0.5999049087,0.7968484037,397,1454,80,13,591,3714,seatgeek
17692039,Chicago Cubs at San Francisco Giants,2026-06-14 19:10:00.000,0.7269129207,0.8667292081,595,1673,209,48,4371,22,seatgeek
17692321,Tampa Bay Rays at Los Angeles Angels,2026-06-14 20:07:00.000,0.593512165,0.796120165,1563,6919,41,7,11303,28,seatgeek
17692842,Texas Rangers at Boston Red Sox,2026-06-14 23:20:00.000,0.7126980343,0.8591462993000001,320,754,111,42,572,21,seatgeek
17694003,Miami Marlins at Philadelphia Phillies,2026-06-15 22:40:00.000,0.6820687755,0.8467016805,254,587,67,27,254,18,seatgeek
17695038,Kansas City Royals at Washington Nationals,2026-06-15 22:45:00.000,0.5894250464,0.7954522715,402,1918,74,12,859,3713,seatgeek
17694175,New York Mets at Cincinnati Reds,2026-06-15 23:10:00.000,0.5993973252,0.79634986,126,368,59,17,259,26,seatgeek
17693654,San Diego Padres at St. Louis Cardinals,2026-06-15 23:45:00.000,0.6180968126,0.8130954204,228,603,47,14,161,27,seatgeek
17695206,Colorado Rockies at Chicago Cubs,2026-06-16 00:05:00.000,0.7085103803,0.8623055359,753,1997,99,24,1058,11,seatgeek
17695847,Minnesota Twins at Texas Rangers,2026-06-16 00:05:00.000,0.6378088824,0.8191371579000001,372,1094,66,13,468,487468,seatgeek
17693329,Detroit Tigers at Houston Astros,2026-06-16 00:10:00.000,0.6293374537,0.8136906489,482,1551,49,12,376,20,seatgeek
17691910,Pittsburgh Pirates at Athletics,2026-06-16 01:40:00.000,0.5721722305,0.7812744784000001,236,1161,55,20,320,317,seatgeek
17692481,Los Angeles Angels at Arizona Diamondbacks,2026-06-16 01:40:00.000,0.6211405164,0.8156287783,378,1135,62,16,288,30,seatgeek
17691423,Tampa Bay Rays at Los Angeles Dodgers,2026-06-16 02:10:00.000,0.7204788322,0.8613227196000001,729,1712,163,50,1707,1,seatgeek
17694004,Miami Marlins at Philadelphia Phillies,2026-06-16 22:40:00.000,0.6728136924,0.8419196622,212,468,72,35,259,18,seatgeek
17692843,Toronto Blue Jays at Boston Red Sox,2026-06-16 22:45:00.000,0.6904373311,0.851374574,365,957,79,39,486,21,seatgeek
17695040,Kansas City Royals at Washington Nationals,2026-06-16 22:45:00.000,0.5986763196,0.8026259706000001,278,778,93,24,1141,3713,seatgeek
17691553,Chicago White Sox at New York Yankees,2026-06-16 23:05:00.000,0.6556700635,0.8325096948,292,1309,103,19,799,8,seatgeek
17694178,New York Mets at Cincinnati Reds,2026-06-16 23:10:00.000,0.6164372145,0.8056269718,141,562,76,30,148,26,seatgeek
17692677,San Francisco Giants at Atlanta Braves,2026-06-16 23:15:00.000,0.6848746667000001,0.8491924846000001,627,1942,463,13,248408,418889,seatgeek
17695533,Cleveland Guardians at Milwaukee Brewers,2026-06-16 23:40:00.000,0.5795996212,0.7935667116,69,195,84,20,309,15,seatgeek
17693658,San Diego Padres at St. Louis Cardinals,2026-06-16 23:45:00.000,0.6034876182000001,0.8067829821,220,584,48,15,430,27,seatgeek
17695207,Colorado Rockies at Chicago Cubs,2026-06-17 00:05:00.000,0.6778436166,0.8440222443000001,977,2505,74,16,1180,11,seatgeek
17695848,Minnesota Twins at Texas Rangers,2026-06-17 00:05:00.000,0.6175597715000001,0.8129704815000001,463,1576,57,10,445,487468,seatgeek
17693332,Detroit Tigers at Houston Astros,2026-06-17 00:10:00.000,0.6258675931000001,0.8208936446,220,506,65,16,662,20,seatgeek
17691752,Baltimore Orioles at Seattle Mariners,2026-06-17 01:40:00.000,0.617848766,0.814559063,509,2679,68,19,1034,13,seatgeek
17691913,Pittsburgh Pirates at Athletics,2026-06-17 01:40:00.000,0.5616415187,0.7894232916,264,1355,44,13,592,317,seatgeek
17692483,Los Angeles Angels at Arizona Diamondbacks,2026-06-17 01:40:00.000,0.605268601,0.8093851122,409,1586,65,16,540,30,seatgeek
17691424,Tampa Bay Rays at Los Angeles Dodgers,2026-06-17 02:10:00.000,0.7244797381,0.8657032073,1177,3794,153,54,6309,1,seatgeek
17694179,New York Mets at Cincinnati Reds,2026-06-17 16:40:00.000,0.6089357317,0.8062220742,405,1904,71,17,594,26,seatgeek
17694005,Miami Marlins at Philadelphia Phillies,2026-06-17 17:05:00.000,0.690483164,0.8448074829000001,1055,2999,70,19,259,18,seatgeek
17695041,Kansas City Royals at Washington Nationals,2026-06-17 17:05:00.000,0.5771298407000001,0.7936465015,476,2028,76,12,859,3713,seatgeek
17693334,Detroit Tigers at Houston Astros,2026-06-17 18:10:00.000,0.6322385632,0.8267895648,595,2245,63,12,1473,20,seatgeek
17693660,San Diego Padres at St. Louis Cardinals,2026-06-17 18:15:00.000,0.6131375867000001,0.8138449654000001,583,1895,61,15,401,27,seatgeek
17691430,Tampa Bay Rays at Los Angeles Dodgers,2026-06-17 19:10:00.000,0.7037095308,0.8562856141,1539,5051,192,46,7649,1,seatgeek
17692484,Los Angeles Angels at Arizona Diamondbacks,2026-06-17 19:40:00.000,0.6123868799000001,0.8162147901,1002,4583,71,16,288,30,seatgeek
17692844,Toronto Blue Jays at Boston Red Sox,2026-06-17 22:45:00.000,0.8262441073,0.9371382683,276,732,98,42,490,21,seatgeek
17691554,Chicago White Sox at New York Yankees,2026-06-17 23:05:00.000,0.7571673549,0.9048035885,300,1438,109,28,1213,8,seatgeek
17692681,San Francisco Giants at Atlanta Braves,2026-06-17 23:15:00.000,0.7814983079000001,0.912501876,440,1254,78,15,684,418889,seatgeek
17695537,Cleveland Guardians at Milwaukee Brewers,2026-06-17 23:40:00.000,0.7150491823,0.880653661,80,206,81,19,283,15,seatgeek
17695210,Colorado Rockies at Chicago Cubs,2026-06-18 00:05:00.000,0.7831723394000001,0.9257240023,1978,5291,58,11,1686,11,seatgeek
17691753,Baltimore Orioles at Seattle Mariners,2026-06-18 01:40:00.000,0.7081641376000001,0.8866018864,534,2731,59,15,353,13,seatgeek
17691915,Pittsburgh Pirates at Athletics,2026-06-18 01:40:00.000,0.6414413043,0.8544242629000001,229,1165,56,21,401,317,seatgeek
17692848,Toronto Blue Jays at Boston Red Sox,2026-06-18 17:35:00.000,0.8181303628000001,0.922483735,1390,3904,141,37,1381,21,seatgeek
17695539,Cleveland Guardians at Milwaukee Brewers,2026-06-18 18:10:00.000,0.7394156925,0.8777169514000001,438,1824,113,22,1217,15,seatgeek
17695849,Minnesota Twins at Texas Rangers,2026-06-18 18:35:00.000,0.7953732736,0.9062151894,763,2744,101,16,1288,487468,seatgeek
17691754,Baltimore Orioles at Seattle Mariners,2026-06-18 20:10:00.000,0.7715547796000001,0.8938119379,557,2609,80,17,1031,13,seatgeek
17694006,New York Mets at Philadelphia Phillies,2026-06-18 22:40:00.000,0.7833446038,0.9692163423,335,789,77,27,552,18,seatgeek
17691555,Chicago White Sox at New York Yankees,2026-06-18 23:05:00.000,0.7769859563,0.9661709416,291,947,162,23,9064,8,seatgeek
17696206,St. Louis Cardinals at Kansas City Royals,2026-06-18 23:40:00.000,0.7168199958,0.9373549157,215,1002,82,20,855,3714,seatgeek
17691918,Los Angeles Angels at Athletics,2026-06-19 01:40:00.000,0.6274635048,0.8892421087,148,730,57,17,475,317,seatgeek
17695213,Toronto Blue Jays at Chicago Cubs,2026-06-19 18:20:00.000,0.879793837,0.9824585238,862,2421,218,81,1709,11,seatgeek
17693165,Chicago White Sox at Detroit Tigers,2026-06-19 22:40:00.000,0.7801577689,0.9594334712,113,209,151,75,855,12,seatgeek
17691556,Cincinnati Reds at New York Yankees,2026-06-19 23:05:00.000,0.7859128824,0.9621699816,286,1255,127,13,1521,8,seatgeek
17693500,San Francisco Giants at Miami Marlins,2026-06-19 23:10:00.000,0.6478529946,0.8965220642,263,916,56,12,457,6371,seatgeek
17696373,Washington Nationals at Tampa Bay Rays,2026-06-19 23:10:00.000,0.6719099551000001,0.9079616076,158,518,59,15,1138,4,seatgeek
17692684,Milwaukee Brewers at Atlanta Braves,2026-06-19 23:15:00.000,0.8128476152,0.9749772014,193,414,113,38,430,418889,seatgeek
17695852,San Diego Padres at Texas Rangers,2026-06-20 00:05:00.000,0.7635718458,0.9512627703,243,607,123,34,872,487468,seatgeek
17693337,Cleveland Guardians at Houston Astros,2026-06-20 00:10:00.000,0.7442280482,0.9417637698,313,709,75,22,405,20,seatgeek
17696209,St. Louis Cardinals at Kansas City Royals,2026-06-20 00:15:00.000,0.7174640337,0.9287840963,229,991,109,28,674,3714,seatgeek
17691282,Pittsburgh Pirates at Colorado Rockies,2026-06-20 00:40:00.000,0.6807110524000001,0.9097609965,306,1185,76,22,264,7,seatgeek
17691919,Los Angeles Angels at Athletics,2026-06-20 01:40:00.000,0.6499598593,0.8919572448,192,924,71,31,572,317,seatgeek
17692486,Minnesota Twins at Arizona Diamondbacks,2026-06-20 01:45:00.000,0.6972797974,0.9142816596,370,1939,84,25,693,30,seatgeek
17691432,Baltimore Orioles at Los Angeles Dodgers,2026-06-20 02:10:00.000,0.8220819233000001,0.9730230927,518,1557,234,111,1139,1,seatgeek
17691758,Boston Red Sox at Seattle Mariners,2026-06-20 02:10:00.000,0.7671653885,0.9467307781,403,1384,92,39,679,13,seatgeek
17693166,Chicago White Sox at Detroit Tigers,2026-06-20 17:10:00.000,0.7519312795,0.9135188773,905,2711,73,19,618,12,seatgeek
17691557,Cincinnati Reds at New York Yankees,2026-06-20 17:35:00.000,0.8218568631000001,0.9495830066,1258,6070,158,37,11303,8,seatgeek
17695215,Toronto Blue Jays at Chicago Cubs,2026-06-20 18:20:00.000,0.8865631866,0.9766323067,915,2353,252,81,2982,11,seatgeek
17695855,San Diego Padres at Texas Rangers,2026-06-20 20:05:00.000,0.8042049604,0.9357275712,577,2231,147,24,2271,487468,seatgeek
17692685,Milwaukee Brewers at Atlanta Braves,2026-06-20 20:10:00.000,0.8285598937,0.9463151966,842,2588,145,28,1571,418889,seatgeek
17693501,San Francisco Giants at Miami Marlins,2026-06-20 20:10:00.000,0.6875675513,0.8804857404,506,2041,66,14,1898,6371,seatgeek
17696374,Washington Nationals at Tampa Bay Rays,2026-06-20 20:10:00.000,0.7040009996000001,0.887087076,292,1317,69,32,685,4,seatgeek
17693336,Cleveland Guardians at Houston Astros,2026-06-20 23:15:00.000,0.7996803408000001,0.928549692,258,555,73,28,290,20,seatgeek
17694008,New York Mets at Philadelphia Phillies,2026-06-20 23:15:00.000,0.828223745,0.9826603218,233,520,141,59,657,18,seatgeek
17691283,Pittsburgh Pirates at Colorado Rockies,2026-06-21 01:10:00.000,0.7276010922,0.9308595932,238,1062,85,37,260,7,seatgeek
17691920,Los Angeles Angels at Athletics,2026-06-21 02:05:00.000,0.6873425107000001,0.9093211539,59,228,136,62,476,317,seatgeek
17691433,Baltimore Orioles at Los Angeles Dodgers,2026-06-21 02:10:00.000,0.8246763533,0.9741240178,625,1798,176,73,2331,1,seatgeek
17691760,Boston Red Sox at Seattle Mariners,2026-06-21 02:10:00.000,0.7519597389,0.9402757456,420,1517,112,42,1088,13,seatgeek
17692488,Minnesota Twins at Arizona Diamondbacks,2026-06-21 02:10:00.000,0.7339096494,0.9309304095,398,2061,79,26,447,30,seatgeek
17691558,Cincinnati Reds at New York Yankees,2026-06-21 17:35:00.000,0.8348828981,0.954408052,1065,5006,165,33,11303,8,seatgeek
17692688,Milwaukee Brewers at Atlanta Braves,2026-06-21 17:35:00.000,0.8044872539,0.9365191167,790,1941,114,24,1257,418889,seatgeek
17693170,Chicago White Sox at Detroit Tigers,2026-06-21 17:40:00.000,0.7911195824,0.9310216809,751,1714,127,40,1168,12,seatgeek
17693504,San Francisco Giants at Miami Marlins,2026-06-21 17:40:00.000,0.6963988729,0.8863390584,447,1759,69,22,859,6371,seatgeek
17696378,Washington Nationals at Tampa Bay Rays,2026-06-21 17:40:00.000,0.7106635274,0.8936966625,211,823,78,28,628,4,seatgeek
17693340,Cleveland Guardians at Houston Astros,2026-06-21 18:10:00.000,0.8078957224000001,0.9384512376,793,2929,77,24,1143,20,seatgeek
17696211,St. Louis Cardinals at Kansas City Royals,2026-06-21 18:10:00.000,0.7520134544,0.9109558128,446,1960,161,33,946,3714,seatgeek
17695856,San Diego Padres at Texas Rangers,2026-06-21 18:35:00.000,0.8070922573,0.9379575607,534,1704,166,32,1774,487468,seatgeek
17691284,Pittsburgh Pirates at Colorado Rockies,2026-06-21 19:10:00.000,0.7599490559000001,0.913200585,1166,5865,107,31,611,7,seatgeek
17692491,Minnesota Twins at Arizona Diamondbacks,2026-06-21 19:15:00.000,0.8056776648,0.9356770827,1086,5439,131,55,993,30,seatgeek
17691924,Los Angeles Angels at Athletics,2026-06-21 20:05:00.000,0.7509188637,0.9081050253,146,475,201,90,884,317,seatgeek
17691434,Baltimore Orioles at Los Angeles Dodgers,2026-06-21 20:10:00.000,0.883813072,0.9724850756,1330,4462,266,78,11418,1,seatgeek
17691761,Boston Red Sox at Seattle Mariners,2026-06-21 20:10:00.000,0.8251406795,0.9448296611,619,2181,185,56,1098,13,seatgeek
17694009,New York Mets at Philadelphia Phillies,2026-06-21 23:20:00.000,0.80503821,0.9863504951,341,733,95,33,1138,18,seatgeek
17693171,New York Yankees at Detroit Tigers,2026-06-22 22:10:00.000,0.7085424584000001,0.9407776905,502,1364,52,16,481,12,seatgeek
17693506,Texas Rangers at Miami Marlins,2026-06-22 22:40:00.000,0.7031638922,0.9381314191,183,619,184,51,13400,6371,seatgeek
17696379,Kansas City Royals at Tampa Bay Rays,2026-06-22 22:40:00.000,0.6154205385,0.8949601179000001,200,750,41,16,515,4,seatgeek
17695043,Philadelphia Phillies at Washington Nationals,2026-06-22 22:45:00.000,0.6807419886,0.9270997044,520,1943,55,12,458,3713,seatgeek
17696024,Houston Astros at Toronto Blue Jays,2026-06-22 23:07:00.000,0.7037424184000001,0.9384160561,443,778,54,13,345,17,seatgeek
17694180,Milwaukee Brewers at Cincinnati Reds,2026-06-22 23:10:00.000,0.6430975447,0.9085780598,246,768,52,11,194,26,seatgeek
17695372,Cleveland Guardians at Chicago White Sox,2026-06-22 23:40:00.000,0.6778845296,0.9256938078,323,1536,72,28,374,3715,seatgeek
17695700,Los Angeles Dodgers at Minnesota Twins,2026-06-22 23:40:00.000,0.7289851961,0.9508355363,163,416,56,27,475,3712,seatgeek
17693661,Arizona Diamondbacks at St. Louis Cardinals,2026-06-22 23:45:00.000,0.6569088056,0.9153734751,252,645,46,16,345,27,seatgeek
17691285,Boston Red Sox at Colorado Rockies,2026-06-23 00:40:00.000,0.6652955,0.9173363464,534,2449,59,19,299,7,seatgeek
17692323,Baltimore Orioles at Los Angeles Angels,2026-06-23 01:38:00.000,0.6236770518,0.8936379198000001,816,3031,28,7,189,28,seatgeek
17692164,Atlanta Braves at San Diego Padres,2026-06-23 02:10:00.000,0.7468730365,0.9531279422,495,1157,76,27,401,24,seatgeek
17696026,Houston Astros at Toronto Blue Jays,2026-06-23 20:07:00.000,0.709715726,0.902031791,899,2296,95,17,1391,17,seatgeek
17693172,New York Yankees at Detroit Tigers,2026-06-23 22:40:00.000,0.7323862795,0.9397591112,285,657,60,19,530,12,seatgeek
17693508,Texas Rangers at Miami Marlins,2026-06-23 22:40:00.000,0.6229079146000001,0.8868206882,168,526,57,14,486,6371,seatgeek
17694883,Seattle Mariners at Pittsburgh Pirates,2026-06-23 22:40:00.000,0.6637550572,0.9065728655,200,888,78,36,332,10,seatgeek
17696380,Kansas City Royals at Tampa Bay Rays,2026-06-23 22:40:00.000,0.6159109736,0.8834371265000001,205,747,37,11,515,4,seatgeek
17695046,Philadelphia Phillies at Washington Nationals,2026-06-23 22:45:00.000,0.7410527699,0.9439496816,280,765,73,25,430,3713,seatgeek
17693818,Chicago Cubs at New York Mets,2026-06-23 23:10:00.000,0.702441979,0.9252798413,1260,6143,36,11,708,3,seatgeek
17694182,Milwaukee Brewers at Cincinnati Reds,2026-06-23 23:10:00.000,0.6982927876,0.9232735277,142,528,94,33,231,26,seatgeek
17695373,Cleveland Guardians at Chicago White Sox,2026-06-23 23:40:00.000,0.6921684895,0.9203121575,361,1867,74,24,379,3715,seatgeek
17695701,Los Angeles Dodgers at Minnesota Twins,2026-06-23 23:40:00.000,0.7075438826,0.9277468275,461,1882,56,13,1253,3712,seatgeek
17693663,Arizona Diamondbacks at St. Louis Cardinals,2026-06-23 23:45:00.000,0.662511638,0.9059716051,278,742,42,14,288,27,seatgeek
17691286,Boston Red Sox at Colorado Rockies,2026-06-24 00:40:00.000,0.671765477,0.908252909,407,1701,60,22,345,7,seatgeek
17692324,Baltimore Orioles at Los Angeles Angels,2026-06-24 01:38:00.000,0.6142053773,0.8771329483,974,3600,28,7,799,28,seatgeek
17692162,Atlanta Braves at San Diego Padres,2026-06-24 01:40:00.000,0.7208234373,0.9288458764,678,1668,59,16,799,24,seatgeek
17692040,Athletics at San Francisco Giants,2026-06-24 01:45:00.000,0.7296213409000001,0.9325711597,508,1246,98,25,563,22,seatgeek
17693509,Texas Rangers at Miami Marlins,2026-06-24 16:10:00.000,0.6127975079,0.8485244711000001,337,1523,75,12,2107,6371,seatgeek
17693819,Chicago Cubs at New York Mets (Rescheduled from 6/22),2026-06-24 17:10:00.000,0.7572836863,0.9202919641,1784,8528,44,11,923,3,seatgeek
17695377,Cleveland Guardians at Chicago White Sox,2026-06-24 18:10:00.000,0.6576406938,0.8661898839000001,1567,8641,78,17,572,3715,seatgeek
17691287,Boston Red Sox at Colorado Rockies,2026-06-24 19:10:00.000,0.7099002031,0.8937723587,1842,9864,82,17,541,7,seatgeek
17692327,Baltimore Orioles at Los Angeles Angels,2026-06-24 20:07:00.000,0.6471695864,0.8594069787,1499,6861,37,6,11303,28,seatgeek
17693176,New York Yankees at Detroit Tigers,2026-06-24 22:40:00.000,0.7414125636000001,0.9330931568,304,706,65,19,482,12,seatgeek
17694886,Seattle Mariners at Pittsburgh Pirates,2026-06-24 22:40:00.000,0.6937328843,0.910471813,323,1351,91,27,382,10,seatgeek
17696381,Kansas City Royals at Tampa Bay Rays,2026-06-24 22:40:00.000,0.6301903541,0.880323376,191,776,38,12,515,4,seatgeek
17695048,Philadelphia Phillies at Washington Nationals,2026-06-24 22:45:00.000,0.7203667702000001,0.9231081552,288,842,101,27,1024,3713,seatgeek
17696029,Houston Astros at Toronto Blue Jays,2026-06-24 23:07:00.000,0.7076069993,0.9170543512,354,706,68,17,345,17,seatgeek
17693820,Chicago Cubs at New York Mets,2026-06-24 23:10:00.000,0.7172156937,0.921613147,1025,5674,28,11,515,3,seatgeek
17694183,Milwaukee Brewers at Cincinnati Reds,2026-06-24 23:10:00.000,0.7067187798,0.9166329391,159,604,132,16,649,26,seatgeek
17695704,Los Angeles Dodgers at Minnesota Twins,2026-06-24 23:40:00.000,0.8081650567,0.9647630067,114,379,204,42,11536,3712,seatgeek
17693666,Arizona Diamondbacks at St. Louis Cardinals,2026-06-24 23:45:00.000,0.6777644772,0.9028955801,278,803,41,12,401,27,seatgeek
17692165,Atlanta Braves at San Diego Padres,2026-06-25 00:40:00.000,0.7332916717,0.9270552975,669,1591,64,13,1296,24,seatgeek
17692042,Athletics at San Francisco Giants,2026-06-25 01:45:00.000,0.7275003062000001,0.9207335826,877,2442,99,28,1420,22,seatgeek
17696383,Kansas City Royals at Tampa Bay Rays,2026-06-25 16:10:00.000,0.6422702091,0.8539081521,281,1241,61,19,572,4,seatgeek
17694888,Seattle Mariners at Pittsburgh Pirates,2026-06-25 16:35:00.000,0.6704300805,0.8682287546,396,1758,108,32,645,10,seatgeek
17692041,Athletics at San Francisco Giants,2026-06-25 19:45:00.000,0.7776734328,0.914814639,1213,4240,122,33,2545,22,seatgeek
17693177,Houston Astros at Detroit Tigers,2026-06-25 22:40:00.000,0.6750051068,0.9025932242,669,1880,32,11,324,12,seatgeek
17695050,Philadelphia Phillies at Washington Nationals,2026-06-25 22:45:00.000,0.747760863,0.9372498764,341,1063,82,22,430,3713,seatgeek
17696031,Texas Rangers at Toronto Blue Jays,2026-06-25 23:07:00.000,0.6755359157,0.9028460756,500,1200,82,16,878,17,seatgeek
17692849,New York Yankees at Boston Red Sox,2026-06-25 23:10:00.000,0.8267931053,0.9748955533,329,754,174,73,912,21,seatgeek
17693821,Chicago Cubs at New York Mets,2026-06-25 23:10:00.000,0.725599406,0.9266935387,956,5100,37,8,572,3,seatgeek
17693178,Houston Astros at Detroit Tigers,2026-06-26 22:40:00.000,0.7343816272,0.925696811,289,584,57,22,458,12,seatgeek
17694889,Cincinnati Reds at Pittsburgh Pirates,2026-06-26 22:40:00.000,0.701694204,0.9101552711,379,1364,100,32,475,10,seatgeek
17694726,Washington Nationals at Baltimore Orioles,2026-06-26 23:05:00.000,0.7230663354,0.9203168697,199,521,51,22,228,25,seatgeek
17696032,Texas Rangers at Toronto Blue Jays,2026-06-26 23:07:00.000,0.7115564343,0.9148443797,252,571,106,29,749,17,seatgeek
17692852,New York Yankees at Boston Red Sox,2026-06-26 23:10:00.000,0.8215683347,0.9671499881,459,1160,145,56,861,21,seatgeek
17693009,Seattle Mariners at Cleveland Guardians,2026-06-26 23:10:00.000,0.7511337744000001,0.9336617164,237,664,134,37,690,6,seatgeek
17693822,Philadelphia Phillies at New York Mets,2026-06-26 23:10:00.000,0.7374621748,0.9271614776,1234,5578,55,11,1003,3,seatgeek
17696387,Arizona Diamondbacks at Tampa Bay Rays,2026-06-26 23:10:00.000,0.622784341,0.872635596,247,987,45,20,316,4,seatgeek
17695379,Kansas City Royals at Chicago White Sox,2026-06-26 23:40:00.000,0.7189615401,0.918365209,321,1469,77,22,391,3715,seatgeek
17695540,Chicago Cubs at Milwaukee Brewers,2026-06-26 23:45:00.000,0.7836077007000001,0.9491015569,212,555,119,40,649,15,seatgeek
17695705,Colorado Rockies at Minnesota Twins,2026-06-27 00:10:00.000,0.6621008966,0.8907784866,193,599,64,21,600,3712,seatgeek
17693670,Miami Marlins at St. Louis Cardinals,2026-06-27 00:15:00.000,0.6504304534,0.8848862451,405,1176,44,12,388,27,seatgeek
17692328,Athletics at Los Angeles Angels,2026-06-27 01:38:00.000,0.6405999486,0.8757977816,1092,5286,38,8,383,28,seatgeek
17692169,Los Angeles Dodgers at San Diego Padres,2026-06-27 01:45:00.000,0.8274949112000001,0.9650952091,745,1714,236,84,5112,24,seatgeek
17692043,Atlanta Braves at San Francisco Giants,2026-06-27 02:15:00.000,0.7283579866000001,0.916329065,747,1998,172,22,4129,22,seatgeek
17692854,New York Yankees at Boston Red Sox,2026-06-27 17:10:00.000,0.8451381565,0.9498789267,1047,2962,269,84,3145,21,seatgeek
17693182,Houston Astros at Detroit Tigers,2026-06-27 17:10:00.000,0.7354145665,0.8956519261,989,3136,68,16,650,12,seatgeek
17696033,Texas Rangers at Toronto Blue Jays,2026-06-27 19:07:00.000,0.7401017686,0.8951714122000001,505,1487,158,28,1903,17,seatgeek
17694890,Cincinnati Reds at Pittsburgh Pirates,2026-06-27 20:05:00.000,0.7384512403,0.891935307,574,1899,128,41,1361,10,seatgeek
17693823,Philadelphia Phillies at New York Mets,2026-06-27 20:10:00.000,0.7497940355,0.8987615722000001,2004,8014,93,15,1934,3,seatgeek
17695380,Kansas City Royals at Chicago White Sox,2026-06-27 20:10:00.000,0.7243680517000001,0.8851658289000001,2036,10378,96,20,1134,3715,seatgeek
17696390,Arizona Diamondbacks at Tampa Bay Rays,2026-06-27 22:10:00.000,0.6738732023,0.8754028775,58,159,69,32,610,4,seatgeek
17694727,Washington Nationals at Baltimore Orioles,2026-06-27 23:05:00.000,0.7403134157,0.9063623064,168,380,65,28,310,25,seatgeek
17693011,Seattle Mariners at Cleveland Guardians,2026-06-27 23:10:00.000,0.7484339296,0.910146211,238,738,108,46,1068,6,seatgeek
17695542,Chicago Cubs at Milwaukee Brewers,2026-06-27 23:10:00.000,0.771370351,0.9208338314,212,468,91,36,274,15,seatgeek
17695707,Colorado Rockies at Minnesota Twins,2026-06-27 23:10:00.000,0.6899309196,0.8828854413,180,541,51,22,401,3712,seatgeek
17693671,Miami Marlins at St. Louis Cardinals,2026-06-27 23:15:00.000,0.7088433047,0.891698145,207,439,64,18,364,27,seatgeek
17692171,Los Angeles Dodgers at San Diego Padres,2026-06-28 00:40:00.000,0.8263327894,0.9445898566,428,910,215,96,1657,24,seatgeek
17692044,Atlanta Braves at San Francisco Giants,2026-06-28 01:05:00.000,0.7262048089,0.8967050829000001,674,2232,97,37,387,22,seatgeek
17692331,Athletics at Los Angeles Angels,2026-06-28 01:38:00.000,0.6335281804,0.8512718372,1131,5390,111,7,91521,28,seatgeek
17694728,Washington Nationals at Baltimore Orioles,2026-06-28 17:35:00.000,0.7551992863,0.8809267713000001,439,1407,65,22,212,25,seatgeek
17694893,Cincinnati Reds at Pittsburgh Pirates,2026-06-28 17:35:00.000,0.6803698344,0.8457714852,476,2228,123,39,1396,10,seatgeek
17696037,Texas Rangers at Toronto Blue Jays,2026-06-28 17:37:00.000,0.7235470281,0.8664180437000001,615,1774,148,29,1526,17,seatgeek
17693014,Seattle Mariners at Cleveland Guardians,2026-06-28 17:40:00.000,0.7465042478,0.8767316722,503,1551,96,31,1057,6,seatgeek
17693183,Houston Astros at Detroit Tigers,2026-06-28 17:40:00.000,0.720779589,0.8650298005,834,2127,72,15,1421,12,seatgeek
17693830,Philadelphia Phillies at New York Mets,2026-06-28 17:40:00.000,0.7658610337,0.8866469546,1502,6490,144,13,11653,3,seatgeek
17696391,Arizona Diamondbacks at Tampa Bay Rays,2026-06-28 17:40:00.000,0.6587799469,0.8360631104,311,1396,69,24,610,4,seatgeek
17695383,Kansas City Royals at Chicago White Sox,2026-06-28 18:10:00.000,0.6953297717,0.8525664806000001,942,5039,79,19,5159,3715,seatgeek
17695544,Chicago Cubs at Milwaukee Brewers,2026-06-28 18:10:00.000,0.7884728504,0.8980189138,467,1462,156,55,1078,15,seatgeek
17695711,Colorado Rockies at Minnesota Twins,2026-06-28 18:10:00.000,0.679108774,0.8455256067,232,705,59,15,464,3712,seatgeek
17693674,Miami Marlins at St. Louis Cardinals,2026-06-28 18:15:00.000,0.6976920535000001,0.85120174,603,1625,80,19,1191,27,seatgeek
17692333,Athletics at Los Angeles Angels,2026-06-28 19:15:00.000,0.649225395,0.8280974873,1485,6387,37,7,655,28,seatgeek
17692045,Atlanta Braves at San Francisco Giants,2026-06-28 20:05:00.000,0.7782886639000001,0.8903430764,1181,4247,126,16,1879,22,seatgeek
17692172,Los Angeles Dodgers at San Diego Padres,2026-06-28 20:10:00.000,0.8596862849,0.9283485771,1327,3189,237,78,2346,24,seatgeek
17692855,New York Yankees at Boston Red Sox,2026-06-28 23:20:00.000,0.8324458201,0.9776308355,313,739,183,80,1075,21,seatgeek
17694735,Chicago White Sox at Baltimore Orioles,2026-06-29 22:35:00.000,0.6688463031,0.8902331795,246,657,33,14,345,25,seatgeek
17694013,Pittsburgh Pirates at Philadelphia Phillies,2026-06-29 22:40:00.000,0.7822177523,0.9437835881,244,530,76,33,572,18,seatgeek
17691559,Detroit Tigers at New York Yankees,2026-06-29 23:05:00.000,0.7434758302000001,0.9254842579,339,760,85,20,1112,8,seatgeek
17696038,New York Mets at Toronto Blue Jays,2026-06-29 23:07:00.000,0.7315616297,0.9198566823,385,719,71,19,401,17,seatgeek
17692856,Washington Nationals at Boston Red Sox,2026-06-29 23:10:00.000,0.742780716,0.9251559268,439,1134,93,33,600,21,seatgeek
17693016,Texas Rangers at Cleveland Guardians,2026-06-29 23:10:00.000,0.6850124749000001,0.8978693407,407,1490,82,23,553,6,seatgeek
17695547,Cincinnati Reds at Milwaukee Brewers,2026-06-29 23:40:00.000,0.6515526327000001,0.882064337,137,375,57,11,270,15,seatgeek
17695217,San Diego Padres at Chicago Cubs,2026-06-30 00:05:00.000,0.7632334838,0.9345398729,736,1695,117,25,1442,11,seatgeek
17693341,Minnesota Twins at Houston Astros,2026-06-30 00:10:00.000,0.6390677877000001,0.8756005003,364,1170,43,11,405,20,seatgeek
17691288,Miami Marlins at Colorado Rockies,2026-06-30 00:40:00.000,0.6281770848,0.868685107,151,441,49,17,244,7,seatgeek
17691764,Los Angeles Angels at Seattle Mariners,2026-06-30 01:40:00.000,0.6717582154,0.8864694249,200,604,59,16,283,13,seatgeek
17691925,Los Angeles Dodgers at Athletics,2026-06-30 01:40:00.000,0.7363958509,0.9175366635,63,183,326,181,742,317,seatgeek
17692493,San Francisco Giants at Arizona Diamondbacks,2026-06-30 01:40:00.000,0.6557359431,0.8786966668,202,556,54,19,288,30,seatgeek
17694736,Chicago White Sox at Baltimore Orioles,2026-06-30 22:35:00.000,0.6773601566,0.8901383131,187,539,32,16,254,25,seatgeek
17693018,Texas Rangers at Cleveland Guardians,2026-06-30 22:40:00.000,0.673418563,0.8882803244,436,1558,80,27,542,6,seatgeek
17694016,Pittsburgh Pirates at Philadelphia Phillies,2026-06-30 22:40:00.000,0.7975529531000001,0.9467934487,205,451,113,46,1817,18,seatgeek
17691560,Detroit Tigers at New York Yankees,2026-06-30 23:05:00.000,0.7434456367000001,0.9212891732,446,1377,60,12,799,8,seatgeek
17696041,New York Mets at Toronto Blue Jays,2026-06-30 23:07:00.000,0.7457736739,0.9223865328,233,514,607,33,116504,17,seatgeek
17692860,Washington Nationals at Boston Red Sox,2026-06-30 23:10:00.000,0.7668183204,0.9323062574,286,688,93,38,486,21,seatgeek
17692689,St. Louis Cardinals at Atlanta Braves,2026-06-30 23:15:00.000,0.7357785814000001,0.9176751731,480,1177,69,8,636,418889,seatgeek
17695549,Cincinnati Reds at Milwaukee Brewers,2026-06-30 23:40:00.000,0.6476812308000001,0.8761481235,160,416,56,8,387,15,seatgeek
17696212,Tampa Bay Rays at Kansas City Royals,2026-06-30 23:40:00.000,0.6366914766,0.8709676273,366,1627,56,10,560,3714,seatgeek
17695220,San Diego Padres at Chicago Cubs,2026-07-01 00:05:00.000,0.7696863817,0.9333632302,990,2594,108,22,2222,11,seatgeek
17693342,Minnesota Twins at Houston Astros,2026-07-01 00:10:00.000,0.6605736917,0.881635626,369,1084,52,14,433,20,seatgeek
17691289,Miami Marlins at Colorado Rockies,2026-07-01 00:40:00.000,0.6034637107,0.8529226078000001,250,943,49,16,355,7,seatgeek
17691765,Los Angeles Angels at Seattle Mariners,2026-07-01 01:40:00.000,0.6617636842,0.8773844507,316,1146,1551,16,18574,13,seatgeek
17691927,Los Angeles Dodgers at Athletics,2026-07-01 01:40:00.000,0.7551057106,0.9223240039,92,259,274,118,685,317,seatgeek
17692495,San Francisco Giants at Arizona Diamondbacks,2026-07-01 01:40:00.000,0.6537562173,0.8738050983000001,578,2404,46,14,339,30,seatgeek
17694737,Chicago White Sox at Baltimore Orioles,2026-07-01 16:35:00.000,0.6757968533,0.8561272572,538,2152,31,11,172,25,seatgeek
17693020,Texas Rangers at Cleveland Guardians,2026-07-01 17:10:00.000,0.6869761517,0.8612822744,593,2194,85,19,1047,6,seatgeek
17691561,Detroit Tigers at New York Yankees,2026-07-01 17:35:00.000,0.7308447371,0.8848961885000001,1970,8659,99,7,1803,8,seatgeek
17692861,Washington Nationals at Boston Red Sox,2026-07-01 17:35:00.000,0.7958062002,0.9144104843,1049,3659,99,23,1154,21,seatgeek
17695222,San Diego Padres at Chicago Cubs,2026-07-01 18:20:00.000,0.8236019777,0.9255221483,1578,4161,103,19,1864,11,seatgeek
17696042,New York Mets at Toronto Blue Jays,2026-07-01 19:07:00.000,0.7860987313000001,0.9094849602,945,2610,193,45,2135,17,seatgeek
17694017,Pittsburgh Pirates at Philadelphia Phillies,2026-07-01 22:40:00.000,0.8022757772,0.9218903408,298,662,88,45,288,18,seatgeek
17692692,St. Louis Cardinals at Atlanta Braves,2026-07-01 23:15:00.000,0.7115187006,0.8802217312,694,1927,67,8,1071,418889,seatgeek
17696213,Tampa Bay Rays at Kansas City Royals,2026-07-01 23:40:00.000,0.6411501754000001,0.8479130009,327,990,44,10,288,3714,seatgeek
17693346,Minnesota Twins at Houston Astros,2026-07-02 00:10:00.000,0.6705982975,0.8608544195000001,322,816,54,14,405,20,seatgeek
17695551,Cincinnati Reds at Milwaukee Brewers,2026-07-02 00:10:00.000,0.6277582191000001,0.8411923108,131,380,62,11,320,15,seatgeek
17691290,Miami Marlins at Colorado Rockies,2026-07-02 00:40:00.000,0.6126244426,0.8325344436000001,278,801,40,11,257,7,seatgeek
17691930,Los Angeles Dodgers at Athletics,2026-07-02 01:40:00.000,0.7463123194,0.8913376121000001,89,220,335,136,1366,317,seatgeek
17692496,San Francisco Giants at Arizona Diamondbacks,2026-07-02 01:40:00.000,0.6438783456,0.844084932,480,1905,46,13,339,30,seatgeek
17694019,Pittsburgh Pirates at Philadelphia Phillies,2026-07-02 16:35:00.000,0.7736524923,0.879048599,1531,4386,51,16,1934,18,seatgeek
17695553,Cincinnati Reds at Milwaukee Brewers,2026-07-02 18:10:00.000,0.7471437221,0.8646294639000001,329,1361,109,27,708,15,seatgeek
17691291,Miami Marlins at Colorado Rockies,2026-07-02 19:10:00.000,0.6401780327000001,0.8124410411,836,4195,100,13,915,7,seatgeek
17693021,Chicago White Sox at Cleveland Guardians,2026-07-02 22:40:00.000,0.6921640078,0.9100756263,386,1272,115,29,1047,6,seatgeek
17692693,St. Louis Cardinals at Atlanta Braves,2026-07-02 23:15:00.000,0.7362199177000001,0.9312313983,526,1531,69,11,1139,418889,seatgeek
17696217,Tampa Bay Rays at Kansas City Royals,2026-07-02 23:40:00.000,0.6621361503000001,0.8956559215000001,320,1395,63,10,515,3714,seatgeek
17695859,Detroit Tigers at Texas Rangers,2026-07-03 00:05:00.000,0.719562996,0.9229508754,301,870,278,26,58753,487468,seatgeek
17691766,Los Angeles Angels at Seattle Mariners,2026-07-03 01:40:00.000,0.680174774,0.8990749158,244,736,59,17,572,13,seatgeek
17691436,San Diego Padres at Los Angeles Dodgers,2026-07-03 02:10:00.000,0.8276101097,0.9686453345,338,801,466,286,9084,1,seatgeek
17695225,St. Louis Cardinals at Chicago Cubs,2026-07-03 20:05:00.000,0.8648521966,0.957525691,1136,3293,195,70,1262,11,seatgeek
17695051,Pittsburgh Pirates at Washington Nationals,2026-07-03 22:45:00.000,0.791558677,0.9180019004,801,3228,98,22,1436,3713,seatgeek
17691562,Minnesota Twins at New York Yankees,2026-07-03 23:05:00.000,0.8155379456,0.9314131055,1730,8695,134,34,1650,8,seatgeek
17693023,Chicago White Sox at Cleveland Guardians,2026-07-03 23:10:00.000,0.801027454,0.9210826543,481,1483,157,48,1342,6,seatgeek
17694188,Baltimore Orioles at Cincinnati Reds,2026-07-03 23:10:00.000,0.7276078933,0.8863367579,573,2566,65,17,572,26,seatgeek
17692695,New York Mets at Atlanta Braves,2026-07-03 23:15:00.000,0.8169343721000001,0.9295077253,1066,3313,142,25,1729,418889,seatgeek
17691292,San Francisco Giants at Colorado Rockies,2026-07-04 00:10:00.000,0.7923706181,0.9275721162,924,5227,159,71,839,7,seatgeek
17693348,Tampa Bay Rays at Houston Astros,2026-07-04 00:15:00.000,0.7828508998,0.9236542788,750,2859,106,23,874,20,seatgeek
17692335,Boston Red Sox at Los Angeles Angels,2026-07-04 01:38:00.000,0.7527323298,0.906425612,1579,9704,57,8,1197,28,seatgeek
17691931,Miami Marlins at Athletics,2026-07-04 01:40:00.000,0.6657791328,0.8656835824,219,1031,98,30,1073,317,seatgeek
17692497,Milwaukee Brewers at Arizona Diamondbacks,2026-07-04 01:45:00.000,0.7531203317,0.905441457,1028,5392,148,39,756,30,seatgeek
17691435,San Diego Padres at Los Angeles Dodgers,2026-07-04 02:10:00.000,0.8608216137,0.9594515999,1419,5053,266,73,7713,1,seatgeek
17691770,Toronto Blue Jays at Seattle Mariners,2026-07-04 02:10:00.000,0.7982501178,0.9287523688,688,2745,182,39,4852,13,seatgeek
17695052,Pittsburgh Pirates at Washington Nationals,2026-07-04 15:05:00.000,0.6786258511000001,0.892989306,861,4036,65,20,760,3713,seatgeek
17691563,Minnesota Twins at New York Yankees,2026-07-04 17:35:00.000,0.6819394692,0.8946100313,2074,10919,92,8,1409,8,seatgeek
17695860,Detroit Tigers at Texas Rangers,2026-07-04 20:05:00.000,0.7639385966000001,0.9347162435,518,1923,119,38,668,487468,seatgeek
17691772,Toronto Blue Jays at Seattle Mariners,2026-07-04 20:10:00.000,0.7355681454,0.9208401711,744,2987,326,38,91521,13,seatgeek
17693025,Chicago White Sox at Cleveland Guardians,2026-07-04 23:10:00.000,0.717536544,0.9120208311,740,2491,121,45,1047,6,seatgeek
17693349,Tampa Bay Rays at Houston Astros,2026-07-04 23:10:00.000,0.7552817545,0.9304821612,885,3148,101,23,839,20,seatgeek
17694190,Baltimore Orioles at Cincinnati Reds,2026-07-04 23:10:00.000,0.7093218,0.9080029515,736,2767,53,10,1342,26,seatgeek
17692697,New York Mets at Atlanta Braves,2026-07-05 00:08:00.000,0.7516834359,0.9283198031,752,2143,208,50,1485,418889,seatgeek
17695226,St. Louis Cardinals at Chicago Cubs,2026-07-05 00:08:00.000,0.7735807124,0.9390191234,1385,4071,235,64,11303,11,seatgeek
17691293,San Francisco Giants at Colorado Rockies,2026-07-05 00:10:00.000,0.7428655161000001,0.9238738114,923,6066,160,69,1695,7,seatgeek
17696219,Philadelphia Phillies at Kansas City Royals,2026-07-05 00:10:00.000,0.6670186081,0.8868010021,325,1435,178,42,1423,3714,seatgeek
17692336,Boston Red Sox at Los Angeles Angels,2026-07-05 01:38:00.000,0.6872744716,0.8923838449,1650,10346,57,10,1734,28,seatgeek
17691932,Miami Marlins at Athletics,2026-07-05 01:40:00.000,0.6611901372,0.87893896,167,610,215,87,857,317,seatgeek
17692501,Milwaukee Brewers at Arizona Diamondbacks,2026-07-05 01:40:00.000,0.7247677421000001,0.9105094819,1257,6690,174,47,939,30,seatgeek
17691442,San Diego Padres at Los Angeles Dodgers,2026-07-05 02:10:00.000,0.7887420915000001,0.94109602,934,2871,444,130,13250,1,seatgeek
17692700,New York Mets at Atlanta Braves,2026-07-05 16:30:00.000,0.6773000799000001,0.8622326083,1704,6217,103,10,1167,418889,seatgeek
17695053,Pittsburgh Pirates at Washington Nationals,2026-07-05 17:00:00.000,0.6844536431,0.8633480512,735,2991,90,16,882,3713,seatgeek
17694191,Baltimore Orioles at Cincinnati Reds,2026-07-05 17:05:00.000,0.6490880683,0.8461933009,738,2978,74,11,13400,26,seatgeek
17691564,Minnesota Twins at New York Yankees,2026-07-05 17:35:00.000,0.7068814536,0.8759569882,2247,12083,90,10,2278,8,seatgeek
17693028,Chicago White Sox at Cleveland Guardians,2026-07-05 18:00:00.000,0.6928739653,0.8658516566000001,669,2321,107,23,1047,6,seatgeek
17695227,St. Louis Cardinals at Chicago Cubs,2026-07-05 18:30:00.000,0.7943261039,0.9166968567,1387,3681,168,54,11303,11,seatgeek
17696221,Philadelphia Phillies at Kansas City Royals,2026-07-05 19:00:00.000,0.6405600657,0.8399638133,563,2201,95,14,799,3714,seatgeek
17693352,Tampa Bay Rays at Houston Astros,2026-07-05 19:30:00.000,0.7092547851000001,0.8725225119000001,876,3803,85,19,1377,20,seatgeek
17695863,Detroit Tigers at Texas Rangers,2026-07-05 19:30:00.000,0.7434309713,0.8904391217000001,826,3836,92,16,1636,487468,seatgeek
17691294,San Francisco Giants at Colorado Rockies,2026-07-05 20:00:00.000,0.6728996109000001,0.8555138222,1142,5684,111,17,1342,7,seatgeek
17692502,Milwaukee Brewers at Arizona Diamondbacks,2026-07-05 20:00:00.000,0.6800010552,0.8591224401,1797,8163,106,17,576,30,seatgeek
17691936,Miami Marlins at Athletics,2026-07-05 20:30:00.000,0.6101160302,0.8239058425,414,2295,63,19,551,317,seatgeek
17691773,Toronto Blue Jays at Seattle Mariners,2026-07-05 21:00:00.000,0.7535794165,0.8947400324,1039,4555,176,33,9083,13,seatgeek
17691443,San Diego Padres at Los Angeles Dodgers,2026-07-05 23:20:00.000,0.7455658679,0.9263225767,1321,4459,183,28,91521,1,seatgeek
17692339,Boston Red Sox at Los Angeles Angels,2026-07-06 01:30:00.000,0.6234188028000001,0.8612649912,1426,7978,37,7,1033,28,seatgeek
17696222,Philadelphia Phillies at Kansas City Royals,2026-07-06 18:10:00.000,0.6018166895,0.8233079081,466,1840,81,12,799,3714,seatgeek
17696392,New York Yankees at Tampa Bay Rays,2026-07-06 22:40:00.000,0.6913268496,0.8872802136,210,720,76,33,685,4,seatgeek
17695060,Houston Astros at Washington Nationals,2026-07-06 22:45:00.000,0.6031475408,0.8445986067,498,1887,71,11,753,3713,seatgeek
17692701,New York Mets at Atlanta Braves,2026-07-06 23:15:00.000,0.6906553311,0.8869551842000001,646,2018,88,10,515,418889,seatgeek
17693676,Milwaukee Brewers at St. Louis Cardinals,2026-07-06 23:45:00.000,0.6271897272,0.8562360466000001,456,1387,38,11,401,27,seatgeek
17692174,Arizona Diamondbacks at San Diego Padres,2026-07-07 01:40:00.000,0.6643547571,0.8691465879,894,2411,44,12,799,24,seatgeek
17692046,Toronto Blue Jays at San Francisco Giants,2026-07-07 01:45:00.000,0.6412275613,0.8576874118000001,1010,3381,56,11,1612,22,seatgeek
17691444,Colorado Rockies at Los Angeles Dodgers,2026-07-07 02:10:00.000,0.7293240564,0.8996163106,1144,3887,139,56,1423,1,seatgeek
17693622,Milwaukee Brewers at St. Louis Cardinals (Rescheduled from 5/5),2026-07-07 18:15:00.000,0.618187782,0.8182744944,583,2035,37,10,2984,27,seatgeek
17694738,Chicago Cubs at Baltimore Orioles,2026-07-07 22:35:00.000,0.639100946,0.8965954498,303,966,33,8,288,25,seatgeek
17693184,Athletics at Detroit Tigers,2026-07-07 22:40:00.000,0.6681784696,0.9112946236,154,332,54,15,149,12,seatgeek
17693512,Seattle Mariners at Miami Marlins,2026-07-07 22:40:00.000,0.5787798018,0.8661010503000001,170,498,66,16,753,6371,seatgeek
17694894,Atlanta Braves at Pittsburgh Pirates,2026-07-07 22:40:00.000,0.6537773322,0.9040146348,312,1376,108,26,409,10,seatgeek
17696396,New York Yankees at Tampa Bay Rays,2026-07-07 22:40:00.000,0.6850680725,0.9198325162,99,286,74,33,1139,4,seatgeek
17695061,Houston Astros at Washington Nationals,2026-07-07 22:45:00.000,0.6177636095,0.8858089041,334,1206,70,17,753,3713,seatgeek
17693831,Kansas City Royals at New York Mets,2026-07-07 23:10:00.000,0.6385892258,0.8963367646,1266,6821,38,12,750,3,seatgeek
17694192,Philadelphia Phillies at Cincinnati Reds,2026-07-07 23:10:00.000,0.6527908879000001,0.9035159708,178,742,106,17,509,26,seatgeek
17695386,Boston Red Sox at Chicago White Sox,2026-07-07 23:40:00.000,0.6543347737,0.9042964307,221,924,103,28,441,3715,seatgeek
17695712,Cleveland Guardians at Minnesota Twins,2026-07-07 23:40:00.000,0.6196678938,0.8867715737,64,165,71,21,262,3712,seatgeek
17693677,Milwaukee Brewers at St. Louis Cardinals,2026-07-07 23:45:00.000,0.593847936,0.8737186995,403,1319,34,12,300,27,seatgeek
17695865,Los Angeles Angels at Texas Rangers,2026-07-08 00:05:00.000,0.6231370217000001,0.8882403537,495,1602,56,11,691,487468,seatgeek
17692175,Arizona Diamondbacks at San Diego Padres,2026-07-08 01:40:00.000,0.6582044314000001,0.9008654373,807,2090,47,13,799,24,seatgeek
17692047,Toronto Blue Jays at San Francisco Giants,2026-07-08 01:45:00.000,0.6426200139,0.8929718462,1003,3464,49,13,579,22,seatgeek
17691446,Colorado Rockies at Los Angeles Dodgers,2026-07-08 02:10:00.000,0.7008607033,0.9211412197,1396,4909,112,39,1366,1,seatgeek
17692048,Toronto Blue Jays at San Francisco Giants,2026-07-08 19:45:00.000,0.6967446767000001,0.8901085427000001,1103,3737,125,19,14409,22,seatgeek
17694739,Chicago Cubs at Baltimore Orioles,2026-07-08 22:35:00.000,0.663514114,0.9005903275,249,673,34,11,345,25,seatgeek
17693188,Athletics at Detroit Tigers,2026-07-08 22:40:00.000,0.6450316003000001,0.891377768,146,365,59,15,572,12,seatgeek
17693513,Seattle Mariners at Miami Marlins,2026-07-08 22:40:00.000,0.5769853864,0.8574590965000001,211,730,60,16,753,6371,seatgeek
17694896,Atlanta Braves at Pittsburgh Pirates,2026-07-08 22:40:00.000,0.6265074992,0.8821443741,272,1267,77,19,351,10,seatgeek
17696397,New York Yankees at Tampa Bay Rays,2026-07-08 22:40:00.000,0.6926714013,0.9151235477,58,166,128,41,1139,4,seatgeek
17695062,Houston Astros at Washington Nationals,2026-07-08 22:45:00.000,0.6536636738,0.8956804132,262,846,72,15,475,3713,seatgeek
17693832,Kansas City Royals at New York Mets,2026-07-08 23:10:00.000,0.6639680372,0.9008165832,1100,6580,24,11,831,3,seatgeek
17694194,Philadelphia Phillies at Cincinnati Reds,2026-07-08 23:10:00.000,0.6801301209,0.9088724641,263,891,106,28,453,26,seatgeek
17695384,Boston Red Sox at Chicago White Sox,2026-07-08 23:40:00.000,0.6476855217,0.8927006138,724,3930,69,16,458,3715,seatgeek
17695714,Cleveland Guardians at Minnesota Twins,2026-07-08 23:40:00.000,0.5937439927,0.8658129306000001,56,148,70,29,264,3712,seatgeek
17693678,Milwaukee Brewers at St. Louis Cardinals,2026-07-08 23:45:00.000,0.6360553538,0.8869035461,392,1237,37,13,288,27,seatgeek
17695866,Los Angeles Angels at Texas Rangers,2026-07-09 00:05:00.000,0.6294311465,0.8833178486000001,383,1103,59,16,1091,487468,seatgeek
17691447,Colorado Rockies at Los Angeles Dodgers,2026-07-09 02:10:00.000,0.7466664912000001,0.9359603487,952,3509,172,91,2047,1,seatgeek
17692177,Arizona Diamondbacks at San Diego Padres,2026-07-09 02:10:00.000,0.6869400619,0.9056341555,580,1629,59,23,898,24,seatgeek
17694899,Atlanta Braves at Pittsburgh Pirates,2026-07-09 16:35:00.000,0.6412940752,0.8595046229000001,446,1932,108,28,1143,10,seatgeek
17693833,Kansas City Royals at New York Mets,2026-07-09 17:10:00.000,0.6538938644,0.8636191386000001,1790,8939,48,8,1520,3,seatgeek
17696399,New York Yankees at Tampa Bay Rays,2026-07-09 17:10:00.000,0.6914702681,0.8811576648,362,1640,116,39,1139,4,seatgeek
17695716,Cleveland Guardians at Minnesota Twins,2026-07-09 17:40:00.000,0.6255354364,0.849143541,165,573,79,19,344,3712,seatgeek
17695388,Boston Red Sox at Chicago White Sox,2026-07-09 18:10:00.000,0.6342415163,0.8524015626,1317,7129,81,14,501,3715,seatgeek
17694740,Chicago Cubs at Baltimore Orioles,2026-07-09 22:35:00.000,0.6607055099,0.8603874712,557,2455,37,11,478,25,seatgeek
17693189,Athletics at Detroit Tigers,2026-07-09 22:40:00.000,0.6508696937,0.8516441713,431,1200,41,11,447,12,seatgeek
17693516,Seattle Mariners at Miami Marlins,2026-07-09 22:40:00.000,0.5847805476,0.817590366,160,610,70,19,753,6371,seatgeek
17694195,Philadelphia Phillies at Cincinnati Reds,2026-07-09 23:10:00.000,0.6605750141,0.8598945293,236,801,62,11,359,26,seatgeek
17693682,Milwaukee Brewers at St. Louis Cardinals,2026-07-09 23:45:00.000,0.6593555586000001,0.8566383819000001,407,1183,40,11,305,27,seatgeek
17695867,Los Angeles Angels at Texas Rangers,2026-07-10 00:05:00.000,0.6656046526,0.8733398447,352,903,58,13,685,487468,seatgeek
17692180,Arizona Diamondbacks at San Diego Padres,2026-07-10 01:40:00.000,0.6998118352,0.8882065636,474,1203,46,15,335,24,seatgeek
17692049,Colorado Rockies at San Francisco Giants,2026-07-10 01:45:00.000,0.6650879597,0.8702082118000001,1162,3764,59,12,527,22,seatgeek
17693190,Philadelphia Phillies at Detroit Tigers,2026-07-10 22:40:00.000,0.6845832499000001,0.8890900235,241,503,66,30,461,12,seatgeek
17694900,Milwaukee Brewers at Pittsburgh Pirates,2026-07-10 22:40:00.000,0.6637289693,0.8790868942000001,431,1649,105,14,457,10,seatgeek
17695063,New York Yankees at Washington Nationals,2026-07-10 22:45:00.000,0.7385430791,0.9149724801,413,1363,87,39,721,3713,seatgeek
17694747,Kansas City Royals at Baltimore Orioles,2026-07-10 23:05:00.000,0.659854659,0.8772285,213,450,47,17,458,25,seatgeek
17693518,Cleveland Guardians at Miami Marlins,2026-07-10 23:10:00.000,0.5984940245,0.8477947951,155,493,62,24,408,6371,seatgeek
17694199,Chicago Cubs at Cincinnati Reds,2026-07-10 23:10:00.000,0.6828664676,0.8882665417000001,134,320,118,28,470,26,seatgeek
17696402,Seattle Mariners at Tampa Bay Rays,2026-07-10 23:10:00.000,0.6213510877,0.8587591729,225,838,40,16,481,4,seatgeek
17693834,Boston Red Sox at New York Mets,2026-07-10 23:15:00.000,0.6977825134,0.8954212408000001,1162,6552,66,18,764,3,seatgeek
17695389,Athletics at Chicago White Sox,2026-07-10 23:40:00.000,0.7371897165,0.9143233281,459,2057,105,27,449,3715,seatgeek
17695870,Houston Astros at Texas Rangers,2026-07-11 00:05:00.000,0.700324818,0.8963205082000001,285,827,102,24,1178,487468,seatgeek
17695718,Los Angeles Angels at Minnesota Twins,2026-07-11 00:10:00.000,0.6015099725,0.8486133772000001,130,311,60,22,401,3712,seatgeek
17693683,Atlanta Braves at St. Louis Cardinals,2026-07-11 00:15:00.000,0.6372159904,0.8654307962000001,322,843,54,17,515,27,seatgeek
17692183,Toronto Blue Jays at San Diego Padres,2026-07-11 01:40:00.000,0.6966419361,0.8890234969,826,1901,180,22,91521,24,seatgeek
17691449,Arizona Diamondbacks at Los Angeles Dodgers,2026-07-11 02:10:00.000,0.7337168565000001,0.9055115022,1079,3441,142,50,1752,1,seatgeek
17692050,Colorado Rockies at San Francisco Giants,2026-07-11 02:15:00.000,0.6717793793,0.8758123239000001,887,3069,75,28,424,22,seatgeek
17695390,Athletics at Chicago White Sox,2026-07-11 18:10:00.000,0.6731229535000001,0.8457115431000001,833,3708,96,28,785,3715,seatgeek
17695719,Los Angeles Angels at Minnesota Twins,2026-07-11 18:10:00.000,0.6340417196,0.8300917342,341,1373,50,17,356,3712,seatgeek
17692051,Colorado Rockies at San Francisco Giants,2026-07-11 20:05:00.000,0.7327900651,0.8755440315,1124,3730,130,37,1620,22,seatgeek
17694901,Milwaukee Brewers at Pittsburgh Pirates,2026-07-11 20:05:00.000,0.6905479314,0.8530687123,561,2137,177,42,11536,10,seatgeek
17695064,New York Yankees at Washington Nationals,2026-07-11 20:05:00.000,0.771822522,0.8931556605000001,929,3514,143,39,2361,3713,seatgeek
17693520,Cleveland Guardians at Miami Marlins,2026-07-11 20:10:00.000,0.634222457,0.8241793039,475,2042,56,16,570,6371,seatgeek
17693835,Boston Red Sox at New York Mets,2026-07-11 20:10:00.000,0.737509344,0.8769000961000001,1691,7153,109,22,2468,3,seatgeek
17696404,Seattle Mariners at Tampa Bay Rays,2026-07-11 20:10:00.000,0.6753267062,0.8476375528000001,419,1835,83,22,1067,4,seatgeek
17693194,Philadelphia Phillies at Detroit Tigers,2026-07-11 22:10:00.000,0.7157182583,0.8957878359,116,196,491,33,12062,12,seatgeek
17694748,Kansas City Royals at Baltimore Orioles,2026-07-11 23:05:00.000,0.6986710961,0.8877103768,90,164,44,20,156,25,seatgeek
17695871,Houston Astros at Texas Rangers,2026-07-11 23:05:00.000,0.7720881889000001,0.9224973892,173,389,87,29,559,487468,seatgeek
17694202,Chicago Cubs at Cincinnati Reds,2026-07-11 23:10:00.000,0.7157191397,0.8957882536,307,804,65,11,581,26,seatgeek
17693686,Atlanta Braves at St. Louis Cardinals,2026-07-11 23:15:00.000,0.7183563394,0.8970378347,228,510,69,25,393,27,seatgeek
17692185,Toronto Blue Jays at San Diego Padres,2026-07-12 00:40:00.000,0.7216288768,0.8966313698,771,1688,76,20,818,24,seatgeek
17691454,Arizona Diamondbacks at Los Angeles Dodgers,2026-07-12 01:10:00.000,0.7513783561,0.9094254739,1206,4172,144,50,1555,1,seatgeek
17694907,Milwaukee Brewers at Pittsburgh Pirates,2026-07-12 16:15:00.000,0.7329999153,0.8741253185000001,326,1123,136,46,2479,10,seatgeek
17694751,Kansas City Royals at Baltimore Orioles,2026-07-12 17:35:00.000,0.6924616517000001,0.8525884852000001,371,1199,48,20,293,25,seatgeek
17695066,New York Yankees at Washington Nationals,2026-07-12 17:35:00.000,0.7834851131,0.8960272225,852,3328,109,32,3313,3713,seatgeek
17693195,Philadelphia Phillies at Detroit Tigers,2026-07-12 17:40:00.000,0.7397680457,0.8762393815,721,2287,91,25,730,12,seatgeek
17693521,Cleveland Guardians at Miami Marlins,2026-07-12 17:40:00.000,0.6496035855,0.8324807979000001,337,1327,57,12,394,6371,seatgeek
17693842,Boston Red Sox at New York Mets,2026-07-12 17:40:00.000,0.75640583,0.8846986002,1360,6162,118,27,2845,3,seatgeek
17694203,Chicago Cubs at Cincinnati Reds,2026-07-12 17:40:00.000,0.7000329662,0.8578439674,396,1425,105,16,3651,26,seatgeek
17696403,Seattle Mariners at Tampa Bay Rays,2026-07-12 17:40:00.000,0.7026075149000001,0.8570233258000001,336,1329,92,26,714,4,seatgeek
17695395,Athletics at Chicago White Sox,2026-07-12 18:10:00.000,0.6762358003000001,0.8431698896,728,2983,163,23,2808,3715,seatgeek
17695723,Los Angeles Angels at Minnesota Twins,2026-07-12 18:10:00.000,0.6473094381000001,0.8315937268,297,1005,59,19,373,3712,seatgeek
17693688,Atlanta Braves at St. Louis Cardinals,2026-07-12 18:15:00.000,0.6973375071,0.8550625654,607,1509,72,18,514,27,seatgeek
17695875,Houston Astros at Texas Rangers,2026-07-12 18:35:00.000,0.7719616102,0.8902755828000001,594,1977,124,22,1759,487468,seatgeek
17692052,Colorado Rockies at San Francisco Giants,2026-07-12 20:05:00.000,0.7386878097,0.8732634168000001,1309,4933,120,32,2082,22,seatgeek
17691455,Arizona Diamondbacks at Los Angeles Dodgers,2026-07-12 20:10:00.000,0.820231885,0.9111214667,1333,5466,262,80,7303,1,seatgeek
17692186,Toronto Blue Jays at San Diego Padres,2026-07-12 20:10:00.000,0.7654867056,0.8851050378,979,2478,76,22,572,24,seatgeek
17694020,New York Mets at Philadelphia Phillies,2026-07-16 22:10:00.000,0.7086903927,0.9098602338,759,1936,50,12,540,18,seatgeek
17692809,Tampa Bay Rays at Boston Red Sox (Rescheduled from 5/9),2026-07-17 17:35:00.000,0.7195224879000001,0.8829334189,1010,3019,109,35,1139,21,seatgeek
17691565,Los Angeles Dodgers at New York Yankees,2026-07-17 23:05:00.000,0.7710040199,0.9268433409,242,870,161,52,1707,8,seatgeek
17692864,Tampa Bay Rays at Boston Red Sox,2026-07-17 23:10:00.000,0.7359743616000001,0.9097034692,158,447,191,84,772,21,seatgeek
17692704,Texas Rangers at Atlanta Braves,2026-07-17 23:15:00.000,0.71712383,0.9004799514,270,563,163,30,1411,418889,seatgeek
17696045,Chicago White Sox at Toronto Blue Jays,2026-07-17 23:15:00.000,0.7021008105000001,0.8931292057,163,327,148,61,483,17,seatgeek
17695555,Miami Marlins at Milwaukee Brewers,2026-07-17 23:40:00.000,0.6481189987,0.866715728,114,254,68,19,403,15,seatgeek
17695228,Minnesota Twins at Chicago Cubs,2026-07-18 00:05:00.000,0.7412326355000001,0.9120137523,430,1026,152,56,1139,11,seatgeek
17693353,Baltimore Orioles at Houston Astros,2026-07-18 00:10:00.000,0.6683599631,0.8760734765,258,547,87,44,748,20,seatgeek
17696223,San Diego Padres at Kansas City Royals,2026-07-18 00:10:00.000,0.622800177,0.8538078533000001,154,542,104,40,668,3714,seatgeek
17691295,Cincinnati Reds at Colorado Rockies,2026-07-18 00:40:00.000,0.647425127,0.8642744352,259,905,87,32,424,7,seatgeek
17692340,Detroit Tigers at Los Angeles Angels,2026-07-18 01:38:00.000,0.6222044261,0.8488028842,774,3470,43,10,575,28,seatgeek
17691937,Washington Nationals at Athletics,2026-07-18 01:40:00.000,0.5860150164,0.8312525126,126,570,73,25,727,317,seatgeek
17692505,St. Louis Cardinals at Arizona Diamondbacks,2026-07-18 01:40:00.000,0.6362579314,0.8558820662000001,374,1594,71,24,373,30,seatgeek
17691776,San Francisco Giants at Seattle Mariners,2026-07-18 02:10:00.000,0.6899579952,0.8811993782,289,999,125,38,685,13,seatgeek
17693030,Pittsburgh Pirates at Cleveland Guardians (Rescheduled from 7/17),2026-07-18 17:10:00.000,0.7235536467,0.9036260474,436,1170,106,27,675,6,seatgeek
17695229,Minnesota Twins at Chicago Cubs,2026-07-18 18:20:00.000,0.7878989052,0.9048158001,1062,2975,224,72,4051,11,seatgeek
17696049,Chicago White Sox at Toronto Blue Jays,2026-07-18 19:07:00.000,0.7194719109000001,0.8702684541,589,1636,183,37,1938,17,seatgeek
17691296,Cincinnati Reds at Colorado Rockies,2026-07-18 19:10:00.000,0.6607964509,0.8397345415,595,2491,61,14,399,7,seatgeek
17694021,New York Mets at Philadelphia Phillies,2026-07-18 20:05:00.000,0.7410517545,0.8796025585,1307,3889,87,27,540,18,seatgeek
17692507,St. Louis Cardinals at Arizona Diamondbacks,2026-07-18 20:10:00.000,0.6895392466,0.8538934847,770,4471,91,33,1466,30,seatgeek
17692705,Texas Rangers at Atlanta Braves,2026-07-18 20:10:00.000,0.7247695435,0.8710731727000001,910,2589,105,16,1286,418889,seatgeek
17692866,Tampa Bay Rays at Boston Red Sox,2026-07-18 20:10:00.000,0.7463857066,0.8823971012,1091,3220,166,40,1307,21,seatgeek
17693354,Baltimore Orioles at Houston Astros,2026-07-18 20:10:00.000,0.7005834029,0.8584215503,619,2213,89,21,819,20,seatgeek
17695556,Miami Marlins at Milwaukee Brewers,2026-07-18 20:10:00.000,0.6958726329,0.8558716913000001,441,1341,107,22,596,15,seatgeek
17696224,San Diego Padres at Kansas City Royals,2026-07-18 20:10:00.000,0.6480520842,0.8328093716,423,1526,136,28,13400,3714,seatgeek
17693032,Pittsburgh Pirates at Cleveland Guardians,2026-07-18 23:10:00.000,0.690539458,0.8765081233,328,1046,107,30,636,6,seatgeek
17691777,San Francisco Giants at Seattle Mariners,2026-07-19 00:08:00.000,0.6836330008,0.8728229155,135,272,144,40,855,13,seatgeek
17691939,Washington Nationals at Athletics,2026-07-19 02:05:00.000,0.6024722882,0.8285138506,83,255,99,37,814,317,seatgeek
17692343,Detroit Tigers at Los Angeles Angels,2026-07-19 02:07:00.000,0.6326179806000001,0.8426885709,938,4092,32,7,575,28,seatgeek
17696047,Chicago White Sox at Toronto Blue Jays,2026-07-19 16:15:00.000,0.7079049308,0.8562254602,621,1446,155,33,1267,17,seatgeek
17691566,Los Angeles Dodgers at New York Yankees (Rescheduled from 7/18),2026-07-19 16:35:00.000,0.7285172115,0.8943963602,954,2791,176,22,2388,8,seatgeek
17692706,Texas Rangers at Atlanta Braves,2026-07-19 17:35:00.000,0.666574807,0.8333624925,861,2733,81,11,1118,418889,seatgeek
17692867,Tampa Bay Rays at Boston Red Sox,2026-07-19 17:35:00.000,0.7544687712,0.8768576426,871,2475,152,46,1564,21,seatgeek
17694024,New York Mets at Philadelphia Phillies,2026-07-19 17:35:00.000,0.7374256917,0.8687851762000001,1610,4489,85,16,11653,18,seatgeek
17693033,Pittsburgh Pirates at Cleveland Guardians,2026-07-19 17:40:00.000,0.7283134849,0.862738453,410,1202,148,42,1342,6,seatgeek
17693358,Baltimore Orioles at Houston Astros,2026-07-19 18:10:00.000,0.6888420878,0.8437152328,646,2179,72,15,686,20,seatgeek
17695557,Miami Marlins at Milwaukee Brewers,2026-07-19 18:10:00.000,0.6672545863,0.8321731439000001,374,1244,77,19,491,15,seatgeek
17696229,San Diego Padres at Kansas City Royals,2026-07-19 18:10:00.000,0.6256080183,0.8130556818,509,1781,60,19,697,3714,seatgeek
17695235,Minnesota Twins at Chicago Cubs,2026-07-19 18:20:00.000,0.7812959734,0.887714334,1262,3142,154,49,2731,11,seatgeek
17691297,Cincinnati Reds at Colorado Rockies,2026-07-19 19:10:00.000,0.6474835868000001,0.8225098824,613,2543,49,11,337,7,seatgeek
17691942,Washington Nationals at Athletics,2026-07-19 20:05:00.000,0.5888749497,0.7930273351,440,2317,49,11,606,317,seatgeek
17692345,Detroit Tigers at Los Angeles Angels,2026-07-19 20:07:00.000,0.6028757306,0.7970586912000001,1687,8106,43,8,11303,28,seatgeek
17691778,San Francisco Giants at Seattle Mariners,2026-07-19 20:10:00.000,0.7250354402,0.8608604509000001,556,1984,99,25,1414,13,seatgeek
17692508,St. Louis Cardinals at Arizona Diamondbacks,2026-07-19 20:10:00.000,0.6692047912,0.8329738199000001,717,3364,74,22,1073,30,seatgeek
17691567,Los Angeles Dodgers at New York Yankees,2026-07-19 23:20:00.000,0.7624475387,0.8895124784,645,2298,128,15,2334,8,seatgeek
17693035,Minnesota Twins at Cleveland Guardians,2026-07-20 22:40:00.000,0.768911485,0.9568352671,430,1592,88,25,401,6,seatgeek
17691569,Pittsburgh Pirates at New York Yankees,2026-07-20 23:05:00.000,0.7924137612000001,0.9675566796,98,269,169,43,855,8,seatgeek
17696048,Tampa Bay Rays at Toronto Blue Jays,2026-07-20 23:07:00.000,0.8025971201000001,0.9722021621,215,352,120,44,1096,17,seatgeek
17692869,Baltimore Orioles at Boston Red Sox,2026-07-20 23:10:00.000,0.8635331925,1.0,113,283,183,79,490,21,seatgeek
17694027,Los Angeles Dodgers at Philadelphia Phillies,2026-07-20 23:10:00.000,0.8535354642,0.9954392512,251,552,88,33,299,18,seatgeek
17692707,San Diego Padres at Atlanta Braves,2026-07-20 23:15:00.000,0.7608384384,0.9531524331,457,1082,67,8,469,418889,seatgeek
17695558,New York Mets at Milwaukee Brewers,2026-07-20 23:40:00.000,0.7721762807,0.958324627,95,239,44,18,161,15,seatgeek
17696231,San Francisco Giants at Kansas City Royals,2026-07-20 23:40:00.000,0.6850044325,0.9185568816,261,922,40,8,398,3714,seatgeek
17695237,Detroit Tigers at Chicago Cubs,2026-07-21 00:05:00.000,0.838193157,0.9881575524,583,1371,115,38,1461,11,seatgeek
17695876,Chicago White Sox at Texas Rangers,2026-07-21 00:05:00.000,0.7550222234,0.950198254,282,727,62,14,491,487468,seatgeek
17693360,Miami Marlins at Houston Astros,2026-07-21 00:10:00.000,0.6941542924,0.9221256192,362,966,46,12,405,20,seatgeek
17691298,Washington Nationals at Colorado Rockies,2026-07-21 00:40:00.000,0.6775188062,0.9126922526,209,538,42,14,313,7,seatgeek
17691782,Cincinnati Reds at Seattle Mariners,2026-07-21 01:40:00.000,0.731620951,0.9342187782,169,400,676,22,91521,13,seatgeek
17692510,Athletics at Arizona Diamondbacks,2026-07-21 01:40:00.000,0.6865460879,0.9135728591,406,1420,53,17,339,30,seatgeek
17692346,St. Louis Cardinals at Los Angeles Angels,2026-07-21 02:10:00.000,0.6960219459,0.9162104563,708,2872,44,11,557,28,seatgeek
17693036,Minnesota Twins at Cleveland Guardians,2026-07-21 22:40:00.000,0.7531028375000001,0.9035981113,643,2439,90,22,506,6,seatgeek
17694028,Los Angeles Dodgers at Philadelphia Phillies,2026-07-21 22:40:00.000,0.8322519423,0.9936770726,1070,2978,56,8,458,18,seatgeek
17696053,Tampa Bay Rays at Toronto Blue Jays,2026-07-21 23:07:00.000,0.8119420231000001,0.9843258914,255,433,105,25,4373,17,seatgeek
17692712,San Diego Padres at Atlanta Braves,2026-07-21 23:15:00.000,0.7879014121,0.9732569532,331,829,60,11,433,418889,seatgeek
17695563,New York Mets at Milwaukee Brewers,2026-07-21 23:40:00.000,0.728778635,0.9460348306,51,125,69,17,163,15,seatgeek
17696232,San Francisco Giants at Kansas City Royals,2026-07-21 23:40:00.000,0.7062454488000001,0.9356595383,113,387,69,15,481,3714,seatgeek
17695238,Detroit Tigers at Chicago Cubs,2026-07-22 00:05:00.000,0.8465594596,1.0,291,694,163,57,1934,11,seatgeek
17695878,Chicago White Sox at Texas Rangers,2026-07-22 00:05:00.000,0.7356965393,0.9489040621,271,730,61,12,748,487468,seatgeek
17693361,Miami Marlins at Houston Astros,2026-07-22 00:10:00.000,0.7241894461,0.943306718,213,546,71,15,949,20,seatgeek
17691299,Washington Nationals at Colorado Rockies,2026-07-22 00:40:00.000,0.6777969345,0.9200529125,75,197,47,19,153,7,seatgeek
17692347,St. Louis Cardinals at Los Angeles Angels,2026-07-22 01:38:00.000,0.6750233845,0.9154118065,983,3798,33,7,562,28,seatgeek
17691784,Cincinnati Reds at Seattle Mariners,2026-07-22 01:40:00.000,0.747824461,0.9492009367,205,539,65,16,572,13,seatgeek
17692513,Athletics at Arizona Diamondbacks,2026-07-22 01:40:00.000,0.7039599382,0.9289404484,344,1125,47,13,339,30,seatgeek
17691570,Pittsburgh Pirates at New York Yankees,2026-07-22 17:05:00.000,0.8114895324,0.9521566776,1295,5302,98,10,11653,8,seatgeek
17692871,Baltimore Orioles at Boston Red Sox (Rescheduled from 7/21),2026-07-22 17:35:00.000,0.8358201377000001,0.995319953,124,286,136,63,616,21,seatgeek
17695564,New York Mets at Milwaukee Brewers,2026-07-22 18:10:00.000,0.7666892663,0.9287855018,312,1339,86,14,438,15,seatgeek
17696233,San Francisco Giants at Kansas City Royals,2026-07-22 18:10:00.000,0.6941960912,0.8935912835,370,1609,59,12,598,3714,seatgeek
17691300,Washington Nationals at Colorado Rockies,2026-07-22 19:10:00.000,0.7026100481,0.8927698809,448,1713,88,11,486,7,seatgeek
17691786,Cincinnati Reds at Seattle Mariners,2026-07-22 19:40:00.000,0.8098850817000001,0.9459694493,397,1504,113,24,520,13,seatgeek
17692515,Athletics at Arizona Diamondbacks,2026-07-22 19:40:00.000,0.7436770354000001,0.9130793209,552,2364,98,17,884,30,seatgeek
17692351,St. Louis Cardinals at Los Angeles Angels,2026-07-22 20:07:00.000,0.714517228,0.8992474901,1638,7999,36,7,11303,28,seatgeek
17693040,Minnesota Twins at Cleveland Guardians,2026-07-22 22:40:00.000,0.8011661731,0.9559409074,357,1313,105,31,1047,6,seatgeek
17694031,Los Angeles Dodgers at Philadelphia Phillies,2026-07-22 22:40:00.000,0.8653909825,0.9847907317,228,513,86,30,401,18,seatgeek
17691568,Pittsburgh Pirates at New York Yankees (Rescheduled from 7/21),2026-07-22 23:05:00.000,0.8583868765,0.9816444967,251,763,163,28,11653,8,seatgeek
17696054,Tampa Bay Rays at Toronto Blue Jays,2026-07-22 23:07:00.000,0.7923848858,0.951996318,236,422,129,37,1353,17,seatgeek
17692873,Baltimore Orioles at Boston Red Sox,2026-07-22 23:10:00.000,0.899249717,1.0,151,456,324,182,963,21,seatgeek
17692713,San Diego Padres at Atlanta Braves,2026-07-22 23:15:00.000,0.7850973654000001,0.9487227271,213,516,71,12,628,418889,seatgeek
17695881,Chicago White Sox at Texas Rangers,2026-07-23 00:05:00.000,0.7542401865,0.9345786055,201,429,62,18,348,487468,seatgeek
17693363,Miami Marlins at Houston Astros,2026-07-23 00:10:00.000,0.7258321262,0.921497219,136,333,85,21,1057,20,seatgeek
17695240,Detroit Tigers at Chicago Cubs,2026-07-23 00:10:00.000,0.88202649,0.9916609218,309,818,267,80,11772,11,seatgeek
17692716,San Diego Padres at Atlanta Braves,2026-07-23 16:15:00.000,0.7468978177000001,0.8993043661000001,822,2903,77,6,668,418889,seatgeek
17693042,Minnesota Twins at Cleveland Guardians,2026-07-23 17:10:00.000,0.795172162,0.9208999429,417,1408,99,31,1047,6,seatgeek
17696056,Tampa Bay Rays at Toronto Blue Jays,2026-07-23 19:07:00.000,0.8346717236000001,0.9352797795,417,826,156,41,1317,17,seatgeek
17693667,Arizona Diamondbacks at St. Louis Cardinals (Rescheduled from 6/25),2026-07-23 21:15:00.000,0.7174266923,0.9354098294,110,294,40,11,368,27,seatgeek
17693196,Kansas City Royals at Detroit Tigers,2026-07-23 22:40:00.000,0.7725995201,0.9606403892,161,305,48,16,260,12,seatgeek
17695567,Colorado Rockies at Milwaukee Brewers,2026-07-24 20:10:00.000,0.8084163577,0.9389595811,379,1389,64,20,1139,15,seatgeek
17693200,Kansas City Royals at Detroit Tigers,2026-07-24 22:40:00.000,0.83947187,0.9699975921,130,254,89,25,232,12,seatgeek
17694906,Chicago Cubs at Pittsburgh Pirates,2026-07-24 22:40:00.000,0.8097312282,0.956684254,188,668,122,42,549,10,seatgeek
17694032,New York Yankees at Philadelphia Phillies,2026-07-24 22:45:00.000,0.9061737645,0.999856365,327,801,128,56,572,18,seatgeek
17695071,Arizona Diamondbacks at Washington Nationals,2026-07-24 22:45:00.000,0.8178694081000001,0.9603273015,262,943,129,40,1193,3713,seatgeek
17694749,Atlanta Braves at Baltimore Orioles,2026-07-24 23:05:00.000,0.8399412278,0.9702076986,166,475,67,28,837,25,seatgeek
17693524,San Diego Padres at Miami Marlins,2026-07-24 23:10:00.000,0.7119676676000001,0.9129196527,189,590,66,16,880,6371,seatgeek
17693843,Los Angeles Dodgers at New York Mets,2026-07-24 23:10:00.000,0.8654709747,0.981635987,693,3601,123,53,1139,3,seatgeek
17696408,Cleveland Guardians at Tampa Bay Rays,2026-07-24 23:10:00.000,0.7550757633,0.9322175712,100,381,60,31,295,4,seatgeek
17692876,Toronto Blue Jays at Boston Red Sox,2026-07-24 23:15:00.000,0.8935362965,0.9941992789,195,502,199,100,1018,21,seatgeek
17695396,Houston Astros at Chicago White Sox,2026-07-24 23:40:00.000,0.8038831906,0.9540663821,479,2459,100,23,1795,3715,seatgeek
17695882,Seattle Mariners at Texas Rangers,2026-07-25 00:05:00.000,0.7966835846,0.9505498125,195,552,89,21,799,487468,seatgeek
17695724,Athletics at Minnesota Twins,2026-07-25 00:10:00.000,0.7283674303000001,0.9196495449,119,299,75,21,628,3712,seatgeek
17693689,Cincinnati Reds at St. Louis Cardinals,2026-07-25 00:15:00.000,0.7517089795,0.9298169069,256,592,59,21,345,27,seatgeek
17692054,Los Angeles Angels at San Francisco Giants,2026-07-25 02:15:00.000,0.8101627545000001,0.9498296028,350,712,136,50,919,22,seatgeek
17693201,Kansas City Royals at Detroit Tigers,2026-07-25 17:10:00.000,0.8270654164,0.9322644815,723,2377,67,25,790,12,seatgeek
17692053,Los Angeles Angels at San Francisco Giants,2026-07-25 20:05:00.000,0.8481776124,0.9390274668,821,2360,124,41,676,22,seatgeek
17695073,Arizona Diamondbacks at Washington Nationals,2026-07-25 20:05:00.000,0.8294489319,0.9298461726,567,2512,69,24,355,3713,seatgeek
17692877,Toronto Blue Jays at Boston Red Sox,2026-07-25 20:10:00.000,0.908399593,0.9661672731,671,2384,265,106,2392,21,seatgeek
17693526,San Diego Padres at Miami Marlins,2026-07-25 20:10:00.000,0.7476358446,0.8927642337,394,1562,68,21,634,6371,seatgeek
17694035,New York Yankees at Philadelphia Phillies,2026-07-25 22:05:00.000,0.9197353488,0.9997687372,47,122,247,146,742,18,seatgeek
17696410,Cleveland Guardians at Tampa Bay Rays,2026-07-25 22:10:00.000,0.7726937437,0.9341432036,18,58,113,35,255,4,seatgeek
17694910,Chicago Cubs at Pittsburgh Pirates,2026-07-25 22:40:00.000,0.8570267877000001,0.9717817004,66,165,184,74,827,10,seatgeek
17694750,Atlanta Braves at Baltimore Orioles,2026-07-25 23:05:00.000,0.8591700085,0.9727382294,102,243,95,38,337,25,seatgeek
17695399,Houston Astros at Chicago White Sox,2026-07-25 23:10:00.000,0.7856870503000001,0.9399422676,134,385,114,34,429,3715,seatgeek
17695568,Colorado Rockies at Milwaukee Brewers,2026-07-25 23:10:00.000,0.7835111194000001,0.938971126,116,238,91,27,601,15,seatgeek
17695727,Athletics at Minnesota Twins,2026-07-25 23:10:00.000,0.7857363589,0.9399642746,86,200,70,36,515,3712,seatgeek
17693690,Cincinnati Reds at St. Louis Cardinals,2026-07-25 23:15:00.000,0.8194967903,0.9550318497,228,498,75,32,515,27,seatgeek
17693844,Los Angeles Dodgers at New York Mets,2026-07-25 23:15:00.000,0.8855701873,0.9845207302,557,2817,101,39,1139,3,seatgeek
17695885,Seattle Mariners at Texas Rangers,2026-07-25 23:15:00.000,0.8652835078000001,0.9754667102,223,684,125,21,9234,487468,seatgeek
17696412,Cleveland Guardians at Tampa Bay Rays,2026-07-26 16:15:00.000,0.7525221312,0.8940578648,325,1495,86,27,685,4,seatgeek
17692879,Toronto Blue Jays at Boston Red Sox,2026-07-26 17:35:00.000,0.9011255321,0.9589860627,577,1596,268,84,1562,21,seatgeek
17694753,Atlanta Braves at Baltimore Orioles,2026-07-26 17:35:00.000,0.830409424,0.9269795769,509,1706,67,29,295,25,seatgeek
17694911,Chicago Cubs at Pittsburgh Pirates,2026-07-26 17:35:00.000,0.7911199284,0.9107231163,375,1393,92,41,481,10,seatgeek
17695074,Arizona Diamondbacks at Washington Nationals,2026-07-26 17:35:00.000,0.7605297746,0.8951922725,489,2338,53,19,271,3713,seatgeek
17693203,Kansas City Royals at Detroit Tigers,2026-07-26 17:40:00.000,0.7966501085000001,0.9113091778,672,2041,59,19,458,12,seatgeek
17693527,San Diego Padres at Miami Marlins,2026-07-26 17:40:00.000,0.7348049776000001,0.883627894,371,1458,55,16,498,6371,seatgeek
17693845,Los Angeles Dodgers at New York Mets,2026-07-26 17:40:00.000,0.8788698704000001,0.9504796736,1427,6215,175,45,2688,3,seatgeek
17695400,Houston Astros at Chicago White Sox,2026-07-26 18:10:00.000,0.7971625172,0.9098984845,619,3084,64,21,473,3715,seatgeek
17695569,Colorado Rockies at Milwaukee Brewers,2026-07-26 18:10:00.000,0.7936007209,0.9087485027,216,744,88,31,221,15,seatgeek
17695728,Athletics at Minnesota Twins,2026-07-26 18:10:00.000,0.7446445399,0.8858686916,306,1119,51,15,515,3712,seatgeek
17693694,Cincinnati Reds at St. Louis Cardinals,2026-07-26 18:15:00.000,0.7551946992,0.8904318359000001,641,2127,63,14,941,27,seatgeek
17695887,Seattle Mariners at Texas Rangers,2026-07-26 18:35:00.000,0.8511795158000001,0.9349565779,463,1908,74,16,691,487468,seatgeek
17692055,Los Angeles Angels at San Francisco Giants,2026-07-26 20:05:00.000,0.8328507436,0.9252275232,1169,4065,98,32,929,22,seatgeek
17694036,New York Yankees at Philadelphia Phillies,2026-07-26 23:20:00.000,0.9106128527,1.0,309,700,121,58,432,18,seatgeek
17695889,Seattle Mariners at Texas Rangers,2026-07-27 18:35:00.000,0.786140555,0.9097460392,678,2568,61,13,445,487468,seatgeek
17693206,Baltimore Orioles at Detroit Tigers,2026-07-27 22:40:00.000,0.7549591188,0.8880119844000001,718,2441,50,10,742,12,seatgeek
17693530,Philadelphia Phillies at Miami Marlins,2026-07-27 22:40:00.000,0.715976536,0.869163089,309,1308,98,13,11303,6371,seatgeek
17694912,Arizona Diamondbacks at Pittsburgh Pirates,2026-07-27 22:40:00.000,0.7331419011,0.8794215828,349,1906,79,33,293,10,seatgeek
17695075,Toronto Blue Jays at Washington Nationals,2026-07-27 22:45:00.000,0.7553496361,0.8893221034000001,410,1977,64,22,401,3713,seatgeek
17693846,Atlanta Braves at New York Mets,2026-07-27 23:10:00.000,0.77945915,0.9005558632,1557,8274,58,14,1723,3,seatgeek
17695402,New York Yankees at Chicago White Sox,2026-07-27 23:40:00.000,0.7956083865,0.9039298532,865,4932,96,20,909,3715,seatgeek
17693696,Chicago Cubs at St. Louis Cardinals,2026-07-27 23:45:00.000,0.7978469571,0.9067256743,650,2294,147,22,11536,27,seatgeek
17692353,Houston Astros at Los Angeles Angels,2026-07-28 01:38:00.000,0.7099023252000001,0.87679488,1261,5054,42,7,11303,28,seatgeek
17691944,Boston Red Sox at Athletics,2026-07-28 01:40:00.000,0.7258838908,0.8815307616,223,1005,94,28,1342,317,seatgeek
17692056,Milwaukee Brewers at San Francisco Giants,2026-07-28 01:45:00.000,0.7767719394,0.907618474,1032,3811,65,16,3670,22,seatgeek
17694206,Cleveland Guardians at Cincinnati Reds (Rescheduled from 7/27/26),2026-07-28 17:40:00.000,0.7851156963,0.9654212516,432,1405,69,13,1342,26,seatgeek
17693207,Baltimore Orioles at Detroit Tigers,2026-07-28 22:40:00.000,0.7755775176,0.9610556592,530,1329,58,19,489,12,seatgeek
17693532,Philadelphia Phillies at Miami Marlins,2026-07-28 22:40:00.000,0.711965502,0.931940152,260,1057,50,15,383,6371,seatgeek
17694914,Arizona Diamondbacks at Pittsburgh Pirates,2026-07-28 22:40:00.000,0.7149255499,0.9332950056,309,1437,86,28,423,10,seatgeek
17696414,Texas Rangers at Tampa Bay Rays,2026-07-28 22:40:00.000,0.6904321744,0.9220839463,214,630,61,21,558,4,seatgeek
17695076,Toronto Blue Jays at Washington Nationals,2026-07-28 22:45:00.000,0.7562668987000001,0.9522172056,370,1419,60,16,416,3713,seatgeek
17694205,Cleveland Guardians at Cincinnati Reds,2026-07-28 23:10:00.000,0.7696713123000001,0.9583524014,343,1129,93,35,770,26,seatgeek
17695404,New York Yankees at Chicago White Sox,2026-07-28 23:40:00.000,0.8059268773,0.9749464161,493,1990,118,20,675,3715,seatgeek
17695731,Kansas City Royals at Minnesota Twins,2026-07-28 23:40:00.000,0.7176362885,0.9345357443,104,260,99,24,502,3712,seatgeek
17693697,Chicago Cubs at St. Louis Cardinals,2026-07-28 23:45:00.000,0.7758606789,0.9611852614,544,1543,75,19,685,27,seatgeek
17692354,Houston Astros at Los Angeles Angels,2026-07-29 01:38:00.000,0.6493252635,0.8976398662,1372,5594,36,7,11303,28,seatgeek
17691945,Boston Red Sox at Athletics,2026-07-29 01:40:00.000,0.6855700288000001,0.9138687672,194,816,90,27,1253,317,seatgeek
17692187,Colorado Rockies at San Diego Padres,2026-07-29 01:40:00.000,0.8207973459,0.9762398375,598,1605,93,40,515,24,seatgeek
17692057,Milwaukee Brewers at San Francisco Giants,2026-07-29 01:45:00.000,0.7713411506000001,0.9531859687,841,2479,52,19,458,22,seatgeek
17691456,Seattle Mariners at Los Angeles Dodgers,2026-07-29 02:10:00.000,0.8747182961000001,1.0,878,3121,189,106,1870,1,seatgeek
17693534,Philadelphia Phillies at Miami Marlins,2026-07-29 16:10:00.000,0.6983975835,0.892318506,325,1316,55,14,457,6371,seatgeek
17694917,Arizona Diamondbacks at Pittsburgh Pirates,2026-07-29 16:35:00.000,0.70528786,0.8950648947000001,313,1689,86,41,483,10,seatgeek
17695079,Toronto Blue Jays at Washington Nationals,2026-07-29 17:05:00.000,0.7591960425000001,0.9197465567,474,2200,55,15,273,3713,seatgeek
17693208,Baltimore Orioles at Detroit Tigers,2026-07-29 17:10:00.000,0.8146444163000001,0.9449725865,708,2283,63,20,520,12,seatgeek
17693854,Atlanta Braves at New York Mets,2026-07-29 17:10:00.000,0.7631833782,0.9221552487,1984,9533,63,8,3411,3,seatgeek
17692058,Milwaukee Brewers at San Francisco Giants,2026-07-29 19:45:00.000,0.8188130181000001,0.9427168206,1085,3771,73,23,620,22,seatgeek
17692190,Colorado Rockies at San Diego Padres,2026-07-29 20:10:00.000,0.8080064356000001,0.9378346881,1166,3708,41,11,912,24,seatgeek
17696415,Texas Rangers at Tampa Bay Rays,2026-07-29 22:40:00.000,0.6893325422000001,0.9287457911,115,305,56,11,401,4,seatgeek
17693847,Atlanta Braves at New York Mets (Rescheduled from 7/28/26),2026-07-29 23:10:00.000,0.7609328732,0.9623775683,1402,7348,39,11,1139,3,seatgeek
17694207,Cleveland Guardians at Cincinnati Reds,2026-07-29 23:10:00.000,0.7350877852000001,0.9502378832,199,633,120,27,466,26,seatgeek
17695407,New York Yankees at Chicago White Sox,2026-07-29 23:40:00.000,0.7914482376,0.9767107922,388,2380,59,24,1204,3715,seatgeek
17695732,Kansas City Royals at Minnesota Twins,2026-07-29 23:40:00.000,0.7011652542,0.9343039035,49,146,55,16,367,3712,seatgeek
17693700,Chicago Cubs at St. Louis Cardinals,2026-07-29 23:45:00.000,0.7831930295,0.9728332898,266,656,61,22,572,27,seatgeek
17692355,Houston Astros at Los Angeles Angels,2026-07-30 01:38:00.000,0.6749589266,0.9160947108,564,2057,40,10,479,28,seatgeek
17691948,Boston Red Sox at Athletics,2026-07-30 01:40:00.000,0.6600366076,0.909248702,150,691,87,17,1139,317,seatgeek
17691457,Seattle Mariners at Los Angeles Dodgers,2026-07-30 02:10:00.000,0.8221749388,0.984345981,1096,3823,137,61,1402,1,seatgeek
17696416,Texas Rangers at Tampa Bay Rays,2026-07-30 16:10:00.000,0.6719125053,0.8870704301000001,255,1083,48,13,458,4,seatgeek
17695735,Kansas City Royals at Minnesota Twins,2026-07-30 17:40:00.000,0.7039199779,0.8978490111,146,450,70,19,372,3712,seatgeek
17695409,New York Yankees at Chicago White Sox,2026-07-30 18:10:00.000,0.7880147709,0.9399269572,846,4918,66,21,587,3715,seatgeek
17693701,Chicago Cubs at St. Louis Cardinals,2026-07-30 18:15:00.000,0.795662417,0.9442573507,398,1224,55,17,587,27,seatgeek
17693855,Miami Marlins at New York Mets,2026-07-30 23:10:00.000,0.7171825816,0.9414719649,1219,6885,32,8,501,3,seatgeek
17694210,Pittsburgh Pirates at Cincinnati Reds,2026-07-30 23:10:00.000,0.718123105,0.9419142737,230,794,67,13,457,26,seatgeek
17692717,Washington Nationals at Atlanta Braves,2026-07-30 23:15:00.000,0.7821198979,0.9720101995,325,808,76,16,766,418889,seatgeek
17691950,Boston Red Sox at Athletics,2026-07-31 01:40:00.000,0.6913108203,0.9237446766,115,464,90,33,572,317,seatgeek
17692192,San Francisco Giants at San Diego Padres,2026-07-31 01:40:00.000,0.8172486079,0.9832345141,404,901,121,39,1045,24,seatgeek
17691458,Seattle Mariners at Los Angeles Dodgers,2026-07-31 02:10:00.000,0.8186290886,0.982885695,873,2512,140,58,1124,1,seatgeek
17695241,New York Yankees at Chicago Cubs,2026-07-31 18:20:00.000,0.9113215643,0.999956656,961,2992,304,100,2388,11,seatgeek
17694213,Pittsburgh Pirates at Cincinnati Reds,2026-07-31 22:10:00.000,0.7858705113000001,0.9545364219,158,463,92,22,628,26,seatgeek
17694758,Philadelphia Phillies at Baltimore Orioles,2026-07-31 23:05:00.000,0.8336209771,0.9765239988,231,647,63,27,343,25,seatgeek
17696058,St. Louis Cardinals at Toronto Blue Jays,2026-07-31 23:07:00.000,0.8056066715,0.9636243206,106,162,156,73,611,17,seatgeek
17693044,Arizona Diamondbacks at Cleveland Guardians,2026-07-31 23:10:00.000,0.8197933232,0.9701568198,117,315,182,31,1047,6,seatgeek
17693856,Miami Marlins at New York Mets,2026-07-31 23:10:00.000,0.7872790414,0.9551850083,1057,5406,75,22,668,3,seatgeek
17696420,Chicago White Sox at Tampa Bay Rays,2026-07-31 23:10:00.000,0.7254236663,0.9267021693,140,494,51,16,345,4,seatgeek
17692718,Washington Nationals at Atlanta Braves,2026-07-31 23:15:00.000,0.8211800922,0.9707953817,382,908,75,15,1139,418889,seatgeek
17693364,Texas Rangers at Houston Astros,2026-08-01 00:15:00.000,0.8115919122,0.9655260573,314,773,120,45,345,20,seatgeek
17691301,Kansas City Royals at Colorado Rockies,2026-08-01 00:40:00.000,0.7395871937,0.9309289717,312,870,90,32,492,7,seatgeek
17692358,Milwaukee Brewers at Los Angeles Angels,2026-08-01 01:38:00.000,0.7481377105,0.931532874,679,2750,181,16,18666,28,seatgeek
17691951,Detroit Tigers at Athletics,2026-08-01 01:40:00.000,0.6539745806,0.8881690169,224,1172,64,21,345,317,seatgeek
17692195,San Francisco Giants at San Diego Padres,2026-08-01 01:45:00.000,0.8114543792000001,0.9609186736,603,1325,126,40,2047,24,seatgeek
17691460,Boston Red Sox at Los Angeles Dodgers,2026-08-01 02:10:00.000,0.856524283,0.9806535513,988,3426,162,63,1366,1,seatgeek
17691788,Minnesota Twins at Seattle Mariners,2026-08-01 02:10:00.000,0.787658491,0.9482211765,315,1156,104,32,595,13,seatgeek
17696061,St. Louis Cardinals at Toronto Blue Jays,2026-08-01 19:07:00.000,0.8195984072,0.9353713158,384,888,190,50,4373,17,seatgeek
17691789,Minnesota Twins at Seattle Mariners,2026-08-01 20:10:00.000,0.8202170052000001,0.9336112756,591,2350,144,30,9083,13,seatgeek
17693857,Miami Marlins at New York Mets,2026-08-01 20:10:00.000,0.8029449687,0.9259274562,1626,7004,77,13,4827,3,seatgeek
17696422,Chicago White Sox at Tampa Bay Rays,2026-08-01 20:10:00.000,0.7590047103,0.905361904,345,1574,89,35,541,4,seatgeek
17694215,Pittsburgh Pirates at Cincinnati Reds,2026-08-01 22:40:00.000,0.7316462594,0.9250984254,862,3259,50,8,492,26,seatgeek
17694760,Philadelphia Phillies at Baltimore Orioles,2026-08-01 23:05:00.000,0.8474147176,0.9782454741,124,215,141,63,458,25,seatgeek
17693367,Texas Rangers at Houston Astros,2026-08-01 23:10:00.000,0.8563749574,0.9823589015,167,448,123,46,348,20,seatgeek
17692719,Washington Nationals at Atlanta Braves,2026-08-01 23:15:00.000,0.806456284,0.9594424034,231,505,82,21,1111,418889,seatgeek
17693045,Arizona Diamondbacks at Cleveland Guardians,2026-08-01 23:15:00.000,0.7831274296,0.9487326099,353,1113,112,32,517,6,seatgeek
17695244,New York Yankees at Chicago Cubs,2026-08-01 23:15:00.000,0.8948024626000001,1.0,673,1743,146,50,1139,11,seatgeek
17691302,Kansas City Royals at Colorado Rockies,2026-08-02 00:10:00.000,0.7356366664,0.9263636644,341,1492,347,39,91521,7,seatgeek
17692196,San Francisco Giants at San Diego Padres,2026-08-02 00:40:00.000,0.81735469,0.962375164,401,790,106,40,666,24,seatgeek
17691466,Boston Red Sox at Los Angeles Dodgers,2026-08-02 01:10:00.000,0.8593455028,0.980185129,769,2524,176,78,2842,1,seatgeek
17692361,Milwaukee Brewers at Los Angeles Angels,2026-08-02 01:38:00.000,0.698504769,0.9044482591,1025,4812,31,7,522,28,seatgeek
17691954,Detroit Tigers at Athletics,2026-08-02 01:40:00.000,0.6744297445,0.8937667565,168,719,69,24,522,317,seatgeek
17692724,Washington Nationals at Atlanta Braves,2026-08-02 17:35:00.000,0.7535543675,0.899522972,1004,3888,69,10,919,418889,seatgeek
17694761,Philadelphia Phillies at Baltimore Orioles,2026-08-02 17:35:00.000,0.8450998005,0.9448432937,594,1912,103,33,628,25,seatgeek
17696062,St. Louis Cardinals at Toronto Blue Jays,2026-08-02 17:37:00.000,0.8296801497,0.9372691888,306,676,232,61,10495,17,seatgeek
17693046,Arizona Diamondbacks at Cleveland Guardians,2026-08-02 17:40:00.000,0.7608315261,0.9028874602,591,1951,104,21,1047,6,seatgeek
17693862,Miami Marlins at New York Mets,2026-08-02 17:40:00.000,0.7961942596,0.9210837284,1700,8141,66,16,2028,3,seatgeek
17694217,Pittsburgh Pirates at Cincinnati Reds,2026-08-02 17:40:00.000,0.7149493003,0.8810041655,672,2613,53,11,491,26,seatgeek
17696423,Chicago White Sox at Tampa Bay Rays,2026-08-02 17:40:00.000,0.7413462769,0.8959267486,235,863,118,40,1854,4,seatgeek
17693370,Texas Rangers at Houston Astros,2026-08-02 18:10:00.000,0.8402466283000001,0.9409252242,654,2058,131,31,877,20,seatgeek
17695246,New York Yankees at Chicago Cubs,2026-08-02 18:20:00.000,0.9248796152,0.9794401838,1226,3533,230,62,3137,11,seatgeek
17691303,Kansas City Royals at Colorado Rockies,2026-08-02 19:10:00.000,0.7441326989,0.8941305551000001,561,2365,65,17,412,7,seatgeek
17692362,Milwaukee Brewers at Los Angeles Angels,2026-08-02 19:15:00.000,0.7315740472000001,0.8901380521000001,1355,6225,40,8,11303,28,seatgeek
17691955,Detroit Tigers at Athletics,2026-08-02 20:05:00.000,0.6674109785,0.8589800229000001,350,1806,69,20,1381,317,seatgeek
17691790,Minnesota Twins at Seattle Mariners,2026-08-02 20:10:00.000,0.8286698045,0.9318320036,564,2269,105,28,1031,13,seatgeek
17692197,San Francisco Giants at San Diego Padres,2026-08-02 20:10:00.000,0.8407246469,0.9392532908,871,2390,99,30,889,24,seatgeek
17691467,Boston Red Sox at Los Angeles Dodgers,2026-08-02 23:20:00.000,0.8797396212,0.9794547492,810,2735,140,53,3011,1,seatgeek
17694039,Washington Nationals at Philadelphia Phillies,2026-08-03 22:40:00.000,0.7633816842000001,0.9597455674,526,1203,60,15,572,18,seatgeek
17691571,St. Louis Cardinals at New York Yankees,2026-08-03 23:05:00.000,0.7417510638,0.9494232395,380,1135,79,16,1366,8,seatgeek
17695573,Pittsburgh Pirates at Milwaukee Brewers,2026-08-03 23:40:00.000,0.6791408537,0.9195445646,80,221,82,15,505,15,seatgeek
17695249,Los Angeles Dodgers at Chicago Cubs,2026-08-04 00:05:00.000,0.8292861641,0.990930452,717,2045,171,61,1423,11,seatgeek
17695890,San Francisco Giants at Texas Rangers,2026-08-04 00:05:00.000,0.6982571073,0.9283890269,313,823,69,13,691,487468,seatgeek
17693371,Toronto Blue Jays at Houston Astros,2026-08-04 00:10:00.000,0.6793693847000001,0.9191038621,286,826,57,16,462,20,seatgeek
17691304,Tampa Bay Rays at Colorado Rockies,2026-08-04 00:40:00.000,0.6294969476,0.8933291758,509,2423,59,16,316,7,seatgeek
17692516,San Diego Padres at Arizona Diamondbacks,2026-08-04 01:40:00.000,0.6925148207,0.9207689791,371,1028,108,20,686,30,seatgeek
17694762,Los Angeles Angels at Baltimore Orioles,2026-08-04 22:35:00.000,0.7042112456,0.9314209935,264,889,27,10,345,25,seatgeek
17693047,New York Mets at Cleveland Guardians,2026-08-04 22:40:00.000,0.7426919754,0.9498078077,96,236,88,34,1047,6,seatgeek
17694040,Washington Nationals at Philadelphia Phillies,2026-08-04 22:40:00.000,0.8034294692,0.9788288968,266,666,61,22,235,18,seatgeek
17694219,Athletics at Cincinnati Reds,2026-08-04 22:40:00.000,0.6909087391000001,0.9250647256,277,1071,90,27,501,26,seatgeek
17691572,St. Louis Cardinals at New York Yankees,2026-08-04 23:05:00.000,0.7636436872,0.959818825,105,416,100,30,457,8,seatgeek
17692881,Chicago White Sox at Boston Red Sox,2026-08-04 23:10:00.000,0.8387526811,0.9957066182,289,881,139,59,532,21,seatgeek
17692725,Miami Marlins at Atlanta Braves,2026-08-04 23:15:00.000,0.6905230099,0.9248804139,809,2954,53,7,697,418889,seatgeek
17695572,Pittsburgh Pirates at Milwaukee Brewers,2026-08-04 23:40:00.000,0.6784957766,0.9191334533,92,214,74,20,357,15,seatgeek
17696234,Minnesota Twins at Kansas City Royals,2026-08-04 23:40:00.000,0.6923605697,0.9257584489,186,891,53,16,589,3714,seatgeek
17695250,Los Angeles Dodgers at Chicago Cubs,2026-08-05 00:05:00.000,0.8400289745,0.9960679,326,843,208,85,1390,11,seatgeek
17695893,San Francisco Giants at Texas Rangers,2026-08-05 00:05:00.000,0.7042410784,0.9311444165,328,850,62,13,691,487468,seatgeek
17693372,Toronto Blue Jays at Houston Astros,2026-08-05 00:10:00.000,0.7151418702,0.9360530148,188,465,76,19,307,20,seatgeek
17691305,Tampa Bay Rays at Colorado Rockies,2026-08-05 00:40:00.000,0.6446016061000001,0.9005220356,150,485,124,15,1363,7,seatgeek
17691792,Detroit Tigers at Seattle Mariners,2026-08-05 01:40:00.000,0.7088689693,0.9280288364,384,1578,68,16,1012,13,seatgeek
17692519,San Diego Padres at Arizona Diamondbacks,2026-08-05 01:40:00.000,0.667275349,0.9085037521,513,1996,76,17,897,30,seatgeek
17693376,Toronto Blue Jays at Houston Astros,2026-08-05 18:10:00.000,0.7556105795,0.9208393999,519,1953,88,22,847,20,seatgeek
17695252,Los Angeles Dodgers at Chicago Cubs,2026-08-05 18:20:00.000,0.860386803,0.9726697313,1449,4134,151,46,1744,11,seatgeek
17695894,San Francisco Giants at Texas Rangers,2026-08-05 18:35:00.000,0.7686922915000001,0.9267296556,617,2153,89,14,1215,487468,seatgeek
17691306,Tampa Bay Rays at Colorado Rockies,2026-08-05 19:10:00.000,0.6844782404,0.883870603,803,4051,54,11,425,7,seatgeek
17694764,Los Angeles Angels at Baltimore Orioles,2026-08-05 22:35:00.000,0.6898958332,0.9243247473,335,1113,23,11,89,25,seatgeek
17693052,New York Mets at Cleveland Guardians,2026-08-05 22:40:00.000,0.7487952973,0.9524758194,60,202,117,36,1027,6,seatgeek
17694043,Washington Nationals at Philadelphia Phillies,2026-08-05 22:40:00.000,0.7619401113000001,0.958758317,585,1419,65,13,509,18,seatgeek
17694221,Athletics at Cincinnati Reds,2026-08-05 22:40:00.000,0.6641768977,0.9120320441,375,1429,66,6,396,26,seatgeek
17691573,St. Louis Cardinals at New York Yankees,2026-08-05 23:05:00.000,0.7520739238,0.9540428245,462,1487,97,14,878,8,seatgeek
17692883,Chicago White Sox at Boston Red Sox,2026-08-05 23:10:00.000,0.8418573166000001,0.996954025,214,592,186,69,786,21,seatgeek
17692728,Miami Marlins at Atlanta Braves,2026-08-05 23:15:00.000,0.6841108474,0.9215597589,791,2834,50,6,2143,418889,seatgeek
17695574,Pittsburgh Pirates at Milwaukee Brewers,2026-08-05 23:40:00.000,0.6919084586,0.9252866981,126,280,132,21,598,15,seatgeek
17696239,Minnesota Twins at Kansas City Royals,2026-08-05 23:40:00.000,0.6082235753,0.8852871528,287,867,42,10,370,3714,seatgeek
17691796,Detroit Tigers at Seattle Mariners,2026-08-06 01:40:00.000,0.7006811478,0.9238934326,268,776,110,15,875,13,seatgeek
17692520,San Diego Padres at Arizona Diamondbacks,2026-08-06 01:40:00.000,0.6674477914,0.9082220796,630,2539,106,20,1262,30,seatgeek
17694767,Los Angeles Angels at Baltimore Orioles,2026-08-06 16:35:00.000,0.6835959013,0.8882465883,398,1413,32,11,234,25,seatgeek
17694222,Athletics at Cincinnati Reds,2026-08-06 16:40:00.000,0.6749872622,0.8833691922,463,1862,67,13,515,26,seatgeek
17693054,New York Mets at Cleveland Guardians,2026-08-06 17:10:00.000,0.7345818875,0.9130555203,361,1044,117,33,1027,6,seatgeek
17695579,Pittsburgh Pirates at Milwaukee Brewers,2026-08-06 18:10:00.000,0.7112288201,0.8980019225,373,1482,125,20,856,15,seatgeek
17695216,Toronto Blue Jays at Chicago Cubs (Rescheduled from 6/21),2026-08-06 18:20:00.000,0.8532052902,0.9706064101,1524,3852,109,29,1423,11,seatgeek
17691798,Detroit Tigers at Seattle Mariners,2026-08-06 20:10:00.000,0.7518826961,0.9167603473,728,3590,91,14,2816,13,seatgeek
17694045,Washington Nationals at Philadelphia Phillies,2026-08-06 22:05:00.000,0.7928443278,0.9701895408,172,397,162,28,1618,18,seatgeek
17692886,Chicago White Sox at Boston Red Sox,2026-08-06 23:10:00.000,0.8311121276000001,0.9884406722,275,861,172,56,757,21,seatgeek
17692729,Miami Marlins at Atlanta Braves,2026-08-06 23:15:00.000,0.7280845586,0.9393032663,467,1444,68,14,1400,418889,seatgeek
17696240,Minnesota Twins at Kansas City Royals,2026-08-06 23:40:00.000,0.6524355238,0.9032224094,232,657,50,9,512,3714,seatgeek
17692523,San Diego Padres at Arizona Diamondbacks,2026-08-07 01:40:00.000,0.6788397027,0.910595637,567,1872,101,22,1222,30,seatgeek
17694047,Toronto Blue Jays at Philadelphia Phillies,2026-08-07 22:40:00.000,0.8075161106000001,0.9847312917,529,1361,94,19,10489,18,seatgeek
17694921,New York Mets at Pittsburgh Pirates,2026-08-07 22:40:00.000,0.7307810035000001,0.9476740841,271,913,108,40,524,10,seatgeek
17695083,Cincinnati Reds at Washington Nationals,2026-08-07 22:45:00.000,0.7365259385,0.9504484727,418,1235,62,17,355,3713,seatgeek
17691575,Atlanta Braves at New York Yankees,2026-08-07 23:05:00.000,0.7928807773000001,0.97766358,617,2457,98,22,1139,8,seatgeek
17692888,Athletics at Boston Red Sox,2026-08-07 23:10:00.000,0.8199488243,0.9907353029,225,907,135,61,508,21,seatgeek
17693535,Los Angeles Angels at Miami Marlins,2026-08-07 23:10:00.000,0.6663106307000001,0.9165390491,171,443,70,13,753,6371,seatgeek
17695411,Cleveland Guardians at Chicago White Sox,2026-08-07 23:40:00.000,0.7444117801,0.9542567565,328,1314,73,16,401,3715,seatgeek
17695580,Minnesota Twins at Milwaukee Brewers,2026-08-07 23:40:00.000,0.7332228142,0.9488533029,178,380,88,21,396,15,seatgeek
17696243,Chicago Cubs at Kansas City Royals,2026-08-08 00:10:00.000,0.7194054645,0.9416434492,185,887,89,26,1168,3714,seatgeek
17693702,Colorado Rockies at St. Louis Cardinals,2026-08-08 00:15:00.000,0.6686852481000001,0.9167915485,305,729,44,15,182,27,seatgeek
17695897,Baltimore Orioles at Texas Rangers,2026-08-08 00:15:00.000,0.7286852016,0.9458016534,295,822,51,15,573,487468,seatgeek
17692199,Houston Astros at San Diego Padres,2026-08-08 01:40:00.000,0.7736597529,0.9630013244,595,1366,96,37,742,24,seatgeek
17692525,Los Angeles Dodgers at Arizona Diamondbacks,2026-08-08 01:40:00.000,0.7935211986,0.9728531333,410,1574,142,52,1176,30,seatgeek
17691799,Tampa Bay Rays at Seattle Mariners,2026-08-08 01:45:00.000,0.7582732733,0.9550694949,586,2745,96,22,1133,13,seatgeek
17692060,Detroit Tigers at San Francisco Giants,2026-08-08 02:15:00.000,0.7370400839,0.9437379426,866,2956,84,22,710,22,seatgeek
17691574,Atlanta Braves at New York Yankees,2026-08-08 19:05:00.000,0.820895576,0.9592350801,1354,5892,153,30,2503,8,seatgeek
17692889,Athletics at Boston Red Sox,2026-08-08 20:10:00.000,0.8456372434,0.9668260286,832,3104,241,80,11303,21,seatgeek
17693538,Los Angeles Angels at Miami Marlins,2026-08-08 20:10:00.000,0.6416464383,0.8668560648,438,1912,55,14,859,6371,seatgeek
17694048,Toronto Blue Jays at Philadelphia Phillies,2026-08-08 22:05:00.000,0.8115441976000001,0.9851538066,203,418,114,33,5828,18,seatgeek
17694922,New York Mets at Pittsburgh Pirates,2026-08-08 22:40:00.000,0.7434223979,0.9523052152,274,937,102,37,572,10,seatgeek
17695084,Cincinnati Reds at Washington Nationals,2026-08-08 22:45:00.000,0.7617609836,0.9611481923,326,1006,57,19,343,3713,seatgeek
17695582,Minnesota Twins at Milwaukee Brewers,2026-08-08 23:10:00.000,0.7693354765,0.964800648,198,476,141,59,702,15,seatgeek
17696244,Chicago Cubs at Kansas City Royals,2026-08-08 23:10:00.000,0.7724868413,0.9663202491,108,678,109,38,1168,3714,seatgeek
17692059,Detroit Tigers at San Francisco Giants,2026-08-08 23:15:00.000,0.7803536059,0.9701136319,471,1692,320,33,92591,22,seatgeek
17692203,Houston Astros at San Diego Padres,2026-08-08 23:15:00.000,0.7919021977,0.9756823966,483,1103,78,25,535,24,seatgeek
17693706,Colorado Rockies at St. Louis Cardinals,2026-08-08 23:15:00.000,0.7361035736,0.9487760218,308,756,59,19,230,27,seatgeek
17695412,Cleveland Guardians at Chicago White Sox,2026-08-08 23:15:00.000,0.8013841302,0.9802546054,273,1132,136,27,1209,3715,seatgeek
17695898,Baltimore Orioles at Texas Rangers,2026-08-08 23:15:00.000,0.7870308921,0.9733334399,38,86,280,57,1114,487468,seatgeek
17692527,Los Angeles Dodgers at Arizona Diamondbacks,2026-08-09 00:10:00.000,0.79793715,0.9780877357,239,1595,122,55,912,30,seatgeek
17691801,Tampa Bay Rays at Seattle Mariners,2026-08-09 01:50:00.000,0.7668821618,0.9579332472,345,1460,109,23,1139,13,seatgeek
17695085,Cincinnati Reds at Washington Nationals,2026-08-09 16:15:00.000,0.7147580965,0.9057145432,543,2282,76,14,874,3713,seatgeek
17691576,Atlanta Braves at New York Yankees,2026-08-09 17:35:00.000,0.7913956959,0.9437710731,1281,6011,100,15,5240,8,seatgeek
17692890,Athletics at Boston Red Sox,2026-08-09 17:35:00.000,0.8436110274,0.9662983609,672,2018,269,78,3216,21,seatgeek
17694050,Toronto Blue Jays at Philadelphia Phillies,2026-08-09 17:35:00.000,0.8194278354000001,0.9556476787,1374,3723,85,24,859,18,seatgeek
17694924,New York Mets at Pittsburgh Pirates,2026-08-09 17:35:00.000,0.7151377618,0.9063936347,510,2374,129,39,1540,10,seatgeek
17693540,Los Angeles Angels at Miami Marlins,2026-08-09 17:40:00.000,0.6467863912,0.8710590566,375,1632,58,15,859,6371,seatgeek
17695415,Cleveland Guardians at Chicago White Sox,2026-08-09 18:10:00.000,0.7379328498000001,0.9141499479,1030,4769,82,20,725,3715,seatgeek
17695584,Minnesota Twins at Milwaukee Brewers,2026-08-09 18:10:00.000,0.7755151224,0.9329388147,264,666,411,50,11536,15,seatgeek
17696245,Chicago Cubs at Kansas City Royals,2026-08-09 18:10:00.000,0.7424519777,0.9188763069,371,1648,86,21,1168,3714,seatgeek
17693708,Colorado Rockies at St. Louis Cardinals,2026-08-09 18:15:00.000,0.7056469395,0.8977502127,639,1919,55,13,909,27,seatgeek
17695901,Baltimore Orioles at Texas Rangers,2026-08-09 18:35:00.000,0.7761129058,0.9327091538,542,1890,88,15,1609,487468,seatgeek
17692061,Detroit Tigers at San Francisco Giants,2026-08-09 20:05:00.000,0.7659106975000001,0.9266392578,1432,5470,116,28,1958,22,seatgeek
17691802,Tampa Bay Rays at Seattle Mariners,2026-08-09 20:10:00.000,0.7719598425,0.9277838479,744,3554,90,22,770,13,seatgeek
17692529,Los Angeles Dodgers at Arizona Diamondbacks,2026-08-09 20:10:00.000,0.8219255509000001,0.954966935,976,4807,112,41,941,30,seatgeek
17692204,Houston Astros at San Diego Padres,2026-08-10 00:20:00.000,0.739395569,0.9508958316,656,1466,60,14,814,24,seatgeek
17696065,Boston Red Sox at Toronto Blue Jays,2026-08-10 23:07:00.000,0.7717480915,0.9641353762,193,308,104,38,507,17,seatgeek
17692730,New York Mets at Atlanta Braves,2026-08-10 23:15:00.000,0.7074498297,0.9332690284,602,2162,52,11,345,418889,seatgeek
17695737,Baltimore Orioles at Minnesota Twins,2026-08-10 23:40:00.000,0.6538930632000001,0.9075583797,56,138,84,27,458,3712,seatgeek
17693710,Philadelphia Phillies at St. Louis Cardinals,2026-08-10 23:45:00.000,0.683951248,0.9219883397,333,990,40,11,125,27,seatgeek
17692365,Texas Rangers at Los Angeles Angels,2026-08-11 01:38:00.000,0.5756756835,0.8642259915,1247,4892,34,7,11303,28,seatgeek
17691958,Tampa Bay Rays at Athletics,2026-08-11 01:40:00.000,0.5804255141,0.8665374007000001,316,1720,40,10,390,317,seatgeek
17692207,Milwaukee Brewers at San Diego Padres,2026-08-11 01:40:00.000,0.7374781269,0.9423779996,648,1575,71,19,631,24,seatgeek
17692530,Colorado Rockies at Arizona Diamondbacks,2026-08-11 01:40:00.000,0.6216741435,0.887007593,594,2644,53,13,492,30,seatgeek
17692062,Houston Astros at San Francisco Giants,2026-08-11 01:45:00.000,0.6805007627,0.9147871074,1202,5096,49,11,572,22,seatgeek
17691469,Kansas City Royals at Los Angeles Dodgers,2026-08-11 02:10:00.000,0.807126306,0.9743510562,646,2444,178,66,2842,1,seatgeek
17693212,Cleveland Guardians at Detroit Tigers,2026-08-11 22:40:00.000,0.7413826536,0.9492864824,120,238,60,24,288,12,seatgeek
17693542,Pittsburgh Pirates at Miami Marlins,2026-08-11 22:40:00.000,0.6645487071,0.9124600484,130,478,64,15,753,6371,seatgeek
17695087,Chicago Cubs at Washington Nationals,2026-08-11 22:45:00.000,0.742596792,0.9498684073,345,1062,86,21,1006,3713,seatgeek
17691577,Seattle Mariners at New York Yankees,2026-08-11 23:05:00.000,0.7690177734,0.9625316845,386,1521,90,26,1211,8,seatgeek
17696067,Boston Red Sox at Toronto Blue Jays,2026-08-11 23:07:00.000,0.781475171,0.9685023485,194,461,135,49,581,17,seatgeek
17692731,New York Mets at Atlanta Braves,2026-08-11 23:15:00.000,0.6991784755,0.9290582575,1043,4463,45,11,316,418889,seatgeek
17695416,Cincinnati Reds at Chicago White Sox,2026-08-11 23:40:00.000,0.7639250876,0.9600908241,272,959,150,52,1895,3715,seatgeek
17695739,Baltimore Orioles at Minnesota Twins,2026-08-11 23:40:00.000,0.6804333249,0.920073672,47,113,99,21,458,3712,seatgeek
17693712,Philadelphia Phillies at St. Louis Cardinals,2026-08-11 23:45:00.000,0.6981079306,0.9285451462,293,807,42,13,457,27,seatgeek
17692366,Texas Rangers at Los Angeles Angels,2026-08-12 01:38:00.000,0.5618259888,0.8573264655,1457,6302,30,7,8612,28,seatgeek
17691959,Tampa Bay Rays at Athletics,2026-08-12 01:40:00.000,0.5858876521,0.8687978435,298,1582,37,10,658,317,seatgeek
17692208,Milwaukee Brewers at San Diego Padres,2026-08-12 01:40:00.000,0.7386671155000001,0.9423468709,691,1891,57,14,1000,24,seatgeek
17692531,Colorado Rockies at Arizona Diamondbacks,2026-08-12 01:40:00.000,0.6310772035000001,0.8910649495,485,1941,74,15,705,30,seatgeek
17692063,Houston Astros at San Francisco Giants,2026-08-12 01:45:00.000,0.6902666502,0.9189865775,1141,4450,46,11,1662,22,seatgeek
17691470,Kansas City Royals at Los Angeles Dodgers,2026-08-12 02:10:00.000,0.7804878899000001,0.9609070233,1328,4622,112,42,1253,1,seatgeek
17695741,Baltimore Orioles at Minnesota Twins,2026-08-12 17:40:00.000,0.6800970974,0.8854226061,181,537,82,22,799,3712,seatgeek
17693713,Philadelphia Phillies at St. Louis Cardinals,2026-08-12 18:15:00.000,0.6856891027,0.8865316186000001,590,2093,47,11,543,27,seatgeek
17691960,Tampa Bay Rays at Athletics,2026-08-12 19:05:00.000,0.6254590831,0.8554276979000001,342,1934,43,11,750,317,seatgeek
17692535,Colorado Rockies at Arizona Diamondbacks,2026-08-12 19:40:00.000,0.6629780129,0.8752227167000001,585,2718,56,15,889,30,seatgeek
17692064,Houston Astros at San Francisco Giants,2026-08-12 19:45:00.000,0.7472774416,0.915234423,1585,6296,69,12,1774,22,seatgeek
17692211,Milwaukee Brewers at San Diego Padres,2026-08-12 20:10:00.000,0.7682222349000001,0.9248902337,1325,4644,46,11,1262,24,seatgeek
17693214,Cleveland Guardians at Detroit Tigers,2026-08-12 22:40:00.000,0.7324201464,0.9326487144,200,389,42,17,458,12,seatgeek
17693543,Pittsburgh Pirates at Miami Marlins,2026-08-12 22:40:00.000,0.6228936137000001,0.8808929697000001,243,1047,57,12,753,6371,seatgeek
17695089,Chicago Cubs at Washington Nationals,2026-08-12 22:45:00.000,0.7387030788000001,0.9356175472,272,798,85,22,1050,3713,seatgeek
17691578,Seattle Mariners at New York Yankees,2026-08-12 23:05:00.000,0.7706314204,0.9507043538,209,724,77,24,1750,8,seatgeek
17696068,Boston Red Sox at Toronto Blue Jays,2026-08-12 23:07:00.000,0.7859851219,0.9579592594,301,643,114,25,1353,17,seatgeek
17692736,New York Mets at Atlanta Braves,2026-08-12 23:15:00.000,0.7003225028000001,0.9174817081,591,2249,51,12,430,418889,seatgeek
17695418,Cincinnati Reds at Chicago White Sox,2026-08-12 23:40:00.000,0.6934012348,0.9142111893,254,722,72,18,468,3715,seatgeek
17691471,Kansas City Royals at Los Angeles Dodgers,2026-08-13 02:10:00.000,0.8128925129,0.9634880182,912,3315,135,66,2274,1,seatgeek
17692367,Texas Rangers at Los Angeles Angels,2026-08-13 02:10:00.000,0.6808265643,0.9011251669,945,4585,61,13,11303,28,seatgeek
17693215,Cleveland Guardians at Detroit Tigers,2026-08-13 17:10:00.000,0.7516015191000001,0.9084066788,723,2451,67,19,458,12,seatgeek
17693546,Pittsburgh Pirates at Miami Marlins,2026-08-13 17:10:00.000,0.6209568641000001,0.8456941758000001,352,1770,82,10,1754,6371,seatgeek
17691579,Seattle Mariners at New York Yankees,2026-08-13 17:35:00.000,0.7578765704,0.9144954089,1621,6781,99,10,7770,8,seatgeek
17695420,Cincinnati Reds at Chicago White Sox,2026-08-13 18:10:00.000,0.6709128908,0.8676069711000001,1690,8844,68,14,1132,3715,seatgeek
17696070,Boston Red Sox at Toronto Blue Jays,2026-08-13 19:07:00.000,0.7995289425000001,0.9310807809,426,969,161,38,1136,17,seatgeek
17695093,Chicago Cubs at Washington Nationals,2026-08-13 20:05:00.000,0.751164283,0.9061810149,549,2166,94,19,1680,3713,seatgeek
17692369,Texas Rangers at Los Angeles Angels,2026-08-14 02:07:00.000,0.564125833,0.8190216577,1461,6578,24,7,470,28,seatgeek
17691473,Milwaukee Brewers at Los Angeles Dodgers,2026-08-14 02:10:00.000,0.7868281771000001,0.9214652589,1104,3729,110,44,1537,1,seatgeek
17695255,St. Louis Cardinals at Chicago Cubs,2026-08-14 18:20:00.000,0.8761882897000001,0.9355455324,875,2363,256,96,2047,11,seatgeek
17694224,Miami Marlins at Cincinnati Reds,2026-08-14 22:10:00.000,0.6872328123,0.9220624342,410,1560,84,14,657,26,seatgeek
17693218,Chicago White Sox at Detroit Tigers,2026-08-14 22:40:00.000,0.776159637,0.9648103251,171,553,84,35,263,12,seatgeek
17694925,Boston Red Sox at Pittsburgh Pirates,2026-08-14 22:40:00.000,0.7450120055,0.949837529,299,911,74,19,682,10,seatgeek
17693056,San Diego Padres at Cleveland Guardians,2026-08-14 23:10:00.000,0.7850868251,0.969101645,160,403,150,48,1047,6,seatgeek
17693863,Washington Nationals at New York Mets,2026-08-14 23:10:00.000,0.7357322773,0.9453767029,536,1818,68,19,780,3,seatgeek
17696424,Baltimore Orioles at Tampa Bay Rays,2026-08-14 23:10:00.000,0.6941482453000001,0.9253867987,49,128,169,28,4769,4,seatgeek
17692737,Arizona Diamondbacks at Atlanta Braves,2026-08-14 23:15:00.000,0.7477079595,0.9511334896,540,1626,79,7,657,418889,seatgeek
17696072,New York Yankees at Toronto Blue Jays,2026-08-14 23:15:00.000,0.8047070769,0.9785331257,201,497,156,42,403,17,seatgeek
17693378,Seattle Mariners at Houston Astros,2026-08-15 00:10:00.000,0.7176270029,0.9360805328,347,888,84,22,804,20,seatgeek
17692373,Kansas City Royals at Los Angeles Angels,2026-08-15 01:38:00.000,0.6234754191,0.8859164831,1298,6340,35,6,532,28,seatgeek
17691964,Texas Rangers at Athletics,2026-08-15 01:40:00.000,0.6216562141,0.8850359218,202,1101,54,21,511,317,seatgeek
17691478,Milwaukee Brewers at Los Angeles Dodgers,2026-08-15 02:10:00.000,0.8149877243,0.9767731722,633,2694,126,71,1480,1,seatgeek
17692065,Colorado Rockies at San Francisco Giants,2026-08-15 02:15:00.000,0.736108636,0.9385103582,889,2579,105,21,1453,22,seatgeek
17693219,Chicago White Sox at Detroit Tigers,2026-08-15 17:10:00.000,0.7690619842,0.9290873584,828,2587,96,31,951,12,seatgeek
17695256,St. Louis Cardinals at Chicago Cubs,2026-08-15 18:20:00.000,0.8672468785,0.9737836299,1150,3009,167,74,2274,11,seatgeek
17696075,New York Yankees at Toronto Blue Jays,2026-08-15 19:07:00.000,0.8124633945,0.9496667604,532,1745,191,61,1139,17,seatgeek
17692066,Colorado Rockies at San Francisco Giants,2026-08-15 20:05:00.000,0.7703953757,0.9268742544,1287,4635,128,31,2222,22,seatgeek
17693866,Washington Nationals at New York Mets,2026-08-15 20:10:00.000,0.7758809819,0.9284342629,1437,5575,99,21,2923,3,seatgeek
17696425,Baltimore Orioles at Tampa Bay Rays,2026-08-15 22:10:00.000,0.7220969554000001,0.9395565258,43,172,117,30,572,4,seatgeek
17694227,Miami Marlins at Cincinnati Reds,2026-08-15 22:40:00.000,0.7253235423000001,0.9411063986,167,588,280,31,7843,26,seatgeek
17693057,San Diego Padres at Cleveland Guardians,2026-08-15 23:10:00.000,0.7693574029,0.9622576603,175,439,147,53,590,6,seatgeek
17693379,Seattle Mariners at Houston Astros,2026-08-15 23:10:00.000,0.7886455974000001,0.9715225022,187,570,101,23,325,20,seatgeek
17695744,Philadelphia Phillies at Minnesota Twins,2026-08-15 23:10:00.000,0.7470039198,0.951520401,82,181,77,32,770,3712,seatgeek
17691479,Milwaukee Brewers at Los Angeles Dodgers,2026-08-15 23:15:00.000,0.8395761354,0.9959862354,711,2632,133,56,2274,1,seatgeek
17692740,Arizona Diamondbacks at Atlanta Braves,2026-08-15 23:15:00.000,0.7746983577000001,0.964823124,202,550,96,28,1007,418889,seatgeek
17694926,Boston Red Sox at Pittsburgh Pirates,2026-08-15 23:15:00.000,0.7834893148000001,0.9690457496,100,247,237,57,1335,10,seatgeek
17692374,Kansas City Royals at Los Angeles Angels,2026-08-16 01:38:00.000,0.6431863173,0.8963516384,903,3994,40,10,578,28,seatgeek
17691966,Texas Rangers at Athletics,2026-08-16 01:40:00.000,0.6476212891,0.8987012409,55,158,107,33,382,317,seatgeek
17696426,Baltimore Orioles at Tampa Bay Rays,2026-08-16 16:15:00.000,0.7000232102,0.8981065452,252,1041,102,23,750,4,seatgeek
17692741,Arizona Diamondbacks at Atlanta Braves,2026-08-16 17:35:00.000,0.7234586502,0.9055578456,1113,4527,72,8,10383,418889,seatgeek
17694929,Boston Red Sox at Pittsburgh Pirates,2026-08-16 17:35:00.000,0.728795462,0.9090084951,568,2372,94,27,576,10,seatgeek
17696077,New York Yankees at Toronto Blue Jays,2026-08-16 17:37:00.000,0.8218065517,0.954843892,386,1055,239,79,11303,17,seatgeek
17693058,San Diego Padres at Cleveland Guardians,2026-08-16 17:40:00.000,0.7397531174,0.9140831399,704,2415,114,25,1047,6,seatgeek
17693221,Chicago White Sox at Detroit Tigers,2026-08-16 17:40:00.000,0.7729132288,0.9298287301,748,2152,93,25,2903,12,seatgeek
17693867,Washington Nationals at New York Mets,2026-08-16 17:40:00.000,0.7412857677,0.9141956738,1421,6095,70,13,3017,3,seatgeek
17694230,Miami Marlins at Cincinnati Reds,2026-08-16 17:40:00.000,0.6743973684,0.8812142545,774,3589,52,9,515,26,seatgeek
17695747,Philadelphia Phillies at Minnesota Twins,2026-08-16 18:10:00.000,0.7400183753,0.914129062,243,723,84,38,685,3712,seatgeek
17695257,St. Louis Cardinals at Chicago Cubs,2026-08-16 19:15:00.000,0.8695574709,0.9730366009,1077,2873,184,56,1570,11,seatgeek
17691968,Texas Rangers at Athletics,2026-08-16 20:05:00.000,0.6069491631,0.8480530301,334,1811,56,15,501,317,seatgeek
17692067,Colorado Rockies at San Francisco Giants,2026-08-16 20:05:00.000,0.7730783404,0.9282407098,1477,5562,127,27,1729,22,seatgeek
17692377,Kansas City Royals at Los Angeles Angels,2026-08-16 20:07:00.000,0.6431032646,0.8635587823,1440,6636,31,7,640,28,seatgeek
17691480,Milwaukee Brewers at Los Angeles Dodgers,2026-08-16 20:10:00.000,0.8245163937000001,0.9517896289,1584,6204,192,42,7666,1,seatgeek
17693380,Seattle Mariners at Houston Astros,2026-08-16 23:20:00.000,0.7342994321,0.950190439,228,641,71,16,591,20,seatgeek
17694155,St. Louis Cardinals at Cincinnati Reds (Rescheduled from 5/24/26),2026-08-17 17:40:00.000,0.6475497241,0.8730715282,558,1694,41,8,3409,26,seatgeek
17696431,Baltimore Orioles at Tampa Bay Rays,2026-08-17 22:05:00.000,0.641109316,0.8641079886,323,1459,109,16,11303,4,seatgeek
17694052,Miami Marlins at Philadelphia Phillies,2026-08-17 22:40:00.000,0.7697888009,0.9250601345,783,2121,94,28,710,18,seatgeek
17694232,St. Louis Cardinals at Cincinnati Reds,2026-08-17 22:40:00.000,0.6399242441,0.8607774746,600,2874,113,11,11769,26,seatgeek
17694933,Detroit Tigers at Pittsburgh Pirates,2026-08-17 23:05:00.000,0.6715691707,0.8751108044,454,1997,104,22,665,10,seatgeek
17692893,Arizona Diamondbacks at Boston Red Sox,2026-08-17 23:10:00.000,0.8077231707,0.9442394639,778,2703,155,46,1215,21,seatgeek
17693868,San Diego Padres at New York Mets,2026-08-17 23:10:00.000,0.7182629287000001,0.9012673365,1058,4709,89,13,11653,3,seatgeek
17696249,Athletics at Kansas City Royals,2026-08-17 23:40:00.000,0.6211134129,0.8506574552,396,1606,50,10,452,3714,seatgeek
17913625,Atlanta Braves at Minnesota Twins,2026-08-17 23:40:00.000,0.6775264454000001,0.8778606623,157,484,93,16,715,3712,seatgeek
17695261,Chicago White Sox at Chicago Cubs,2026-08-18 00:05:00.000,0.829437333,0.9653389954,880,2783,290,97,11303,11,seatgeek
17691307,Los Angeles Dodgers at Colorado Rockies,2026-08-18 00:40:00.000,0.7466981234000001,0.925830624,912,4578,95,24,849,7,seatgeek
17694769,New York Yankees at Baltimore Orioles,2026-08-18 22:35:00.000,0.7910026206,0.9133318049,521,1841,69,25,572,25,seatgeek
17693062,San Francisco Giants at Cleveland Guardians,2026-08-18 22:40:00.000,0.7152745113,0.8809768222000001,485,1823,114,34,591,6,seatgeek
17694055,Miami Marlins at Philadelphia Phillies,2026-08-18 22:40:00.000,0.8072982392,0.9221233386,821,2365,119,38,1451,18,seatgeek
17694234,St. Louis Cardinals at Cincinnati Reds,2026-08-18 22:40:00.000,0.6986161931,0.8707900694,804,3632,73,16,661,26,seatgeek
17694935,Detroit Tigers at Pittsburgh Pirates,2026-08-18 22:40:00.000,0.7044489975,0.8710087381,728,3714,111,26,1332,10,seatgeek
17696434,Toronto Blue Jays at Tampa Bay Rays,2026-08-18 22:40:00.000,0.6799086777000001,0.8646544771,521,2309,58,12,570,4,seatgeek
17692896,Arizona Diamondbacks at Boston Red Sox,2026-08-18 23:10:00.000,0.8289239661000001,0.9337988521,946,3340,167,53,1431,21,seatgeek
17693870,San Diego Padres at New York Mets,2026-08-18 23:10:00.000,0.7544158231,0.8989710084,1005,4260,89,15,2246,3,seatgeek
17695587,Seattle Mariners at Milwaukee Brewers,2026-08-18 23:40:00.000,0.7125840139,0.8762507745,322,1444,89,20,501,15,seatgeek
17695748,Atlanta Braves at Minnesota Twins,2026-08-18 23:40:00.000,0.7035505124,0.8694415111,201,658,71,21,458,3712,seatgeek
17696250,Athletics at Kansas City Royals,2026-08-18 23:40:00.000,0.6430345957,0.836949174,503,1995,51,8,541,3714,seatgeek
17695262,Chicago White Sox at Chicago Cubs,2026-08-19 00:05:00.000,0.8510577323,0.9483021842,1133,3579,289,105,4729,11,seatgeek
17695902,Washington Nationals at Texas Rangers,2026-08-19 00:05:00.000,0.6685344887,0.8603748351,743,3335,70,11,1358,487468,seatgeek
17693384,Los Angeles Angels at Houston Astros,2026-08-19 00:10:00.000,0.6748572,0.863724639,544,2259,83,16,741,20,seatgeek
17691308,Los Angeles Dodgers at Colorado Rockies,2026-08-19 00:40:00.000,0.7347083303,0.8932095307000001,1190,6518,97,29,601,7,seatgeek
17694936,Detroit Tigers at Pittsburgh Pirates,2026-08-19 16:35:00.000,0.6793647498000001,0.8475720703,483,2314,112,24,2305,10,seatgeek
17693874,San Diego Padres at New York Mets,2026-08-19 17:10:00.000,0.7322297497,0.8732563275,1093,5486,47,10,991,3,seatgeek
17695751,Atlanta Braves at Minnesota Twins,2026-08-19 17:40:00.000,0.7029396737,0.8568522813,238,910,88,26,1270,3712,seatgeek
17695264,Chicago White Sox at Chicago Cubs,2026-08-19 18:20:00.000,0.8752264947,0.9394735956,1270,4177,257,84,11303,11,seatgeek
17692898,Arizona Diamondbacks at Boston Red Sox,2026-08-19 20:10:00.000,0.8405187827,0.9188920896,1141,4362,173,52,1260,21,seatgeek
17694056,Miami Marlins at Philadelphia Phillies,2026-08-19 22:05:00.000,0.7755750712,0.9600984641,317,737,53,16,548,18,seatgeek
17694771,New York Yankees at Baltimore Orioles,2026-08-19 22:35:00.000,0.7636469556000001,0.9543732852,116,280,58,21,635,25,seatgeek
17693064,San Francisco Giants at Cleveland Guardians,2026-08-19 22:40:00.000,0.6829306556,0.915631086,410,1517,109,30,499,6,seatgeek
17694233,St. Louis Cardinals at Cincinnati Reds,2026-08-19 22:40:00.000,0.6189882232,0.8849385635,480,1970,49,10,543,26,seatgeek
17696435,Toronto Blue Jays at Tampa Bay Rays,2026-08-19 22:40:00.000,0.6312286813,0.8908141887000001,170,507,40,13,288,4,seatgeek
17695588,Seattle Mariners at Milwaukee Brewers,2026-08-19 23:40:00.000,0.6807409867,0.9145800693,156,402,86,22,480,15,seatgeek
17696252,Athletics at Kansas City Royals,2026-08-19 23:40:00.000,0.596543135,0.8741642196,319,1274,29,7,181,3714,seatgeek
17695905,Washington Nationals at Texas Rangers,2026-08-20 00:05:00.000,0.6546305649,0.9017515496,585,2140,37,8,462,487468,seatgeek
17693385,Los Angeles Angels at Houston Astros,2026-08-20 00:10:00.000,0.6212780432,0.8854696537000001,415,1349,44,9,804,20,seatgeek
17691309,Los Angeles Dodgers at Colorado Rockies,2026-08-20 00:40:00.000,0.7153538357,0.9290203642,341,1211,99,25,1013,7,seatgeek
17694235,St. Louis Cardinals at Cincinnati Reds,2026-08-20 16:40:00.000,0.6506369783,0.8669479912,596,2698,52,10,591,26,seatgeek
17693065,San Francisco Giants at Cleveland Guardians,2026-08-20 17:10:00.000,0.6795191171,0.8818962394000001,531,1842,107,29,1047,6,seatgeek
17696436,Toronto Blue Jays at Tampa Bay Rays,2026-08-20 17:10:00.000,0.6398806129,0.8607337888000001,325,1403,65,11,2331,4,seatgeek
17695365,Atlanta Braves at Chicago White Sox (Rescheduled from 6/11),2026-08-20 18:10:00.000,0.6677325284,0.8747241718000001,680,3360,56,15,458,3715,seatgeek
17695591,Seattle Mariners at Milwaukee Brewers,2026-08-20 18:10:00.000,0.7058113262,0.892029647,305,1373,106,22,1342,15,seatgeek
17696255,Athletics at Kansas City Royals,2026-08-20 18:10:00.000,0.6209047952,0.8519803196,468,1929,42,6,572,3714,seatgeek
17694772,New York Yankees at Baltimore Orioles,2026-08-20 22:35:00.000,0.7545157317000001,0.9546090411,396,996,47,15,515,25,seatgeek
17695907,Washington Nationals at Texas Rangers,2026-08-21 00:05:00.000,0.6518475329,0.9048541642,651,2576,34,8,577,487468,seatgeek
17693388,Los Angeles Angels at Houston Astros,2026-08-21 00:10:00.000,0.6311400803,0.8945995069,448,1447,44,10,1149,20,seatgeek
17695592,Atlanta Braves at Milwaukee Brewers,2026-08-21 20:10:00.000,0.7453609,0.9145460903,245,804,118,25,750,15,seatgeek
17694059,St. Louis Cardinals at Philadelphia Phillies,2026-08-21 22:40:00.000,0.8016806566,0.9697433484,193,522,199,59,1122,18,seatgeek
17691580,Toronto Blue Jays at New York Yankees,2026-08-21 23:05:00.000,0.7860497989,0.9622754928,342,1216,112,36,1111,8,seatgeek
17692900,San Francisco Giants at Boston Red Sox,2026-08-21 23:10:00.000,0.8205325785,0.9787500936,160,521,173,76,570,21,seatgeek
17693548,Washington Nationals at Miami Marlins,2026-08-21 23:10:00.000,0.6158727742,0.8809682242,406,1593,49,9,1289,6371,seatgeek
17694773,Tampa Bay Rays at Baltimore Orioles,2026-08-21 23:15:00.000,0.7182859284,0.9299001162,280,751,36,15,345,25,seatgeek
17695423,New York Mets at Chicago White Sox,2026-08-21 23:40:00.000,0.7349618731,0.9378673951,477,2338,63,15,367,3715,seatgeek
17693389,Athletics at Houston Astros,2026-08-22 00:10:00.000,0.6968911672,0.9190979116,419,1371,56,16,650,20,seatgeek
17696256,Detroit Tigers at Kansas City Royals,2026-08-22 00:10:00.000,0.6614969435,0.9022033245,208,762,88,17,685,3714,seatgeek
17695908,Los Angeles Angels at Texas Rangers,2026-08-22 00:15:00.000,0.6980232765000001,0.9193538754,422,1453,48,14,577,487468,seatgeek
17691310,Cleveland Guardians at Colorado Rockies,2026-08-22 00:40:00.000,0.6513301475000001,0.8956689007,625,2890,229,21,91521,7,seatgeek
17692213,Minnesota Twins at San Diego Padres,2026-08-22 01:40:00.000,0.7579875346,0.9433163717,540,1337,108,37,1070,24,seatgeek
17692537,Cincinnati Reds at Arizona Diamondbacks,2026-08-22 01:40:00.000,0.6777472641000001,0.9052110644,609,2457,74,22,957,30,seatgeek
17691482,Pittsburgh Pirates at Los Angeles Dodgers,2026-08-22 02:10:00.000,0.8169739051,0.9703259233,874,3049,128,42,2388,1,seatgeek
17691804,Chicago Cubs at Seattle Mariners,2026-08-22 02:10:00.000,0.7743863454000001,0.9503169866,274,788,508,49,91521,13,seatgeek
17691581,Toronto Blue Jays at New York Yankees,2026-08-22 17:35:00.000,0.787686047,0.9324375235,1193,5655,136,27,2107,8,seatgeek
17695594,Atlanta Braves at Milwaukee Brewers,2026-08-22 18:10:00.000,0.7847967133,0.9282645758,377,1116,220,59,1103,15,seatgeek
17693549,Washington Nationals at Miami Marlins,2026-08-22 20:10:00.000,0.6388592062,0.8551059598,435,1751,64,17,600,6371,seatgeek
17694060,St. Louis Cardinals at Philadelphia Phillies,2026-08-22 22:05:00.000,0.8027335676,0.9388538886,70,143,90,33,213,18,seatgeek
17694778,Tampa Bay Rays at Baltimore Orioles,2026-08-22 23:05:00.000,0.7506643277,0.9147252905,109,220,69,31,306,25,seatgeek
17695911,Los Angeles Angels at Texas Rangers,2026-08-22 23:05:00.000,0.7729331947,0.9250445858,125,244,78,13,577,487468,seatgeek
17693390,Athletics at Houston Astros,2026-08-22 23:10:00.000,0.7639089603,0.9208628007,287,809,60,21,290,20,seatgeek
17695424,New York Mets at Chicago White Sox,2026-08-22 23:10:00.000,0.7296136962,0.9049704704,170,795,94,38,523,3715,seatgeek
17691485,Pittsburgh Pirates at Los Angeles Dodgers,2026-08-22 23:15:00.000,0.8400208438000001,0.9561325124,441,1367,237,62,13029,1,seatgeek
17691808,Chicago Cubs at Seattle Mariners,2026-08-22 23:15:00.000,0.8095798378,0.9420263994,72,146,210,87,1220,13,seatgeek
17692901,San Francisco Giants at Boston Red Sox,2026-08-22 23:15:00.000,0.8224241125,0.9479783353,239,536,164,66,994,21,seatgeek
17696258,Detroit Tigers at Kansas City Royals,2026-08-22 23:15:00.000,0.6901671214,0.8866908104000001,185,878,66,16,485,3714,seatgeek
17691311,Cleveland Guardians at Colorado Rockies,2026-08-23 00:10:00.000,0.6771280868,0.8801110482000001,356,1231,108,25,542,7,seatgeek
17692538,Cincinnati Reds at Arizona Diamondbacks,2026-08-23 00:10:00.000,0.6983610825000001,0.889951202,340,1276,149,35,1089,30,seatgeek
17692214,Minnesota Twins at San Diego Padres,2026-08-23 00:40:00.000,0.7625284052,0.9180343819,343,753,112,33,645,24,seatgeek
17691582,Toronto Blue Jays at New York Yankees,2026-08-23 17:35:00.000,0.7647323156,0.8909540501000001,1301,6050,98,15,1951,8,seatgeek
17694063,St. Louis Cardinals at Philadelphia Phillies,2026-08-23 17:35:00.000,0.8282213097000001,0.919010965,861,2010,112,37,1138,18,seatgeek
17694780,Tampa Bay Rays at Baltimore Orioles,2026-08-23 17:35:00.000,0.7332410116,0.8726909567000001,504,1863,44,14,799,25,seatgeek
17693551,Washington Nationals at Miami Marlins,2026-08-23 17:40:00.000,0.6277647138,0.8241274909,451,1879,67,17,1416,6371,seatgeek
17693391,Athletics at Houston Astros,2026-08-23 18:10:00.000,0.7305363698,0.8711178039,562,2134,88,16,920,20,seatgeek
17695427,New York Mets at Chicago White Sox,2026-08-23 18:10:00.000,0.7260672349,0.8709410814,816,4161,102,20,11420,3715,seatgeek
17696261,Detroit Tigers at Kansas City Royals,2026-08-23 18:10:00.000,0.644973444,0.8338143007000001,529,2139,54,10,697,3714,seatgeek
17695912,Los Angeles Angels at Texas Rangers,2026-08-23 18:35:00.000,0.7584817801,0.8846491853,569,1922,80,13,1417,487468,seatgeek
17691312,Cleveland Guardians at Colorado Rockies,2026-08-23 19:10:00.000,0.7048617523,0.8586815978000001,781,3848,64,10,471,7,seatgeek
17692902,San Francisco Giants at Boston Red Sox,2026-08-23 19:15:00.000,0.8400518164,0.9224044766,663,1652,238,80,1540,21,seatgeek
17691486,Pittsburgh Pirates at Los Angeles Dodgers,2026-08-23 20:10:00.000,0.8125741083,0.9079237058,1724,6469,168,37,7120,1,seatgeek
17691810,Chicago Cubs at Seattle Mariners,2026-08-23 20:10:00.000,0.8070660647,0.9065951071,631,2478,155,34,9083,13,seatgeek
17692217,Minnesota Twins at San Diego Padres,2026-08-23 20:10:00.000,0.7576148652,0.8815612589,1147,3534,61,13,1111,24,seatgeek
17692539,Cincinnati Reds at Arizona Diamondbacks,2026-08-23 20:15:00.000,0.7090205166,0.8596265447,786,3098,70,16,710,30,seatgeek
17695595,Atlanta Braves at Milwaukee Brewers,2026-08-23 23:10:00.000,0.2830852637,0.6340559771000001,8,31,243,100,498,15,seatgeek
17693224,Tampa Bay Rays at Detroit Tigers,2026-08-24 22:40:00.000,0.66220278,0.8909816307,511,1298,37,11,174,12,seatgeek
17693554,Boston Red Sox at Miami Marlins,2026-08-24 22:40:00.000,0.6675630346,0.8935234522000001,100,220,63,17,657,6371,seatgeek
17695092,Colorado Rockies at Washington Nationals,2026-08-24 22:45:00.000,0.6368860287,0.8789763122,272,927,79,13,815,3713,seatgeek
17695429,Texas Rangers at Chicago White Sox,2026-08-24 23:40:00.000,0.6258047769,0.8737214247,734,3334,48,8,325,3715,seatgeek
17692378,Cleveland Guardians at Los Angeles Angels,2026-08-25 01:38:00.000,0.5866344065,0.8496202323000001,1234,5097,25,7,334,28,seatgeek
17691811,Philadelphia Phillies at Seattle Mariners,2026-08-25 01:40:00.000,0.6950181967,0.9016769691,421,1744,89,16,716,13,seatgeek
17691969,Minnesota Twins at Athletics,2026-08-25 01:40:00.000,0.5770325202000001,0.8452623636000001,308,1705,44,8,358,317,seatgeek
17692218,Pittsburgh Pirates at San Diego Padres,2026-08-25 01:40:00.000,0.7346403184,0.9201744185,508,1408,98,29,601,24,seatgeek
17692543,Chicago Cubs at Arizona Diamondbacks,2026-08-25 01:40:00.000,0.7024253063,0.9051907684,630,2430,118,24,980,30,seatgeek
17692068,Cincinnati Reds at San Francisco Giants,2026-08-25 01:45:00.000,0.6604062935,0.884712512,1151,4792,45,11,518,22,seatgeek
17693226,Tampa Bay Rays at Detroit Tigers,2026-08-25 22:40:00.000,0.6816953176,0.9077167208,470,1237,34,10,492,12,seatgeek
17693555,Boston Red Sox at Miami Marlins,2026-08-25 22:40:00.000,0.6853879704,0.9094805749,218,724,39,11,345,6371,seatgeek
17695096,Colorado Rockies at Washington Nationals,2026-08-25 22:45:00.000,0.6655742663,0.9000161946,170,605,88,28,815,3713,seatgeek
17691583,Houston Astros at New York Yankees,2026-08-25 23:05:00.000,0.7358842977000001,0.9336006321,283,999,128,24,11303,8,seatgeek
17696079,Kansas City Royals at Toronto Blue Jays,2026-08-25 23:07:00.000,0.7530207715,0.9417859399,111,288,137,67,930,17,seatgeek
17693875,Milwaukee Brewers at New York Mets,2026-08-25 23:10:00.000,0.7133455728,0.9228348543,760,3162,63,12,713,3,seatgeek
17692742,Los Angeles Dodgers at Atlanta Braves,2026-08-25 23:15:00.000,0.765922916,0.9479486821,633,1841,103,16,1277,418889,seatgeek
17695430,Texas Rangers at Chicago White Sox,2026-08-25 23:40:00.000,0.6701539189,0.9022037617,331,1455,74,19,374,3715,seatgeek
17693714,Baltimore Orioles at St. Louis Cardinals,2026-08-25 23:45:00.000,0.6519942173000001,0.8935293505,348,1109,44,15,282,27,seatgeek
17692379,Cleveland Guardians at Los Angeles Angels,2026-08-26 01:38:00.000,0.5909351057000001,0.8588327633,1441,6510,24,7,438,28,seatgeek
17691813,Philadelphia Phillies at Seattle Mariners,2026-08-26 01:40:00.000,0.6832493327,0.9032343797,418,1861,73,21,566,13,seatgeek
17691972,Minnesota Twins at Athletics,2026-08-26 01:40:00.000,0.5665413722,0.8472208663,337,1878,42,9,398,317,seatgeek
17692221,Pittsburgh Pirates at San Diego Padres,2026-08-26 01:40:00.000,0.7157879322,0.918495611,554,1362,60,16,906,24,seatgeek
17692544,Chicago Cubs at Arizona Diamondbacks,2026-08-26 01:40:00.000,0.7064527059,0.9144636913,427,1416,161,28,3852,30,seatgeek
17692069,Cincinnati Reds at San Francisco Giants,2026-08-26 01:45:00.000,0.6372971047,0.8805334647,1545,6034,48,11,1108,22,seatgeek
17693227,Tampa Bay Rays at Detroit Tigers,2026-08-26 17:10:00.000,0.6998053865,0.8815391516000001,914,3129,145,8,91521,12,seatgeek
17692546,Chicago Cubs at Arizona Diamondbacks,2026-08-26 19:40:00.000,0.7386022243,0.9004357475,1213,5293,104,23,974,30,seatgeek
17692070,Cincinnati Reds at San Francisco Giants,2026-08-26 19:45:00.000,0.7049855404,0.8819556105,1616,7254,131,11,117668,22,seatgeek
17692382,Cleveland Guardians at Los Angeles Angels,2026-08-26 20:07:00.000,0.6027467652,0.8286970745000001,1783,9072,32,6,11303,28,seatgeek
17691814,Philadelphia Phillies at Seattle Mariners,2026-08-26 20:10:00.000,0.7381670783000001,0.8983281243000001,1897,9522,76,17,2478,13,seatgeek
17692223,Pittsburgh Pirates at San Diego Padres,2026-08-26 20:10:00.000,0.7274936954,0.8917100277000001,1384,5041,45,10,1182,24,seatgeek
17693558,Boston Red Sox at Miami Marlins,2026-08-26 22:40:00.000,0.7008108508,0.9289028242,134,387,53,11,572,6371,seatgeek
17695097,Colorado Rockies at Washington Nationals,2026-08-26 22:45:00.000,0.6517393041,0.9051166451,234,879,105,24,829,3713,seatgeek
17691584,Houston Astros at New York Yankees,2026-08-26 23:05:00.000,0.724019175,0.9401522482,599,1896,71,12,5957,8,seatgeek
17696080,Kansas City Royals at Toronto Blue Jays,2026-08-26 23:07:00.000,0.7719640631,0.9633916119,184,541,107,32,413,17,seatgeek
17693876,Milwaukee Brewers at New York Mets,2026-08-26 23:10:00.000,0.694685924,0.9259339615,1096,4995,46,10,799,3,seatgeek
17692744,Los Angeles Dodgers at Atlanta Braves,2026-08-26 23:15:00.000,0.7554734241000001,0.9553984634,519,1463,113,15,11418,418889,seatgeek
17695433,Texas Rangers at Chicago White Sox,2026-08-26 23:40:00.000,0.6534138076,0.9059283324,672,2898,54,12,367,3715,seatgeek
17693718,Baltimore Orioles at St. Louis Cardinals,2026-08-26 23:45:00.000,0.6474843886,0.9030541408,386,1279,35,11,320,27,seatgeek
17691974,Minnesota Twins at Athletics,2026-08-27 01:05:00.000,0.6026848856,0.8774187573000001,222,1213,43,19,160,317,seatgeek
17695099,Colorado Rockies at Washington Nationals,2026-08-27 17:05:00.000,0.6334506802000001,0.8631815098000001,512,2658,77,14,859,3713,seatgeek
17693719,Baltimore Orioles at St. Louis Cardinals,2026-08-27 18:15:00.000,0.649458923,0.8690628567,523,1799,53,10,1734,27,seatgeek
17691585,Houston Astros at New York Yankees,2026-08-27 23:05:00.000,0.7278805968000001,0.942612382,1206,6714,53,11,1574,8,seatgeek
17696083,Kansas City Royals at Toronto Blue Jays,2026-08-27 23:07:00.000,0.7438417376,0.9503623041,210,609,100,30,638,17,seatgeek
17693877,Milwaukee Brewers at New York Mets,2026-08-27 23:10:00.000,0.7140341922,0.9358892386,733,3034,50,11,969,3,seatgeek
17692748,Los Angeles Dodgers at Atlanta Braves,2026-08-27 23:15:00.000,0.7910123396000001,0.9732658096,293,779,223,27,20779,418889,seatgeek
17692071,Arizona Diamondbacks at San Francisco Giants,2026-08-28 01:45:00.000,0.6859633822,0.9167909868,553,1638,96,28,655,22,seatgeek
17695267,Cincinnati Reds at Chicago Cubs,2026-08-28 18:20:00.000,0.8298141826000001,0.9572190017,1058,3328,166,50,1707,11,seatgeek
17693229,Los Angeles Dodgers at Detroit Tigers,2026-08-28 22:40:00.000,0.7819518059,0.9692979556,191,527,206,33,11653,12,seatgeek
17695102,Miami Marlins at Washington Nationals,2026-08-28 22:45:00.000,0.6664333804,0.9130570511,427,1920,60,11,523,3713,seatgeek
17693068,Kansas City Royals at Cleveland Guardians,2026-08-28 23:10:00.000,0.7468014209,0.952184963,146,372,117,38,1078,6,seatgeek
17693882,Houston Astros at New York Mets,2026-08-28 23:10:00.000,0.7200970899,0.9391838518,928,3379,42,11,540,3,seatgeek
17696438,San Diego Padres at Tampa Bay Rays,2026-08-28 23:10:00.000,0.6503189268,0.9052113721,153,499,51,22,329,4,seatgeek
17691586,Boston Red Sox at New York Yankees,2026-08-28 23:15:00.000,0.7874346708000001,0.9719672845,488,2012,131,31,1441,8,seatgeek
17692749,Colorado Rockies at Atlanta Braves,2026-08-28 23:15:00.000,0.7231243848000001,0.9406577075,447,1196,87,12,1139,418889,seatgeek
17696084,Seattle Mariners at Toronto Blue Jays,2026-08-28 23:15:00.000,0.7670070086,0.9620220817,208,510,125,45,414,17,seatgeek
17695599,Texas Rangers at Milwaukee Brewers,2026-08-28 23:40:00.000,0.7202126442,0.9392401101,194,623,94,27,476,15,seatgeek
17695753,Chicago White Sox at Minnesota Twins,2026-08-29 00:10:00.000,0.6670349571,0.9127694965,96,252,78,34,576,3712,seatgeek
17693722,Pittsburgh Pirates at St. Louis Cardinals,2026-08-29 00:15:00.000,0.6570421898000001,0.9075895462,336,889,50,19,257,27,seatgeek
17692385,Philadelphia Phillies at Los Angeles Angels,2026-08-29 01:38:00.000,0.6742068008000001,0.9117007327,1058,6126,29,10,709,28,seatgeek
17691976,Baltimore Orioles at Athletics,2026-08-29 01:40:00.000,0.5986132444,0.8747584064,230,1142,58,22,579,317,seatgeek
17692072,Arizona Diamondbacks at San Francisco Giants,2026-08-29 02:15:00.000,0.6915635009000001,0.9183454491,1365,5538,73,16,744,22,seatgeek
17691551,Boston Red Sox at New York Yankees (Rescheduled from 6/6),2026-08-29 17:05:00.000,0.789808216,0.9457247136,1110,2514,194,39,2945,8,seatgeek
17693232,Los Angeles Dodgers at Detroit Tigers,2026-08-29 17:10:00.000,0.7755319972,0.93571259,925,2944,136,28,1530,12,seatgeek
17695757,Chicago White Sox at Minnesota Twins,2026-08-29 18:10:00.000,0.6950361919,0.8907089551,309,1039,64,24,400,3712,seatgeek
17693724,Pittsburgh Pirates at St. Louis Cardinals,2026-08-29 18:15:00.000,0.7120431291,0.8994655001,552,1885,78,17,1436,27,seatgeek
17695269,Cincinnati Reds at Chicago Cubs,2026-08-29 18:20:00.000,0.8497762368,0.9684018117,881,2392,248,79,1933,11,seatgeek
17696085,Seattle Mariners at Toronto Blue Jays,2026-08-29 19:07:00.000,0.785946134,0.937034464,436,1266,182,58,1462,17,seatgeek
17692074,Arizona Diamondbacks at San Francisco Giants (Rescheduled from 8/30/26),2026-08-29 20:05:00.000,0.7505584953000001,0.9186132135,592,1610,139,24,2842,22,seatgeek
17695104,Miami Marlins at Washington Nationals,2026-08-29 20:05:00.000,0.7417687747,0.9123318476,679,2722,78,11,1386,3713,seatgeek
17692752,Colorado Rockies at Atlanta Braves,2026-08-29 20:10:00.000,0.7843732327,0.9328308467,445,1144,215,63,1506,418889,seatgeek
17693070,Kansas City Royals at Cleveland Guardians,2026-08-29 20:10:00.000,0.7650620709,0.9247058829,356,1128,124,41,693,6,seatgeek
17693883,Houston Astros at New York Mets,2026-08-29 20:10:00.000,0.7369565939,0.912242861,1713,6857,82,14,1245,3,seatgeek
17696440,San Diego Padres at Tampa Bay Rays,2026-08-29 20:10:00.000,0.7232043405,0.9051757754,414,1834,113,34,878,4,seatgeek
17691587,Boston Red Sox at New York Yankees,2026-08-29 23:15:00.000,0.7996828195,0.9704653042,208,802,179,50,957,8,seatgeek
17695600,Texas Rangers at Milwaukee Brewers,2026-08-29 23:15:00.000,0.7100970718,0.9270850206,29,63,159,45,1342,15,seatgeek
17691977,Baltimore Orioles at Athletics,2026-08-30 02:05:00.000,0.6186006638,0.8764094994,55,187,110,34,476,317,seatgeek
17692073,Arizona Diamondbacks at San Francisco Giants,2026-08-30 02:05:00.000,0.6889426977,0.911043039,577,1722,96,20,853,22,seatgeek
17692386,Philadelphia Phillies at Los Angeles Angels,2026-08-30 02:07:00.000,0.6773417777,0.9048447008,856,4810,33,7,4508,28,seatgeek
17695106,Miami Marlins at Washington Nationals,2026-08-30 16:15:00.000,0.6650997269000001,0.8725411969,531,2605,76,16,859,3713,seatgeek
17691588,Boston Red Sox at New York Yankees,2026-08-30 17:35:00.000,0.8109871654,0.9456368057,1417,6052,181,30,2933,8,seatgeek
17692753,Colorado Rockies at Atlanta Braves,2026-08-30 17:35:00.000,0.7006719633,0.8893781823,1266,6052,67,13,663,418889,seatgeek
17696088,Seattle Mariners at Toronto Blue Jays,2026-08-30 17:37:00.000,0.7755206343000001,0.9254149258,397,1189,169,56,930,17,seatgeek
17693072,Kansas City Royals at Cleveland Guardians,2026-08-30 17:40:00.000,0.7224297309000001,0.8997000541,363,1078,101,33,561,6,seatgeek
17693234,Los Angeles Dodgers at Detroit Tigers,2026-08-30 17:40:00.000,0.7655470626,0.9219990576,852,2704,110,28,1093,12,seatgeek
17696443,San Diego Padres at Tampa Bay Rays,2026-08-30 17:40:00.000,0.6751307212000001,0.8777900423,313,1326,75,26,685,4,seatgeek
17695602,Texas Rangers at Milwaukee Brewers,2026-08-30 18:10:00.000,0.7172674337,0.8963833873,340,1165,112,24,1342,15,seatgeek
17695758,Chicago White Sox at Minnesota Twins,2026-08-30 18:10:00.000,0.685379394,0.8789394834,248,776,67,23,396,3712,seatgeek
17693726,Pittsburgh Pirates at St. Louis Cardinals,2026-08-30 18:15:00.000,0.674682193,0.8738828749,559,1756,58,13,566,27,seatgeek
17693886,Houston Astros at New York Mets,2026-08-30 19:10:00.000,0.7201899285000001,0.8963743568,1578,7162,75,15,3425,3,seatgeek
17691980,Baltimore Orioles at Athletics,2026-08-30 20:05:00.000,0.6308002883,0.8514563818,301,1634,50,15,404,317,seatgeek
17692389,Philadelphia Phillies at Los Angeles Angels,2026-08-30 20:07:00.000,0.6716099425000001,0.8714594763,1424,6445,44,9,6888,28,seatgeek
17695270,Cincinnati Reds at Chicago Cubs,2026-08-30 23:20:00.000,0.797172942,0.9756659363,939,2778,100,24,11772,11,seatgeek
17692680,San Francisco Giants at Atlanta Braves (Rescheduled from 6/18/26),2026-08-31 22:05:00.000,0.6518850706,0.904516219,894,2893,71,8,1336,418889,seatgeek
17694237,San Diego Padres at Cincinnati Reds,2026-08-31 22:40:00.000,0.6073224408,0.8827269423,427,1779,45,7,466,26,seatgeek
17696446,New York Mets at Tampa Bay Rays,2026-08-31 22:40:00.000,0.6371149379000001,0.8972943597,197,611,58,20,1159,4,seatgeek
17692903,Seattle Mariners at Boston Red Sox,2026-08-31 22:45:00.000,0.7592588161,0.9570148068,185,500,154,63,598,21,seatgeek
17695107,Miami Marlins at Washington Nationals,2026-08-31 22:45:00.000,0.582311218,0.8704968458000001,411,1937,62,10,995,3713,seatgeek
17695271,Milwaukee Brewers at Chicago Cubs,2026-08-31 23:40:00.000,0.760289615,0.9575187902,1091,3277,80,17,755,11,seatgeek
17695761,Detroit Tigers at Minnesota Twins,2026-08-31 23:40:00.000,0.6131793168,0.8855907829,86,209,51,15,437,3712,seatgeek
17695914,Athletics at Texas Rangers,2026-09-01 00:05:00.000,0.6196772304,0.8884641109,612,2465,47,7,703,487468,seatgeek
17693396,Chicago White Sox at Houston Astros,2026-09-01 00:10:00.000,0.6245877387000001,0.890584539,424,1338,56,11,1337,20,seatgeek
17691313,Baltimore Orioles at Colorado Rockies,2026-09-01 00:40:00.000,0.5978039142,0.8757063619000001,323,1986,164,20,455,7,seatgeek
17692390,New York Yankees at Los Angeles Angels,2026-09-01 01:38:00.000,0.6972492551,0.9215114852,1316,7069,51,8,4724,28,seatgeek
17692547,Philadelphia Phillies at Arizona Diamondbacks,2026-09-01 01:40:00.000,0.6512391219,0.899110537,649,2793,122,14,1539,30,seatgeek
17693073,Toronto Blue Jays at Cleveland Guardians,2026-09-01 22:40:00.000,0.6526714791,0.9047149876,222,667,99,28,547,6,seatgeek
17694242,San Diego Padres at Cincinnati Reds,2026-09-01 22:40:00.000,0.6396082529,0.8983159061,429,1785,58,13,546,26,seatgeek
17694937,San Francisco Giants at Pittsburgh Pirates,2026-09-01 22:40:00.000,0.6187730727,0.8881095198000001,389,1518,82,17,377,10,seatgeek
17696447,New York Mets at Tampa Bay Rays,2026-09-01 22:40:00.000,0.6523106911000001,0.9045382549,150,487,56,14,1139,4,seatgeek
17692908,Seattle Mariners at Boston Red Sox,2026-09-01 22:45:00.000,0.7332608756,0.9441909632,805,2730,48,8,458,21,seatgeek
17695108,Atlanta Braves at Washington Nationals,2026-09-01 22:45:00.000,0.6857550775,0.920920865,360,1112,81,16,914,3713,seatgeek
17695272,Milwaukee Brewers at Chicago Cubs,2026-09-01 23:40:00.000,0.7772678825,0.9657469741,1125,3336,90,16,1650,11,seatgeek
17695763,Detroit Tigers at Minnesota Twins,2026-09-01 23:40:00.000,0.6124439673000001,0.8850090717,85,221,53,14,587,3712,seatgeek
17696262,Miami Marlins at Kansas City Royals,2026-09-01 23:40:00.000,0.6075407176000001,0.8826070898,323,1164,38,8,572,3714,seatgeek
17695916,Athletics at Texas Rangers,2026-09-02 00:05:00.000,0.6188335238,0.8878341384,760,3004,34,7,577,487468,seatgeek
17693397,Chicago White Sox at Houston Astros,2026-09-02 00:10:00.000,0.6474867439,0.901553933,407,1368,55,15,462,20,seatgeek
17691314,Baltimore Orioles at Colorado Rockies,2026-09-02 00:40:00.000,0.6033297445,0.8781656817,473,3152,129,16,443,7,seatgeek
17692392,New York Yankees at Los Angeles Angels,2026-09-02 01:38:00.000,0.6976223416,0.9212895979,1018,6493,28,8,370,28,seatgeek
17692548,Philadelphia Phillies at Arizona Diamondbacks,2026-09-02 01:40:00.000,0.6551472136000001,0.9005806717,576,2544,101,20,766,30,seatgeek
17691490,St. Louis Cardinals at Los Angeles Dodgers,2026-09-02 02:10:00.000,0.7308284765,0.9362549408,1503,5555,103,25,5112,1,seatgeek
17694244,San Diego Padres at Cincinnati Reds,2026-09-02 16:40:00.000,0.6054977411,0.8464707949,616,2766,55,8,572,26,seatgeek
17695111,Atlanta Braves at Washington Nationals,2026-09-02 17:05:00.000,0.6803796029,0.8853765281,467,2205,84,12,859,3713,seatgeek
17695919,Athletics at Texas Rangers,2026-09-02 18:35:00.000,0.6676052593,0.8744344759,848,3949,56,7,1640,487468,seatgeek
17691315,Baltimore Orioles at Colorado Rockies,2026-09-02 19:10:00.000,0.6220350147,0.8518543069000001,1864,11948,88,13,483,7,seatgeek
17692553,Philadelphia Phillies at Arizona Diamondbacks,2026-09-02 19:40:00.000,0.6901602628,0.8872696107,2048,10352,85,19,984,30,seatgeek
17692910,Seattle Mariners at Boston Red Sox,2026-09-02 20:10:00.000,0.7665902746000001,0.9241417559,834,3014,90,16,2058,21,seatgeek
17693074,Toronto Blue Jays at Cleveland Guardians,2026-09-02 22:40:00.000,0.6554502932,0.9059250839,223,712,89,23,542,6,seatgeek
17694939,San Francisco Giants at Pittsburgh Pirates,2026-09-02 22:40:00.000,0.6124307523,0.8848196393000001,385,1747,74,13,622,10,seatgeek
17696450,New York Mets at Tampa Bay Rays,2026-09-02 22:40:00.000,0.6563545965,0.9063687271,155,480,55,15,1139,4,seatgeek
17695277,Milwaukee Brewers at Chicago Cubs,2026-09-02 23:40:00.000,0.7934869381,0.9736427015,863,2402,106,21,1565,11,seatgeek
17695764,Detroit Tigers at Minnesota Twins,2026-09-02 23:40:00.000,0.5909575842,0.8742844244,104,267,41,13,118,3712,seatgeek
17696265,Miami Marlins at Kansas City Royals,2026-09-02 23:40:00.000,0.5591047359,0.858655816,377,1596,32,9,432,3714,seatgeek
17693400,Chicago White Sox at Houston Astros,2026-09-03 00:10:00.000,0.6026440006,0.8793989405,433,1587,41,10,462,20,seatgeek
17692394,New York Yankees at Los Angeles Angels,2026-09-03 01:38:00.000,0.7198219353,0.9322038899,843,5056,37,8,1707,28,seatgeek
17691491,St. Louis Cardinals at Los Angeles Dodgers,2026-09-03 02:10:00.000,0.7566345459,0.9484381108,1202,4440,116,46,1819,1,seatgeek
17694940,San Francisco Giants at Pittsburgh Pirates,2026-09-03 16:35:00.000,0.5858852472,0.8389080627000001,392,1879,90,25,775,10,seatgeek
17693077,Toronto Blue Jays at Cleveland Guardians,2026-09-03 17:10:00.000,0.6738370219,0.8827868501,420,1276,94,17,542,6,seatgeek
17693401,Chicago White Sox at Houston Astros,2026-09-03 18:10:00.000,0.6881741041,0.8866185934,576,2219,69,12,616,20,seatgeek
17694781,Boston Red Sox at Baltimore Orioles,2026-09-03 23:15:00.000,0.710142286,0.9263050744,416,1334,32,11,969,25,seatgeek
17695278,Milwaukee Brewers at Chicago Cubs,2026-09-03 23:15:00.000,0.8316051326,0.9836890737,729,2097,88,21,886,11,seatgeek
17696266,Miami Marlins at Kansas City Royals,2026-09-03 23:40:00.000,0.5748711083,0.8623913794,439,1757,37,7,519,3714,seatgeek
17695921,Tampa Bay Rays at Texas Rangers,2026-09-04 00:05:00.000,0.6615077454,0.9030294522,762,2775,37,7,443,487468,seatgeek
17691816,Athletics at Seattle Mariners,2026-09-04 01:40:00.000,0.6644866464,0.8991708209,441,1526,66,11,822,13,seatgeek
17691493,St. Louis Cardinals at Los Angeles Dodgers,2026-09-04 02:10:00.000,0.771946449,0.94901267,1504,5723,97,28,3125,1,seatgeek
17693008,Detroit Tigers at Cleveland Guardians (Rescheduled from 6/14),2026-09-04 18:10:00.000,0.6976825707000001,0.8851161745,705,2116,79,11,1342,6,seatgeek
17694245,Milwaukee Brewers at Cincinnati Reds,2026-09-04 22:10:00.000,0.7276117058,0.9321915993,431,1578,73,12,535,26,seatgeek
17694064,Atlanta Braves at Philadelphia Phillies,2026-09-04 22:40:00.000,0.8046154003,0.9686450206,143,316,139,57,1156,18,seatgeek
17694944,Los Angeles Angels at Pittsburgh Pirates,2026-09-04 22:45:00.000,0.7074655117,0.9226542847,332,1587,92,23,685,10,seatgeek
17694782,Boston Red Sox at Baltimore Orioles,2026-09-04 23:05:00.000,0.735497591,0.9359247978,360,1119,40,11,293,25,seatgeek
17693560,Chicago Cubs at Miami Marlins,2026-09-04 23:10:00.000,0.669087647,0.9044857005,444,1918,38,10,994,6371,seatgeek
17693887,San Francisco Giants at New York Mets,2026-09-04 23:10:00.000,0.7431551334000001,0.9395498887,591,2476,65,20,540,3,seatgeek
17693078,Detroit Tigers at Cleveland Guardians,2026-09-04 23:15:00.000,0.7178781771,0.927583706,554,1766,74,22,696,6,seatgeek
17695435,Minnesota Twins at Chicago White Sox,2026-09-04 23:40:00.000,0.7157824612,0.9265915828,521,2801,68,16,391,3715,seatgeek
17695922,Tampa Bay Rays at Texas Rangers,2026-09-05 00:05:00.000,0.6964504676000001,0.917131319,448,1718,52,13,462,487468,seatgeek
17693402,Arizona Diamondbacks at Houston Astros,2026-09-05 00:10:00.000,0.7030540386,0.919993184,313,827,68,22,462,20,seatgeek
17696267,Toronto Blue Jays at Kansas City Royals,2026-09-05 00:10:00.000,0.6296046816,0.8852063997,391,1526,51,9,628,3714,seatgeek
17691316,St. Louis Cardinals at Colorado Rockies,2026-09-05 00:40:00.000,0.678595865,0.9067170955,396,1553,82,20,466,7,seatgeek
17692224,New York Yankees at San Diego Padres,2026-09-05 01:40:00.000,0.8327399469000001,0.9767658766,548,1326,168,73,1990,24,seatgeek
17691494,Washington Nationals at Los Angeles Dodgers,2026-09-05 02:10:00.000,0.7914156486,0.9556891706,1128,3874,130,46,1752,1,seatgeek
17691820,Athletics at Seattle Mariners,2026-09-05 02:10:00.000,0.7122410277,0.9179392995,563,2418,71,21,884,13,seatgeek
17693561,Chicago Cubs at Miami Marlins,2026-09-05 20:10:00.000,0.7236035234,0.8943731355000001,518,2366,59,16,1168,6371,seatgeek
17693888,San Francisco Giants at New York Mets,2026-09-05 20:10:00.000,0.7628547235,0.9138931671,1562,6690,93,19,2858,3,seatgeek
17694067,Atlanta Braves at Philadelphia Phillies,2026-09-05 22:05:00.000,0.8344589914,0.9651592669,77,151,154,76,345,18,seatgeek
17693082,Detroit Tigers at Cleveland Guardians,2026-09-05 22:10:00.000,0.7681482133,0.9342104739,42,122,79,30,352,6,seatgeek
17694246,Milwaukee Brewers at Cincinnati Reds,2026-09-05 22:40:00.000,0.7442793748000001,0.9230702442,286,890,71,11,506,26,seatgeek
17694948,Los Angeles Angels at Pittsburgh Pirates,2026-09-05 22:40:00.000,0.71973092,0.9116127405,245,1157,87,30,593,10,seatgeek
17694783,Boston Red Sox at Baltimore Orioles,2026-09-05 23:05:00.000,0.7969840533,0.9476688677,167,441,72,33,317,25,seatgeek
17695923,Tampa Bay Rays at Texas Rangers,2026-09-05 23:05:00.000,0.7889029229000001,0.9438972121,375,1138,50,17,577,487468,seatgeek
17695437,Minnesota Twins at Chicago White Sox,2026-09-05 23:10:00.000,0.727166928,0.9150833598,255,842,106,27,627,3715,seatgeek
17696270,Toronto Blue Jays at Kansas City Royals,2026-09-05 23:10:00.000,0.6957649428,0.9004269871,223,896,46,12,495,3714,seatgeek
17692226,New York Yankees at San Diego Padres,2026-09-05 23:15:00.000,0.8556581785,0.9750533818,317,729,186,72,1536,24,seatgeek
17693403,Arizona Diamondbacks at Houston Astros,2026-09-05 23:15:00.000,0.7762234236000001,0.9379793791,231,541,78,27,290,20,seatgeek
17691317,St. Louis Cardinals at Colorado Rockies,2026-09-06 00:10:00.000,0.7053108118,0.9043510778,314,1193,149,30,523,7,seatgeek
17691496,Washington Nationals at Los Angeles Dodgers,2026-09-06 01:10:00.000,0.8168762512000001,0.9535529496,637,1932,180,66,1752,1,seatgeek
17691822,Athletics at Seattle Mariners,2026-09-06 01:40:00.000,0.7302185841000001,0.9114583585,415,1489,74,19,713,13,seatgeek
17694248,Milwaukee Brewers at Cincinnati Reds,2026-09-06 16:10:00.000,0.7083306362,0.8735529894,706,2906,64,11,606,26,seatgeek
17694068,Atlanta Braves at Philadelphia Phillies,2026-09-06 17:10:00.000,0.8665777037,0.947467624,825,2271,210,56,7281,18,seatgeek
17694784,Boston Red Sox at Baltimore Orioles,2026-09-06 17:35:00.000,0.8183205018,0.9243821069,387,1187,80,29,515,25,seatgeek
17694947,Los Angeles Angels at Pittsburgh Pirates,2026-09-06 17:35:00.000,0.7253082069,0.881977146,350,1499,138,22,11420,10,seatgeek
17693084,Detroit Tigers at Cleveland Guardians,2026-09-06 17:40:00.000,0.765980712,0.9001818487000001,255,746,76,26,924,6,seatgeek
17693564,Chicago Cubs at Miami Marlins,2026-09-06 17:40:00.000,0.72888819,0.88385722,463,2058,77,15,11769,6371,seatgeek
17693889,San Francisco Giants at New York Mets,2026-09-06 17:40:00.000,0.7737200408,0.9044840868,1375,6126,94,16,2858,3,seatgeek
17693408,Arizona Diamondbacks at Houston Astros,2026-09-06 18:10:00.000,0.7909650113000001,0.9112059409,553,1749,110,23,726,20,seatgeek
17696273,Toronto Blue Jays at Kansas City Royals,2026-09-06 18:10:00.000,0.6636372972,0.8503963353,497,1736,60,11,705,3714,seatgeek
17695927,Tampa Bay Rays at Texas Rangers,2026-09-06 18:35:00.000,0.7937787727000001,0.9108258253,523,1857,96,17,1574,487468,seatgeek
17691318,St. Louis Cardinals at Colorado Rockies,2026-09-06 19:10:00.000,0.7323906852000001,0.8817545417,1308,6517,83,15,501,7,seatgeek
17691824,Athletics at Seattle Mariners,2026-09-06 20:10:00.000,0.7812099356000001,0.904020645,1125,5269,121,13,11653,13,seatgeek
17692229,New York Yankees at San Diego Padres,2026-09-06 20:10:00.000,0.862856934,0.943168255,1381,3899,169,50,1517,24,seatgeek
17695439,Minnesota Twins at Chicago White Sox,2026-09-06 22:20:00.000,0.7205244965000001,0.9383883322,186,649,587,30,7001,3715,seatgeek
17691498,Washington Nationals at Los Angeles Dodgers,2026-09-07 02:10:00.000,0.8216847232000001,0.9808503343,440,1410,945,172,17842,1,seatgeek
17694071,Atlanta Braves at Philadelphia Phillies,2026-09-07 17:05:00.000,0.8059392559,0.9469447357,599,1511,471,50,39577,18,seatgeek
17693565,New York Mets at Miami Marlins,2026-09-07 17:10:00.000,0.6418606069,0.8664660171,495,1860,138,16,3362,6371,seatgeek
17692912,Los Angeles Angels at Boston Red Sox,2026-09-07 17:35:00.000,0.8075145905000001,0.9479912241,618,2376,375,87,5745,21,seatgeek
17694791,Cleveland Guardians at Baltimore Orioles,2026-09-07 17:35:00.000,0.7027316458,0.8945585977,463,1552,44,14,259,25,seatgeek
17695603,Chicago Cubs at Milwaukee Brewers,2026-09-07 18:10:00.000,0.8022642925,0.9453234569,530,1484,567,90,6514,15,seatgeek
17696275,Arizona Diamondbacks at Kansas City Royals,2026-09-07 18:10:00.000,0.6468533761,0.8683055691,597,2447,133,11,7616,3714,seatgeek
17693236,Minnesota Twins at Detroit Tigers,2026-09-07 19:10:00.000,0.7013501697,0.891981763,899,2729,108,13,2849,12,seatgeek
17692231,Washington Nationals at San Diego Padres,2026-09-07 21:10:00.000,0.7434078437,0.9117989976,1135,3043,133,15,3336,24,seatgeek
17692075,St. Louis Cardinals at San Francisco Giants,2026-09-08 00:10:00.000,0.6902100453000001,0.9201077608,1291,5429,186,28,5719,22,seatgeek
17691502,Cincinnati Reds at Los Angeles Dodgers,2026-09-08 01:10:00.000,0.7579128392000001,0.9497422182,1107,3102,246,37,5745,1,seatgeek
17691982,Toronto Blue Jays at Athletics,2026-09-08 02:05:00.000,0.5935521847,0.8673512346000001,309,1445,362,21,2259,317,seatgeek
17694792,Cleveland Guardians at Baltimore Orioles,2026-09-08 22:35:00.000,0.6362165881,0.8890775975,351,1272,24,7,349,25,seatgeek
17693238,Minnesota Twins at Detroit Tigers,2026-09-08 22:40:00.000,0.6327516143,0.8874115539,996,2993,59,7,1439,12,seatgeek
17693568,New York Mets at Miami Marlins,2026-09-08 22:40:00.000,0.5948851557,0.8692038806,295,1034,124,8,2849,6371,seatgeek
17694073,Houston Astros at Philadelphia Phillies,2026-09-08 22:40:00.000,0.7596008757,0.9484010905,939,2374,162,11,3874,18,seatgeek
17692913,Los Angeles Angels at Boston Red Sox,2026-09-08 22:45:00.000,0.7537573278,0.9455915622,531,1249,219,11,5540,21,seatgeek
17691589,Colorado Rockies at New York Yankees,2026-09-08 23:05:00.000,0.7627359364,0.9499083999,495,1280,616,48,4464,8,seatgeek
17692754,Tampa Bay Rays at Atlanta Braves,2026-09-08 23:15:00.000,0.6871888095,0.9135856496,857,2416,118,7,3874,418889,seatgeek
17695441,Pittsburgh Pirates at Chicago White Sox,2026-09-08 23:40:00.000,0.6618554653000001,0.901405203,415,1120,197,17,1978,3715,seatgeek
17695606,Chicago Cubs at Milwaukee Brewers,2026-09-08 23:40:00.000,0.7564604846,0.9468912175,309,696,408,24,5950,15,seatgeek
17696276,Arizona Diamondbacks at Kansas City Royals,2026-09-08 23:40:00.000,0.5716551896000001,0.8580333023000001,572,2057,85,6,1721,3714,seatgeek
17691825,Texas Rangers at Seattle Mariners,2026-09-09 01:40:00.000,0.6591028445,0.8948141115,548,1504,148,12,5027,13,seatgeek
17691983,Toronto Blue Jays at Athletics,2026-09-09 01:40:00.000,0.572638391,0.8524208635,342,1762,355,11,2259,317,seatgeek
17692232,Washington Nationals at San Diego Padres,2026-09-09 01:40:00.000,0.7487701813000001,0.9377248393,680,1941,211,28,4105,24,seatgeek
17692076,St. Louis Cardinals at San Francisco Giants,2026-09-09 01:45:00.000,0.6465824412,0.8882522381,1614,6429,79,10,8517,22,seatgeek
17691504,Cincinnati Reds at Los Angeles Dodgers,2026-09-09 02:10:00.000,0.7398354357,0.9321084536,1714,6268,197,25,3951,1,seatgeek
17693240,Minnesota Twins at Detroit Tigers,2026-09-09 17:10:00.000,0.6505391365000001,0.8564474932,1179,4153,71,7,1749,12,seatgeek
17691986,Toronto Blue Jays at Athletics,2026-09-09 19:05:00.000,0.6154533132000001,0.8395630803,387,2086,304,11,3028,317,seatgeek
17692077,St. Louis Cardinals at San Francisco Giants,2026-09-09 19:45:00.000,0.6751905538,0.8683008572,1836,7166,83,10,3233,22,seatgeek
17691827,Texas Rangers at Seattle Mariners,2026-09-09 20:10:00.000,0.6879409402000001,0.8752027684,2332,12092,129,9,10897,13,seatgeek
17692233,Washington Nationals at San Diego Padres,2026-09-09 20:10:00.000,0.7029982412,0.8832824277,1649,5502,66,9,4515,24,seatgeek
17694793,Cleveland Guardians at Baltimore Orioles,2026-09-09 22:35:00.000,0.6468303735,0.8874610665,305,969,28,8,259,25,seatgeek
17693570,New York Mets at Miami Marlins,2026-09-09 22:40:00.000,0.5802187575000001,0.8555230698,331,1103,132,10,4207,6371,seatgeek
17694075,Houston Astros at Philadelphia Phillies,2026-09-09 22:40:00.000,0.74395707,0.934026506,864,2146,163,12,4002,18,seatgeek
17692914,Los Angeles Angels at Boston Red Sox,2026-09-09 22:45:00.000,0.7367898883,0.930590406,873,2194,150,6,4976,21,seatgeek
17691590,Colorado Rockies at New York Yankees,2026-09-09 23:05:00.000,0.6840240221,0.905293083,905,2967,779,7,88402,8,seatgeek
17692758,Tampa Bay Rays at Atlanta Braves,2026-09-09 23:15:00.000,0.6739430927000001,0.9004599563000001,721,1958,306,11,87710,418889,seatgeek
17695442,Pittsburgh Pirates at Chicago White Sox,2026-09-09 23:40:00.000,0.6385903621,0.8835104247000001,815,3053,278,10,4720,3715,seatgeek
17695607,Chicago Cubs at Milwaukee Brewers,2026-09-09 23:40:00.000,0.7195845688,0.9223417821,365,971,357,19,6745,15,seatgeek
17696277,Arizona Diamondbacks at Kansas City Royals,2026-09-09 23:40:00.000,0.5894111983,0.8599307588,541,2042,74,7,1593,3714,seatgeek
17691505,Cincinnati Reds at Los Angeles Dodgers,2026-09-10 02:10:00.000,0.7356620461000001,0.9234458585,1640,5597,211,28,9155,1,seatgeek
17692761,Tampa Bay Rays at Atlanta Braves,2026-09-10 16:15:00.000,0.6596870813,0.8602077909,2029,8937,70,8,824,418889,seatgeek
17694076,Houston Astros at Philadelphia Phillies,2026-09-10 17:05:00.000,0.7504893511,0.9055028889,1511,4393,85,11,9710,18,seatgeek
17691828,Texas Rangers at Seattle Mariners,2026-09-10 20:10:00.000,0.6798168509,0.8678436646000001,2284,11129,65,9,2674,13,seatgeek
17691591,Colorado Rockies at New York Yankees,2026-09-10 23:05:00.000,0.7208159303,0.8859990112,2300,11641,179,17,10897,8,seatgeek
17695445,Pittsburgh Pirates at Chicago White Sox,2026-09-10 23:40:00.000,0.6761231924000001,0.8576666366,2456,13052,78,13,1234,3715,seatgeek
17695281,Pittsburgh Pirates at Chicago Cubs,2026-09-11 18:20:00.000,0.8075815453,0.9182502531,993,2456,359,28,88453,11,seatgeek
17693242,Colorado Rockies at Detroit Tigers,2026-09-11 22:40:00.000,0.7392544778,0.8806985962,991,2707,155,20,9641,12,seatgeek
17695115,Los Angeles Angels at Washington Nationals,2026-09-11 22:45:00.000,0.7017685951,0.8623404903,605,2459,140,19,2106,3713,seatgeek
17691592,New York Mets at New York Yankees,2026-09-11 23:05:00.000,0.8475103174,0.9370212845,1170,4829,815,118,90888,8,seatgeek
17696091,Baltimore Orioles at Toronto Blue Jays,2026-09-11 23:07:00.000,0.7917920427,0.9052812809,348,1131,355,58,2259,17,seatgeek
17692915,Kansas City Royals at Boston Red Sox,2026-09-11 23:10:00.000,0.8161850892,0.9170362631,886,3151,312,42,3438,21,seatgeek
17693572,Los Angeles Dodgers at Miami Marlins,2026-09-11 23:10:00.000,0.7336992373,0.8801408411,759,2999,235,14,14972,6371,seatgeek
17696451,Houston Astros at Tampa Bay Rays,2026-09-11 23:10:00.000,0.6813610647,0.853384038,482,1622,128,16,1619,4,seatgeek
17692759,Philadelphia Phillies at Atlanta Braves,2026-09-11 23:15:00.000,0.7957545761,0.9078986022,873,2506,468,34,88453,418889,seatgeek
17695611,Cincinnati Reds at Milwaukee Brewers,2026-09-11 23:45:00.000,0.728630162,0.8750625451,425,1127,173,22,2695,15,seatgeek
17695767,Cleveland Guardians at Minnesota Twins,2026-09-12 00:10:00.000,0.6571915144,0.8527121121000001,234,909,46,19,195,3712,seatgeek
17693727,Chicago White Sox at St. Louis Cardinals,2026-09-12 00:15:00.000,0.7242853841,0.8839079708,1112,5093,119,15,1849,27,seatgeek
17691987,Seattle Mariners at Athletics,2026-09-12 01:40:00.000,0.6322675044,0.8375627524,373,1706,117,18,3336,317,seatgeek
17692555,Texas Rangers at Arizona Diamondbacks,2026-09-12 01:40:00.000,0.7056785209,0.8737477608,1581,6510,310,24,11666,30,seatgeek
17692078,San Diego Padres at San Francisco Giants,2026-09-12 02:15:00.000,0.7539854838000001,0.8952896603,985,3006,230,29,8517,22,seatgeek
17693244,Colorado Rockies at Detroit Tigers,2026-09-12 17:10:00.000,0.7198945593,0.8614892082000001,1165,3534,95,10,2567,12,seatgeek
17691593,New York Mets at New York Yankees,2026-09-12 17:35:00.000,0.8318057725,0.920973093,1432,6106,516,61,90888,8,seatgeek
17695282,Pittsburgh Pirates at Chicago Cubs,2026-09-12 18:20:00.000,0.8621626042,0.927479474,1189,3305,558,41,87428,11,seatgeek
17696093,Baltimore Orioles at Toronto Blue Jays,2026-09-12 19:07:00.000,0.8082837654,0.9025539795,380,1044,363,50,6458,17,seatgeek
17692079,San Diego Padres at San Francisco Giants,2026-09-12 20:05:00.000,0.8051408019,0.9022244228,902,2184,373,42,11653,22,seatgeek
17695116,Los Angeles Angels at Washington Nationals,2026-09-12 20:05:00.000,0.7379041235,0.8688967647,724,3000,168,16,4310,3713,seatgeek
17692920,Kansas City Royals at Boston Red Sox,2026-09-12 20:10:00.000,0.8505620971000001,0.9215349733,598,1837,490,104,3892,21,seatgeek
17693573,Los Angeles Dodgers at Miami Marlins,2026-09-12 20:10:00.000,0.7640965705,0.8816813838,823,4260,243,17,8769,6371,seatgeek
17695768,Cleveland Guardians at Minnesota Twins,2026-09-12 20:10:00.000,0.7122009736,0.8558876602000001,305,1217,56,22,183,3712,seatgeek
17696454,Houston Astros at Tampa Bay Rays,2026-09-12 22:10:00.000,0.7019539986000001,0.8715459177,114,334,43,22,194,4,seatgeek
17695612,Cincinnati Reds at Milwaukee Brewers,2026-09-12 23:10:00.000,0.7508938234,0.8937104631,150,330,119,27,487,15,seatgeek
17692764,Philadelphia Phillies at Atlanta Braves,2026-09-12 23:15:00.000,0.7892432717000001,0.9110784999,416,1011,152,29,1374,418889,seatgeek
17693730,Chicago White Sox at St. Louis Cardinals,2026-09-12 23:15:00.000,0.7730476558,0.9037437005,216,523,477,25,11653,27,seatgeek
17692556,Texas Rangers at Arizona Diamondbacks,2026-09-13 00:10:00.000,0.6820111471,0.8620118622,478,1977,198,22,937,30,seatgeek
17691989,Seattle Mariners at Athletics,2026-09-13 01:40:00.000,0.64167753,0.8394761315,105,352,74,16,515,317,seatgeek
17693245,Colorado Rockies at Detroit Tigers,2026-09-13 16:10:00.000,0.6503571165,0.8781282482,549,1491,48,6,8517,12,seatgeek
17691594,New York Mets at New York Yankees,2026-09-13 17:35:00.000,0.808168303,0.9520091427,427,1481,99,11,1139,8,seatgeek
17692765,Philadelphia Phillies at Atlanta Braves,2026-09-13 17:35:00.000,0.7488914978,0.9242585668,504,1199,68,14,572,418889,seatgeek
17695118,Los Angeles Angels at Washington Nationals,2026-09-13 17:35:00.000,0.6467179999,0.876424482,381,1635,55,11,401,3713,seatgeek
17696095,Baltimore Orioles at Toronto Blue Jays,2026-09-13 17:37:00.000,0.765680257,0.9321182926,141,337,114,15,1640,17,seatgeek
17693576,Los Angeles Dodgers at Miami Marlins,2026-09-13 17:40:00.000,0.7037301052,0.9031158894,366,1394,55,11,685,6371,seatgeek
17696456,Houston Astros at Tampa Bay Rays,2026-09-13 17:40:00.000,0.6554911018,0.880531873,171,549,53,22,197,4,seatgeek
17695613,Cincinnati Reds at Milwaukee Brewers,2026-09-13 18:10:00.000,0.7038970872,0.903194064,200,526,101,16,9084,15,seatgeek
17695771,Cleveland Guardians at Minnesota Twins,2026-09-13 18:10:00.000,0.6424628952,0.8744323129,320,1248,37,11,288,3712,seatgeek
17693732,Chicago White Sox at St. Louis Cardinals,2026-09-13 18:15:00.000,0.7117539538000001,0.9068723459,33,84,77,11,208,27,seatgeek
17695285,Pittsburgh Pirates at Chicago Cubs,2026-09-13 18:20:00.000,0.8149790545000001,0.9551975978,462,1005,67,15,572,11,seatgeek
17692922,Kansas City Royals at Boston Red Sox,2026-09-13 19:05:00.000,0.7813277292,0.9394436973,819,2202,62,15,469,21,seatgeek
17691992,Seattle Mariners at Athletics,2026-09-13 20:05:00.000,0.6232183779,0.8654222173,229,1081,34,17,333,317,seatgeek
17692558,Texas Rangers at Arizona Diamondbacks,2026-09-13 20:10:00.000,0.6940259101,0.89857274,514,1573,40,7,316,30,seatgeek
17692080,San Diego Padres at San Francisco Giants,2026-09-13 23:20:00.000,0.7710938423,0.9346526789,908,3109,118,22,985,22,seatgeek
17693085,Chicago White Sox at Cleveland Guardians,2026-09-14 22:40:00.000,0.7207349105,0.9346945009,186,622,92,32,397,6,seatgeek
17694249,Los Angeles Dodgers at Cincinnati Reds,2026-09-14 22:40:00.000,0.6805711191,0.9154170945,568,2202,70,9,551,26,seatgeek
17696097,Detroit Tigers at Toronto Blue Jays,2026-09-14 23:07:00.000,0.7396801589,0.9437875342,388,1142,110,25,515,17,seatgeek
17693894,Baltimore Orioles at New York Mets,2026-09-14 23:10:00.000,0.733830848,0.9409800827,764,3070,126,11,2764,3,seatgeek
17695286,Atlanta Braves at Chicago Cubs,2026-09-14 23:40:00.000,0.7610710521,0.9540543299,1095,3000,83,13,1139,11,seatgeek
17695772,New York Yankees at Minnesota Twins,2026-09-14 23:40:00.000,0.6825225672,0.9163537406,437,1915,38,10,685,3712,seatgeek
17693734,San Francisco Giants at St. Louis Cardinals,2026-09-14 23:45:00.000,0.6170205787,0.8849134958,327,945,52,11,503,27,seatgeek
17691319,San Diego Padres at Colorado Rockies,2026-09-15 00:40:00.000,0.5959014398,0.872410624,364,2063,118,12,611,7,seatgeek
17692397,Seattle Mariners at Los Angeles Angels,2026-09-15 01:38:00.000,0.5778634523,0.8600681636,1179,5187,25,7,1322,28,seatgeek
17692559,Miami Marlins at Arizona Diamondbacks,2026-09-15 01:40:00.000,0.59640092,0.869602897,611,2613,50,11,849,30,seatgeek
17693088,Chicago White Sox at Cleveland Guardians,2026-09-15 22:40:00.000,0.7359803135,0.8995090257,302,1195,78,29,382,6,seatgeek
17694254,Los Angeles Dodgers at Cincinnati Reds,2026-09-15 22:40:00.000,0.7304030995,0.8987037468,842,3532,79,13,855,26,seatgeek
17694949,Milwaukee Brewers at Pittsburgh Pirates,2026-09-15 22:40:00.000,0.7014172219,0.8802970692000001,512,2648,109,29,7486,10,seatgeek
17696457,Athletics at Tampa Bay Rays,2026-09-15 22:40:00.000,0.6277095693,0.8461659554000001,393,1690,50,13,572,4,seatgeek
17695119,Philadelphia Phillies at Washington Nationals,2026-09-15 22:45:00.000,0.7170340578000001,0.8892738086,478,2060,69,14,589,3713,seatgeek
17696098,Detroit Tigers at Toronto Blue Jays,2026-09-15 23:07:00.000,0.7916840521,0.9265004836,419,1287,149,43,587,17,seatgeek
17693895,Baltimore Orioles at New York Mets,2026-09-15 23:10:00.000,0.7224245334,0.8912188597,1400,6303,88,15,2736,3,seatgeek
17695287,Atlanta Braves at Chicago Cubs,2026-09-15 23:40:00.000,0.7788581608,0.9183826922,1645,4808,144,13,11772,11,seatgeek
17695775,New York Yankees at Minnesota Twins,2026-09-15 23:40:00.000,0.7211192447,0.8879809321000001,462,2020,53,17,969,3712,seatgeek
17693735,San Francisco Giants at St. Louis Cardinals,2026-09-15 23:45:00.000,0.6589499214,0.8572543743000001,407,1244,650,11,117668,27,seatgeek
17695929,Boston Red Sox at Texas Rangers,2026-09-16 00:05:00.000,0.7282313788,0.9073762419,697,2554,102,13,1493,487468,seatgeek
17693409,Kansas City Royals at Houston Astros,2026-09-16 00:10:00.000,0.6796492357,0.8832241599,444,1639,91,18,836,20,seatgeek
17691320,San Diego Padres at Colorado Rockies,2026-09-16 00:40:00.000,0.6218929227000001,0.8549660558000001,1310,8475,83,14,939,7,seatgeek
17692398,Seattle Mariners at Los Angeles Angels,2026-09-16 01:38:00.000,0.6224681484,0.8520982369000001,1461,6816,27,7,1053,28,seatgeek
17692560,Miami Marlins at Arizona Diamondbacks,2026-09-16 01:40:00.000,0.6433074964000001,0.864340665,1631,7075,71,11,849,30,seatgeek
17693089,Chicago White Sox at Cleveland Guardians,2026-09-16 17:10:00.000,0.72503894,0.8776843901,402,1635,85,25,546,6,seatgeek
17693738,San Francisco Giants at St. Louis Cardinals,2026-09-16 17:15:00.000,0.6566916154,0.8455860211,453,1621,60,11,572,27,seatgeek
17695776,New York Yankees at Minnesota Twins,2026-09-16 17:40:00.000,0.7141100268,0.8701100716,434,2014,49,12,662,3712,seatgeek
17696099,Detroit Tigers at Toronto Blue Jays,2026-09-16 19:07:00.000,0.805774693,0.920344541,381,1145,159,37,3557,17,seatgeek
17694256,Los Angeles Dodgers at Cincinnati Reds,2026-09-16 22:40:00.000,0.7381604057000001,0.8818499957,1069,5395,83,8,11653,26,seatgeek
17694951,Milwaukee Brewers at Pittsburgh Pirates,2026-09-16 22:40:00.000,0.6716328106,0.8412399848000001,431,2079,96,27,460,10,seatgeek
17696459,Athletics at Tampa Bay Rays,2026-09-16 22:40:00.000,0.6342830314,0.8323183595,430,1959,77,11,11420,4,seatgeek
17695120,Philadelphia Phillies at Washington Nationals,2026-09-16 22:45:00.000,0.7347090267,0.8787196561,558,2473,86,21,1450,3713,seatgeek
17693896,Baltimore Orioles at New York Mets,2026-09-16 23:10:00.000,0.7313924454,0.877454378,1499,6939,63,13,1234,3,seatgeek
17695290,Atlanta Braves at Chicago Cubs,2026-09-16 23:40:00.000,0.8119808966000001,0.9154461531,1587,4665,83,11,1139,11,seatgeek
17695930,Boston Red Sox at Texas Rangers,2026-09-17 00:05:00.000,0.7368924278,0.8866868433,662,2766,115,11,1633,487468,seatgeek
17693412,Kansas City Royals at Houston Astros,2026-09-17 00:10:00.000,0.6595725769,0.847623125,500,2039,78,13,888,20,seatgeek
17691321,San Diego Padres at Colorado Rockies,2026-09-17 00:40:00.000,0.6406054355,0.8402465387,1270,7151,73,15,522,7,seatgeek
17692401,Seattle Mariners at Los Angeles Angels,2026-09-17 01:38:00.000,0.6757669403000001,0.8528675762,1225,7065,33,9,11420,28,seatgeek
17692565,Miami Marlins at Arizona Diamondbacks,2026-09-17 01:40:00.000,0.6500295107,0.840755319,1557,7368,73,12,860,30,seatgeek
17694953,Milwaukee Brewers at Pittsburgh Pirates,2026-09-17 16:35:00.000,0.6521065176,0.8222730885,428,2055,101,25,414,10,seatgeek
17694257,Los Angeles Dodgers at Cincinnati Reds,2026-09-17 16:40:00.000,0.7495500987,0.8737238516,814,3866,73,11,897,26,seatgeek
17696462,Athletics at Tampa Bay Rays,2026-09-17 17:10:00.000,0.63364647,0.8142562042,408,1861,58,13,685,4,seatgeek
17691323,San Diego Padres at Colorado Rockies,2026-09-17 19:10:00.000,0.6091408063,0.8626995435,96,311,30,11,112,7,seatgeek
17693413,Kansas City Royals at Houston Astros,2026-09-17 23:15:00.000,0.6907035378,0.9010778863,332,983,54,14,748,20,seatgeek
17693897,Philadelphia Phillies at New York Mets,2026-09-17 23:15:00.000,0.7040474284,0.90735644,706,2755,48,15,1264,3,seatgeek
17695447,Detroit Tigers at Chicago White Sox,2026-09-17 23:40:00.000,0.6631641702000001,0.8881199276,1102,4898,137,13,928,3715,seatgeek
17695933,Boston Red Sox at Texas Rangers,2026-09-18 00:05:00.000,0.7142585631,0.911887551,510,1860,64,16,748,487468,seatgeek
17692402,Minnesota Twins at Los Angeles Angels,2026-09-18 01:38:00.000,0.5763438319,0.8414783241,1451,6648,26,6,606,28,seatgeek
