eventId,name,datetimeLocal,minPriceTotal,maxPriceTotal,venueId,trendingScore,source
686db48cfde15ab79ae784ef,Pittsburgh Pirates at New York Mets (Opening Day),2026-03-26 13:15:00.000,8200,431100,5362ccf73bf37627c6000002,3626.003999999999,gametime
686db554196f3235465d7655,Chicago White Sox at Milwaukee Brewers (Opening Day),2026-03-26 13:10:00.000,5100,0,538526c321efd33afb000003,739.8759999999999,gametime
686db5751224d69bcf3c2987,New York Yankees at San Francisco Giants (Opening Day),2026-03-25 17:05:00.000,10700,57500,52618c753bf3760b9c000004,5527.111999999996,gametime
686db59ff3c2a0858c4e2296,Detroit Tigers at San Diego Padres (Opening Day),2026-03-26 13:10:00.000,8600,0,53692f0a3bf3760f90000001,2439.884,gametime
686db5cffde15ab79ae78526,Colorado Rockies at Miami Marlins (Opening Day) (Kyle Stowers Bobblehead Giveaway) (Rescheduled from 3/26),2026-03-27 19:10:00.000,1600,180300,53acb8a23bf3760237000004,1046.588,gametime
686db66ed420ffce05558747,Boston Red Sox at Cincinnati Reds (Opening Day),2026-03-26 16:10:00.000,10700,155400,53beec013bf376503f000001,1954.192,gametime
686db69fb6fb915c55d2d7d5,Cleveland Guardians at Seattle Mariners (Opening Day) (Magnetic Schedule Giveaway),2026-03-26 19:10:00.000,3700,160300,538526c321efd33afb000001,2300.8400000000006,gametime
686db736e6cdff19e8d31e5e,Los Angeles Angels at Houston Astros (Opening Day),2026-03-26 15:10:00.000,5600,531400,53b30c243bf37646fb000002,1789.004000000001,gametime
686dbcac218fcb59b66102d6,Arizona Diamondbacks at Los Angeles Dodgers (Opening Day),2026-03-26 17:30:00.000,17600,447900,5333a2763bf3767900000001,3920.1,gametime
686dbcea706c38558e318a98,Texas Rangers at Philadelphia Phillies (Opening Day) (2025 NL East Champions Pennant Giveaway),2026-03-26 16:15:00.000,13000,244000,539619523bf37601f6000001,2281.1240000000003,gametime
686dbd505f4fc3480d41153f,Washington Nationals at Chicago Cubs (Opening Day) (2026 Cubs Magnet Schedule Giveaway),2026-03-26 13:20:00.000,6400,0,533d97153bf3766542000002,1957.392,gametime
687ab394b00fb75e96e515f5,Minnesota Twins at Baltimore Orioles (Opening Day),2026-03-26 15:05:00.000,8600,183900,53bb068c3bf37624c3000004,1660.572,gametime
68ae38876e125862f5e229e9,New York Yankees at San Francisco Giants (Commemorative Pin Giveaway),2026-03-27 13:35:00.000,7100,103300,52618c753bf3760b9c000004,2165.024,gametime
68ae38bbe007c0421df64e6b,Cleveland Guardians at Seattle Mariners (AL West Champs Replica Banner Giveaway),2026-03-27 18:45:00.000,2600,122100,538526c321efd33afb000001,844.6160000000001,gametime
68af54dc0322779c79d2731b,Los Angeles Angels at Houston Astros,2026-03-27 19:15:00.000,3700,41000,53b30c243bf37646fb000002,999.5800000000002,gametime
68af554460f33e20f906ba27,Arizona Diamondbacks at Los Angeles Dodgers,2026-03-27 19:10:00.000,5900,339900,5333a2763bf3767900000001,2897.675999999999,gametime
68af5927e679c40425be21ba,Tampa Bay Rays at St. Louis Cardinals (Opening Day) (2026 Cardinals Magnet Schedule Giveaway),2026-03-26 15:15:00.000,7100,145000,54b5ab3b3bf3763f85000001,1617.236,gametime
68af5a6dc2578edd67b47614,Detroit Tigers at San Diego Padres (Opening Series Scarf Giveaway),2026-03-27 18:40:00.000,9200,100000,53692f0a3bf3760f90000001,2182.208,gametime
686db5b5218fcb59b6610192,Kansas City Royals at Atlanta Braves (Opening Day) (Rescheduled from 3/26),2026-03-27 19:15:00.000,4900,249000,5876a1f7cde6626ebe0d3e87,1428.012,gametime
686dbb59f3c2a0858c4e23e0,Athletics at Toronto Blue Jays (Opening Day) (Rescheduled from 3/26),2026-03-27 19:07:00.000,6600,252800,55116f6864f9625eb3000001,603.204,gametime
68ae36eb9ba6db6daaf48673,Washington Nationals at Chicago Cubs (Cubs Puffer Vest Giveaway),2026-03-28 13:20:00.000,3700,71200,533d97153bf3766542000002,1914.9439999999995,gametime
68af54dc61f7e1fa25848c66,Los Angeles Angels at Houston Astros,2026-03-28 18:10:00.000,2700,65000,53b30c243bf37646fb000002,999.0360000000009,gametime
68af59230dcf1d7f796e5f4b,Tampa Bay Rays at St. Louis Cardinals (Lightweight Cardinals Pullover Giveaway),2026-03-28 13:15:00.000,1800,53700,54b5ab3b3bf3763f85000001,662.7440000000001,gametime
68ae366df801a327e2d77b10,Minnesota Twins at Baltimore Orioles (Kyle Bradish Jersey Hoodie),2026-03-28 16:05:00.000,2800,47700,53bb068c3bf37624c3000004,807.8679999999998,gametime
68ae38bb8b6c83021649b8a9,"Cleveland Guardians at Seattle Mariners (Cal Raleigh ""60 Home Run"" Bobblehead Giveaway)",2026-03-28 18:40:00.000,4900,146600,538526c321efd33afb000001,1676.9120000000005,gametime
68ae394f6bb39449b88b186a,Pittsburgh Pirates at New York Mets,2026-03-28 16:10:00.000,3900,140100,5362ccf73bf37627c6000002,2095.46,gametime
68ae3a40464622667d0b354a,Chicago White Sox at Milwaukee Brewers,2026-03-28 18:10:00.000,5100,26000,538526c321efd33afb000003,352.564,gametime
68ae3a490f693a554bd54d15,Kansas City Royals at Atlanta Braves,2026-03-28 19:15:00.000,2200,113400,5876a1f7cde6626ebe0d3e87,1136.1320000000003,gametime
68af4c162a5f2a35418d3f98,Texas Rangers at Philadelphia Phillies (McDonalds Opening Night T-Shirt Giveaway),2026-03-28 16:05:00.000,5500,54400,539619523bf37601f6000001,1554.6600000000003,gametime
68af4f68af43d83c9b3498e1,Athletics at Toronto Blue Jays,2026-03-28 15:07:00.000,2400,137300,55116f6864f9625eb3000001,588.1919999999998,gametime
68af53f859c7d399737f2683,New York Yankees at San Francisco Giants (Willy Adames Bobblehead Giveaway),2026-03-28 16:15:00.000,11100,72700,52618c753bf3760b9c000004,2086.7760000000007,gametime
68af548359c7d399737f26a1,Boston Red Sox at Cincinnati Reds,2026-03-28 16:10:00.000,3000,64700,53beec013bf376503f000001,561.4120000000003,gametime
68af5542247244404743fb3f,Arizona Diamondbacks at Los Angeles Dodgers - Will Smith “Game 7 Home Run” Bobblehead Giveaway,2026-03-28 18:10:00.000,9500,367000,5333a2763bf3767900000001,4149.647999999999,gametime
68af594f7ac25ed1de5c9b77,Colorado Rockies at Miami Marlins,2026-03-28 16:10:00.000,1200,0,53acb8a23bf3760237000004,165.884,gametime
68af5a6dc814c51f4f8deb3b,Detroit Tigers at San Diego Padres,2026-03-28 17:40:00.000,7800,185800,53692f0a3bf3760f90000001,2257.176,gametime
686db5e4218fcb59b6610199,New York Mets at St. Louis Cardinals,2026-03-31 18:45:00.000,1100,18500,54b5ab3b3bf3763f85000001,311.776,gametime
686db6d59835bc874aa8d883,Detroit Tigers at Arizona Diamondbacks (Opening Day),2026-03-30 19:10:00.000,3700,70800,538526c421efd33afb000006,1311.2880000000002,gametime
686db75b74b704b1e459e72b,Minnesota Twins at Kansas City Royals (Opening Day),2026-03-30 15:10:00.000,2500,59000,538526c321efd33afb000004,701.9639999999999,gametime
68ae366d94002e2aa3a06bc8,Texas Rangers at Baltimore Orioles,2026-03-30 18:35:00.000,1700,0,53bb068c3bf37624c3000004,227.69199999999995,gametime
68ae366db0c13f009d5c8f92,Minnesota Twins at Baltimore Orioles (Kids Color-In Pennant Giveaway),2026-03-29 13:35:00.000,1600,1154100,53bb068c3bf37624c3000004,447.3080000000001,gametime
68ae366de404405927a74b4b,Texas Rangers at Baltimore Orioles,2026-03-31 18:35:00.000,2700,46400,53bb068c3bf37624c3000004,364.948,gametime
68ae36eb0b18228b2c67bf46,Los Angeles Angels at Chicago Cubs,2026-03-30 18:40:00.000,4100,82400,533d97153bf3766542000002,2073.9839999999995,gametime
68ae36eb65171c377198a0f7,Washington Nationals at Chicago Cubs,2026-03-29 13:20:00.000,1800,62500,533d97153bf3766542000002,2036.36,gametime
68ae36ec6286d655b3529b05,Los Angeles Angels at Chicago Cubs,2026-03-31 18:40:00.000,600,41600,533d97153bf3766542000002,438.376,gametime
68ae38bae007c0421df64e6a,New York Yankees at Seattle Mariners,2026-03-30 18:40:00.000,1500,160300,538526c321efd33afb000001,1073.928,gametime
68ae38bb4b71c468b2dde237,New York Yankees at Seattle Mariners,2026-03-31 18:40:00.000,1600,146600,538526c321efd33afb000001,1006.7200000000004,gametime
68ae38bba934abd09faadf81,Cleveland Guardians at Seattle Mariners,2026-03-29 16:20:00.000,2100,0,538526c321efd33afb000001,1293.8200000000002,gametime
68ae394fa4db802976c5403c,Pittsburgh Pirates at New York Mets,2026-03-29 13:40:00.000,2900,74400,5362ccf73bf37627c6000002,1979.6599999999992,gametime
68ae3a495d12b4e5a2d14802,Kansas City Royals at Atlanta Braves,2026-03-29 13:35:00.000,1800,54200,5876a1f7cde6626ebe0d3e87,945.344,gametime
68ae3a495ef024048c7a4844,Athletics at Atlanta Braves (Drake Baldwin NL Rookie of the Year Bobblehead Giveaway),2026-03-31 19:15:00.000,1300,68800,5876a1f7cde6626ebe0d3e87,621.532,gametime
68ae3a4965171c377198a26a,Athletics at Atlanta Braves,2026-03-30 19:15:00.000,1000,47200,5876a1f7cde6626ebe0d3e87,427.232,gametime
68af4c131ca2cb21ee10d1f8,Washington Nationals at Philadelphia Phillies,2026-03-31 18:40:00.000,8200,18600,539619523bf37601f6000001,1260.544,gametime
68af4c133edac2b884b8bd1a,Washington Nationals at Philadelphia Phillies,2026-03-30 18:40:00.000,4100,36300,539619523bf37601f6000001,956.5240000000005,gametime
68af4c15561870a68b9890fc,Texas Rangers at Philadelphia Phillies,2026-03-29 13:35:00.000,3600,76300,539619523bf37601f6000001,1600.684,gametime
68af4f68d0162bf797c0fa2d,Colorado Rockies at Toronto Blue Jays,2026-03-31 19:07:00.000,1200,26400,55116f6864f9625eb3000001,1118.3399999999997,gametime
68af4f690322779c79d27147,Athletics at Toronto Blue Jays,2026-03-29 13:37:00.000,2500,88700,55116f6864f9625eb3000001,413.2480000000001,gametime
68af4f69e679c40425be1f0f,Colorado Rockies at Toronto Blue Jays,2026-03-30 19:07:00.000,1600,57400,55116f6864f9625eb3000001,378.7560000000001,gametime
68af53c9561870a68b9893a4,Tampa Bay Rays at Milwaukee Brewers,2026-03-30 18:40:00.000,1900,17300,538526c321efd33afb000003,180.11200000000002,gametime
68af53caa87c28317e96603d,Tampa Bay Rays at Milwaukee Brewers,2026-03-31 18:40:00.000,4600,23400,538526c321efd33afb000003,163.068,gametime
68af53ccceb30d39d5ba1975,Chicago White Sox at Milwaukee Brewers,2026-03-29 13:10:00.000,2900,21900,538526c321efd33afb000003,325.248,gametime
68af548260f33e20f906b9f0,Pittsburgh Pirates at Cincinnati Reds,2026-03-31 18:40:00.000,3900,3900,53beec013bf376503f000001,302.0519999999999,gametime
68af5483f2def3b1e914a263,Boston Red Sox at Cincinnati Reds (Reds Calendar Giveaway),2026-03-29 13:40:00.000,2900,0,53beec013bf376503f000001,569.1199999999999,gametime
68af5483f81960799e88fe04,Pittsburgh Pirates at Cincinnati Reds,2026-03-30 18:40:00.000,3600,0,53beec013bf376503f000001,208.98000000000005,gametime
68af54dcc95bdeed8553eeb9,Los Angeles Angels at Houston Astros,2026-03-29 13:10:00.000,3000,0,53b30c243bf37646fb000002,1152.888,gametime
68af54dd74310d5e52b01269,Boston Red Sox at Houston Astros,2026-03-31 19:10:00.000,4400,52000,53b30c243bf37646fb000002,757.7280000000002,gametime
68af54ddaa4e560883783276,Boston Red Sox at Houston Astros,2026-03-30 19:10:00.000,1200,137100,53b30c243bf37646fb000002,512.212,gametime
68af5544486ac15b7e7f724c,Cleveland Guardians at Los Angeles Dodgers,2026-03-30 19:10:00.000,8300,193500,5333a2763bf3767900000001,3038.3399999999992,gametime
68af5544af43d83c9b349ae5,Cleveland Guardians at Los Angeles Dodgers,2026-03-31 19:10:00.000,16100,651500,5333a2763bf3767900000001,2786.2439999999992,gametime
68af55fe3ec90eeb885ad54c,Detroit Tigers at Arizona Diamondbacks,2026-03-31 18:40:00.000,3200,29500,538526c421efd33afb000006,521.7280000000002,gametime
68af5922af43d83c9b349bbb,New York Mets at St. Louis Cardinals,2026-03-30 18:45:00.000,1200,26000,54b5ab3b3bf3763f85000001,260.808,gametime
68af5923e679c40425be21b9,Tampa Bay Rays at St. Louis Cardinals (Cardinals Tumbler Giveaway),2026-03-29 13:15:00.000,1500,0,54b5ab3b3bf3763f85000001,843.7720000000002,gametime
68af594ea87c28317e96617a,Chicago White Sox at Miami Marlins,2026-03-30 18:40:00.000,900,0,53acb8a23bf3760237000004,108.448,gametime
68af594f613b50d0d600f00c,Chicago White Sox at Miami Marlins,2026-03-31 18:40:00.000,900,0,53acb8a23bf3760237000004,146.88,gametime
68af59503edac2b884b8c117,Colorado Rockies at Miami Marlins,2026-03-29 13:40:00.000,1700,0,53acb8a23bf3760237000004,315.22400000000005,gametime
68af5a6d59c7d399737f2823,San Francisco Giants at San Diego Padres (1998 Belt Bag Giveaway),2026-03-30 18:40:00.000,5800,72300,53692f0a3bf3760f90000001,2501.7040000000006,gametime
68af5a6edf4544316a760cbb,San Francisco Giants at San Diego Padres,2026-03-31 18:40:00.000,3800,33100,53692f0a3bf3760f90000001,3015.948000000001,gametime
68ae36eba4db802976c53f18,Los Angeles Angels at Chicago Cubs,2026-04-01 13:20:00.000,400,49700,533d97153bf3766542000002,87.70400000000001,gametime
68af54dd31b0417b2a9d60bb,Boston Red Sox at Houston Astros,2026-04-01 13:10:00.000,1200,0,53b30c243bf37646fb000002,314.63200000000006,gametime
686db493f2b4ffcf1a8ceffb,Miami Marlins at New York Yankees (Opening Day),2026-04-03 13:35:00.000,18800,274300,5362ccf73bf37627c6000003,5748.607999999997,gametime
686db6539ea2e37f381b872f,Los Angeles Dodgers at Washington Nationals (Opening Day),2026-04-03 13:05:00.000,7900,155800,5388f0613bf3761afd000002,1967.536000000001,gametime
686db6b7929daaabe3974b1d,Cincinnati Reds at Texas Rangers (Opening Day),2026-04-03 15:05:00.000,7200,354200,5d9f4ea483e7d2003a7aa81a,1058.036,gametime
686db6ef854e9af382c96320,Baltimore Orioles at Pittsburgh Pirates (Opening Day) (Magnetic Schedule Giveaway),2026-04-03 16:12:00.000,21500,832500,538526c321efd33afb000002,1707.4360000000006,gametime
686dbc2ffde15ab79ae78689,St. Louis Cardinals at Detroit Tigers (Opening Day),2026-04-03 13:10:00.000,12800,131200,53c03a3b3bf37612c4000002,2280.744,gametime
686dbc5a2e8836d95f2f9515,San Diego Padres at Boston Red Sox (Opening Day),2026-04-03 14:10:00.000,14100,199700,5362ccf73bf37627c6000001,3276.792000000001,gametime
686dbc8ce8de8847dde1a671,Tampa Bay Rays at Minnesota Twins (Opening Day),2026-04-03 15:10:00.000,2500,221200,538526c321efd33afb000005,167.68400000000003,gametime
686dbca900932e2d5f130308,Seattle Mariners at Los Angeles Angels (Opening Day) (Wall Calendar Giveaway),2026-04-03 18:38:00.000,6500,66600,533d97153bf3766542000001,3206.923999999999,gametime
686dbd8ffde15ab79ae786bb,Houston Astros at Athletics (Opening Day),2026-04-03 18:40:00.000,8400,133200,55313d1878fea568e6000001,702.9000000000001,gametime
686dbd9bead638d5db66103b,Philadelphia Phillies at Colorado Rockies (Opening Day) (Magnetic Schedule Giveaway),2026-04-03 14:10:00.000,6000,121500,53acb8a23bf3760237000006,1904.5000000000005,gametime
687aabc543dafd87fda0ced1,Toronto Blue Jays at Chicago White Sox (Opening Day) (Opening Day T-Shirt Giveaway) (Rescheduled from 4/2),2026-04-03 13:10:00.000,2300,77200,5362ccf73bf37627c6000004,1150.1799999999996,gametime
68ae366d482a8fb034aef868,Texas Rangers at Baltimore Orioles,2026-04-01 12:35:00.000,1800,48500,53bb068c3bf37624c3000004,175.844,gametime
68ae369a3efaa7538b72881e,Minnesota Twins at Kansas City Royals,2026-04-01 18:40:00.000,1300,62500,538526c321efd33afb000004,82.46000000000001,gametime
68ae369a6bb39449b88b1701,Minnesota Twins at Kansas City Royals,2026-04-02 13:10:00.000,800,199100,538526c321efd33afb000004,113.42,gametime
68ae369ae8d2f1bf7024e0d4,Milwaukee Brewers at Kansas City Royals (Rescheduled from 4/3),2026-04-04 18:10:00.000,800,0,538526c321efd33afb000004,171.39999999999998,gametime
68ae38bae8d2f1bf7024e1fa,New York Yankees at Seattle Mariners,2026-04-01 13:10:00.000,1500,87300,538526c321efd33afb000001,566.4039999999999,gametime
68ae3a498b6c83021649b945,Athletics at Atlanta Braves,2026-04-01 12:15:00.000,700,58600,5876a1f7cde6626ebe0d3e87,364.788,gametime
68ae3a7152d625f46c216e19,New York Mets at St. Louis Cardinals,2026-04-01 12:15:00.000,1100,106800,54b5ab3b3bf3763f85000001,90.716,gametime
68af4c153edac2b884b8bd1c,Washington Nationals at Philadelphia Phillies,2026-04-01 13:05:00.000,4000,125400,539619523bf37601f6000001,802.772,gametime
68af4f6861f7e1fa25848ab6,Colorado Rockies at Toronto Blue Jays,2026-04-01 13:07:00.000,800,63500,55116f6864f9625eb3000001,373.0879999999999,gametime
68af53caceb30d39d5ba1972,Tampa Bay Rays at Milwaukee Brewers,2026-04-01 12:40:00.000,1700,25700,538526c321efd33afb000003,103.064,gametime
68af53f7561870a68b9893b6,New York Mets at San Francisco Giants,2026-04-02 18:45:00.000,2400,0,52618c753bf3760b9c000004,820.2480000000002,gametime
68af5484c814c51f4f8de9d5,Pittsburgh Pirates at Cincinnati Reds,2026-04-01 12:40:00.000,2400,0,53beec013bf376503f000001,175.71200000000002,gametime
68af5544561870a68b989401,Cleveland Guardians at Los Angeles Dodgers,2026-04-01 17:20:00.000,5600,216600,5333a2763bf3767900000001,1460.812,gametime
68af55fb31b0417b2a9d6107,Atlanta Braves at Arizona Diamondbacks,2026-04-02 18:40:00.000,3100,88300,538526c421efd33afb000006,311.436,gametime
68af55fc59c7d399737f270d,Detroit Tigers at Arizona Diamondbacks,2026-04-01 14:00:00.000,3500,282700,538526c421efd33afb000006,322.588,gametime
68af55fc6e994df60a6a208e,Atlanta Braves at Arizona Diamondbacks,2026-04-03 18:45:00.000,3400,88300,538526c421efd33afb000006,933.056,gametime
68af5950df4544316a760c6f,Chicago White Sox at Miami Marlins,2026-04-01 13:10:00.000,900,0,53acb8a23bf3760237000004,101.604,gametime
68af5a6d3a17d236cc372df8,San Francisco Giants at San Diego Padres,2026-04-01 13:10:00.000,2300,242000,53692f0a3bf3760f90000001,1065.6040000000005,gametime
68af53f661f7e1fa25848c35,New York Mets at San Francisco Giants,2026-04-03 19:15:00.000,4200,110400,52618c753bf3760b9c000004,1607.1040000000005,gametime
686db60cb14e9afc19a1d228,Chicago Cubs at Cleveland Guardians (Opening Day) (Magnet Schedule and Car Magnet Giveaway),2026-04-03 16:10:00.000,17700,234300,53beec013bf376503f000002,583.2480000000003,gametime
68ae367e4b71c468b2dde11d,Chicago Cubs at Cleveland Guardians,2026-04-04 19:15:00.000,3500,0,53beec013bf376503f000002,99.912,gametime
68ae369a94002e2aa3a06bd1,Milwaukee Brewers at Kansas City Royals,2026-04-04 13:10:00.000,1500,0,538526c321efd33afb000004,296.65599999999995,gametime
68ae36eda934abd09faadea5,Toronto Blue Jays at Chicago White Sox (Colson Montgomery Hooded Jersey Tank Giveaway),2026-04-04 13:10:00.000,1800,52800,5362ccf73bf37627c6000004,364.776,gametime
68ae37eb03054090524d0f27,Seattle Mariners at Los Angeles Angels (Wall Calendar Giveaway),2026-04-04 18:38:00.000,1300,0,533d97153bf3766542000001,1416.7599999999995,gametime
68ae394a9e67e4c9dcc84c3c,Miami Marlins at New York Yankees (Calendar Night),2026-04-04 19:05:00.000,8600,0,5362ccf73bf37627c6000003,4468.04,gametime
68ae3b2365171c377198a2a6,Houston Astros at Athletics (Sacramento Baseball Jersey Giveaway),2026-04-04 13:05:00.000,7200,0,55313d1878fea568e6000001,461.348,gametime
68af526ca87c28317e965fb5,Chicago Cubs at Cleveland Guardians,2026-04-05 13:10:00.000,3300,18300,53beec013bf376503f000002,158.56000000000003,gametime
68af53f7bbe8a1f1686b55f9,New York Mets at San Francisco Giants (Youth Reversible Sleeve Giveaway),2026-04-04 18:05:00.000,2300,0,52618c753bf3760b9c000004,1484.8559999999993,gametime
68af544f247244404743faf5,Los Angeles Dodgers at Washington Nationals,2026-04-04 16:05:00.000,6900,195400,5388f0613bf3761afd000002,1301.5640000000003,gametime
68af55bf3a17d236cc372ce4,Cincinnati Reds at Texas Rangers,2026-04-04 18:05:00.000,3200,0,5d9f4ea483e7d2003a7aa81a,1139.9520000000002,gametime
68af55fba87c28317e9660b9,Atlanta Braves at Arizona Diamondbacks,2026-04-04 16:15:00.000,4400,85600,538526c421efd33afb000006,1039.088,gametime
68af56a8c2578edd67b47514,St. Louis Cardinals at Detroit Tigers (Rugby Shirt Giveaway),2026-04-04 13:10:00.000,1500,31400,53c03a3b3bf37612c4000002,488.0039999999999,gametime
68af599261f7e1fa25848d89,San Diego Padres at Boston Red Sox,2026-04-04 16:10:00.000,8800,73500,5362ccf73bf37627c6000001,1895.932,gametime
68af5a01afd35e5e7d650161,Tampa Bay Rays at Minnesota Twins,2026-04-04 18:10:00.000,1400,0,538526c321efd33afb000005,3.012000000000001,gametime
68af5adc504ca5fba8a2b3cc,Baltimore Orioles at Pittsburgh Pirates,2026-04-04 16:05:00.000,5200,0,538526c321efd33afb000002,1196.12,gametime
68af5b8dd0162bf797c0fddc,Philadelphia Phillies at Colorado Rockies (Jersey Sweatshirt Giveaway),2026-04-04 18:10:00.000,3700,0,53acb8a23bf3760237000006,1364.4719999999995,gametime
686db76c926d5d677d5e53b6,Chicago Cubs at Tampa Bay Rays (Opening Day),2026-04-06 16:10:00.000,29000,52000,54dcf29564f9620805000003,125.27199999999996,gametime
68ae369a100e7bd358979b65,Milwaukee Brewers at Kansas City Royals,2026-04-05 13:10:00.000,5100,19200,538526c321efd33afb000004,438.3920000000001,gametime
68ae36ecb0c13f009d5c8fd4,Baltimore Orioles at Chicago White Sox,2026-04-06 18:40:00.000,700,38400,5362ccf73bf37627c6000004,117.344,gametime
68ae36ecb4049df426c4d780,Toronto Blue Jays at Chicago White Sox (Jenks and AJ Celebration Bobblehead Giveaway),2026-04-05 13:10:00.000,1000,0,5362ccf73bf37627c6000004,695.476,gametime
68ae37eb3efaa7538b7288c8,Seattle Mariners at Los Angeles Angels,2026-04-05 13:07:00.000,600,14300,533d97153bf3766542000001,1030.208,gametime
68af4f68aa4e56088378309b,Los Angeles Dodgers at Toronto Blue Jays,2026-04-06 19:07:00.000,3700,101600,55116f6864f9625eb3000001,682.496,gametime
68af526c630aca5171775776,Kansas City Royals at Cleveland Guardians,2026-04-06 18:10:00.000,2400,16400,53beec013bf376503f000002,39.752,gametime
68af5298247244404743fa71,Miami Marlins at New York Yankees,2026-04-05 13:35:00.000,1600,82000,5362ccf73bf37627c6000003,2757.608,gametime
68af53f72a5f2a35418d4281,Philadelphia Phillies at San Francisco Giants,2026-04-06 18:45:00.000,1500,24100,52618c753bf3760b9c000004,882.6880000000001,gametime
68af53f7afd35e5e7d64ffe4,New York Mets at San Francisco Giants (Valkyries Baseball Jersey Giveaway),2026-04-05 13:05:00.000,4300,0,52618c753bf3760b9c000004,1157.9960000000003,gametime
68af544f5a8fe92ebf9ae5c2,St. Louis Cardinals at Washington Nationals,2026-04-06 18:45:00.000,1300,23500,5388f0613bf3761afd000002,222.772,gametime
68af544f6e994df60a6a2034,Los Angeles Dodgers at Washington Nationals,2026-04-05 13:35:00.000,2300,51200,5388f0613bf3761afd000002,498.884,gametime
68af55471ca2cb21ee10d524,Atlanta Braves at Los Angeles Angels,2026-04-06 18:38:00.000,600,47500,533d97153bf3766542000001,646.728,gametime
68af55beaa4e5608837832c0,Seattle Mariners at Texas Rangers,2026-04-06 19:05:00.000,1500,90900,5d9f4ea483e7d2003a7aa81a,350.0800000000001,gametime
68af55bf60f33e20f906ba42,Cincinnati Reds at Texas Rangers,2026-04-05 13:35:00.000,1200,64200,5d9f4ea483e7d2003a7aa81a,769.772,gametime
68af55fec814c51f4f8dea26,Atlanta Braves at Arizona Diamondbacks,2026-04-05 13:10:00.000,2800,28300,538526c421efd33afb000006,704.7919999999999,gametime
68af56a81ca2cb21ee10d577,St. Louis Cardinals at Detroit Tigers,2026-04-05 19:20:00.000,600,37400,53c03a3b3bf37612c4000002,643.304,gametime
68af594fbf6276ee588dd969,Cincinnati Reds at Miami Marlins,2026-04-06 18:40:00.000,1200,201600,53acb8a23bf3760237000004,231.1,gametime
68af599160f33e20f906bafe,Milwaukee Brewers at Boston Red Sox (Roman Anthony Bobblehead Giveaway),2026-04-06 18:45:00.000,2300,88900,5362ccf73bf37627c6000001,960.66,gametime
68af599161f7e1fa25848d88,San Diego Padres at Boston Red Sox,2026-04-05 13:35:00.000,2000,0,5362ccf73bf37627c6000001,978.9999999999995,gametime
68af5a01c814c51f4f8deb18,Tampa Bay Rays at Minnesota Twins,2026-04-05 13:10:00.000,1400,23300,538526c321efd33afb000005,64.42000000000002,gametime
68af5a02df4544316a760c9a,Detroit Tigers at Minnesota Twins,2026-04-06 18:40:00.000,700,32500,538526c321efd33afb000005,12.344,gametime
68af5adb5a8fe92ebf9ae76b,Baltimore Orioles at Pittsburgh Pirates,2026-04-05 13:35:00.000,3000,30200,538526c321efd33afb000002,343.428,gametime
68af5adc1ca2cb21ee10d669,San Diego Padres at Pittsburgh Pirates,2026-04-06 18:40:00.000,2400,66100,538526c321efd33afb000002,264.684,gametime
68af5b72ab077556743aa2c9,Houston Astros at Athletics,2026-04-05 13:05:00.000,3100,0,55313d1878fea568e6000001,491.1759999999999,gametime
68af5b8c515a42e3057fda8e,Houston Astros at Colorado Rockies,2026-04-06 18:40:00.000,1200,39300,53acb8a23bf3760237000006,381.896,gametime
68af5b8c7ac25ed1de5c9c13,Philadelphia Phillies at Colorado Rockies,2026-04-05 13:10:00.000,1800,0,53acb8a23bf3760237000006,1715.240000000001,gametime
68ae36ec927cb6ecabdf15ad,Baltimore Orioles at Chicago White Sox,2026-04-08 13:10:00.000,700,77200,5362ccf73bf37627c6000004,126.82,gametime
68ae36ed464622667d0b33ea,Baltimore Orioles at Chicago White Sox,2026-04-07 18:40:00.000,1000,55000,5362ccf73bf37627c6000004,108.256,gametime
68ae394ff801a327e2d77c7c,Arizona Diamondbacks at New York Mets,2026-04-07 19:10:00.000,1400,110200,5362ccf73bf37627c6000002,568.7320000000001,gametime
68af4f2c613b50d0d600ed53,Chicago Cubs at Tampa Bay Rays,2026-04-07 18:40:00.000,9000,14300,54dcf29564f9620805000003,509.0640000000001,gametime
68af4f2cc95bdeed8553ecce,Chicago Cubs at Tampa Bay Rays,2026-04-08 18:40:00.000,4600,318400,54dcf29564f9620805000003,207.112,gametime
68af4f683a17d236cc372af8,Los Angeles Dodgers at Toronto Blue Jays,2026-04-08 15:07:00.000,1800,620000,55116f6864f9625eb3000001,353.50800000000004,gametime
68af4f68ec76d2757005355f,Los Angeles Dodgers at Toronto Blue Jays (Commemorative Ticket Giveaway),2026-04-07 19:07:00.000,4700,97900,55116f6864f9625eb3000001,982.932,gametime
68af526a504ca5fba8a2b184,Kansas City Royals at Cleveland Guardians,2026-04-08 13:10:00.000,2800,234300,53beec013bf376503f000002,68.648,gametime
68af526c2a5f2a35418d41da,Kansas City Royals at Cleveland Guardians,2026-04-07 13:10:00.000,3400,167000,53beec013bf376503f000002,17.128,gametime
68af52997ac25ed1de5c99d6,Athletics at New York Yankees,2026-04-07 19:05:00.000,5300,77000,5362ccf73bf37627c6000003,2132.0440000000003,gametime
68af53f6c814c51f4f8de9b9,Philadelphia Phillies at San Francisco Giants,2026-04-07 18:45:00.000,1600,61200,52618c753bf3760b9c000004,702.4720000000001,gametime
68af53f7504ca5fba8a2b220,Philadelphia Phillies at San Francisco Giants,2026-04-08 12:45:00.000,2500,154700,52618c753bf3760b9c000004,475.936,gametime
68af544f31b0417b2a9d609a,St. Louis Cardinals at Washington Nationals,2026-04-08 16:05:00.000,1300,110500,5388f0613bf3761afd000002,124.224,gametime
68af544f630aca517177580b,St. Louis Cardinals at Washington Nationals (Vintage Batting Practice Pullover Giveaway),2026-04-07 18:45:00.000,6000,6000,5388f0613bf3761afd000002,561.8040000000001,gametime
68af5548c95bdeed8553eedc,Atlanta Braves at Los Angeles Angels (Mike Trout Bobblehead Giveaway),2026-04-07 18:38:00.000,1400,54800,533d97153bf3766542000001,2396.591999999999,gametime
68af55496d6358b08448fb0f,Atlanta Braves at Los Angeles Angels,2026-04-08 13:07:00.000,600,18500,533d97153bf3766542000001,421.0039999999999,gametime
68af55bec2578edd67b474dc,Seattle Mariners at Texas Rangers,2026-04-07 19:05:00.000,1500,19800,5d9f4ea483e7d2003a7aa81a,708.2920000000001,gametime
68af594e7ac25ed1de5c9b76,Cincinnati Reds at Miami Marlins,2026-04-08 18:40:00.000,1000,96900,53acb8a23bf3760237000004,211.524,gametime
68af594f3ec90eeb885ad603,Cincinnati Reds at Miami Marlins,2026-04-07 18:40:00.000,1000,116400,53acb8a23bf3760237000004,82.78000000000002,gametime
68af5992630aca5171775929,Milwaukee Brewers at Boston Red Sox,2026-04-08 13:35:00.000,1400,110000,5362ccf73bf37627c6000001,312.2079999999999,gametime
68af59938f863e886de02493,Milwaukee Brewers at Boston Red Sox,2026-04-07 18:45:00.000,1900,0,5362ccf73bf37627c6000001,329.80800000000005,gametime
68af5a01b645abdd501f0d2c,Detroit Tigers at Minnesota Twins,2026-04-08 18:40:00.000,800,287700,538526c321efd33afb000005,80.064,gametime
68af5a023a17d236cc372dcd,Detroit Tigers at Minnesota Twins,2026-04-07 18:40:00.000,1400,28300,538526c321efd33afb000005,66.50800000000001,gametime
68af5adbc95bdeed8553f049,San Diego Padres at Pittsburgh Pirates,2026-04-08 12:35:00.000,1900,276600,538526c321efd33afb000002,117.52,gametime
68af5adbf2def3b1e914a43f,San Diego Padres at Pittsburgh Pirates,2026-04-07 18:40:00.000,2400,0,538526c321efd33afb000002,136.02,gametime
68af5b8bf81960799e88ffcc,Houston Astros at Colorado Rockies,2026-04-07 18:40:00.000,2400,55300,53acb8a23bf3760237000006,548.8600000000002,gametime
68af5b8c6d6358b08448fc7d,Houston Astros at Colorado Rockies,2026-04-08 13:10:00.000,1100,51400,53acb8a23bf3760237000006,162.488,gametime
68ae394f27a8533f144bd32a,Arizona Diamondbacks at New York Mets,2026-04-08 16:10:00.000,1000,70600,5362ccf73bf37627c6000002,689.7,gametime
68af5298ceb30d39d5ba1905,Athletics at New York Yankees,2026-04-09 13:35:00.000,1400,133200,5362ccf73bf37627c6000003,1250.7839999999987,gametime
68af5299d0162bf797c0fb53,Athletics at New York Yankees,2026-04-08 19:05:00.000,1100,98700,5362ccf73bf37627c6000003,1123.5279999999998,gametime
68af55bf0322779c79d27368,Seattle Mariners at Texas Rangers,2026-04-08 13:35:00.000,800,199100,5d9f4ea483e7d2003a7aa81a,201.792,gametime
68af5950afd35e5e7d650137,Cincinnati Reds at Miami Marlins,2026-04-09 12:10:00.000,900,80300,53acb8a23bf3760237000004,135.70399999999998,gametime
68af5a010322779c79d27452,Detroit Tigers at Minnesota Twins,2026-04-09 12:40:00.000,700,0,538526c321efd33afb000005,90.076,gametime
68ae369965171c377198a0b9,Chicago White Sox at Kansas City Royals,2026-04-10 18:40:00.000,1100,154700,538526c321efd33afb000004,56.64000000000001,gametime
68ae369a7a56cb3178de4eb1,Chicago White Sox at Kansas City Royals,2026-04-09 18:40:00.000,1000,0,538526c321efd33afb000004,145.248,gametime
68ae36ec11d9e851ec921b42,Pittsburgh Pirates at Chicago Cubs,2026-04-10 13:20:00.000,1200,243400,533d97153bf3766542000002,547.5759999999999,gametime
68ae38bb52d625f46c216d5a,Houston Astros at Seattle Mariners (Ichiro Replica Statue Giveaway),2026-04-10 18:40:00.000,2800,144200,538526c321efd33afb000001,1830.719999999999,gametime
68ae394ea4db802976c5403b,Arizona Diamondbacks at New York Mets,2026-04-09 19:10:00.000,1300,93700,5362ccf73bf37627c6000002,783.6199999999998,gametime
68af4c14afd35e5e7d64fcf9,Arizona Diamondbacks at Philadelphia Phillies,2026-04-10 18:40:00.000,5400,133800,539619523bf37601f6000001,891.2239999999999,gametime
68af53cb515a42e3057fd87f,Washington Nationals at Milwaukee Brewers,2026-04-10 18:40:00.000,1800,142500,538526c321efd33afb000003,225.1,gametime
68af5485afd35e5e7d650005,Los Angeles Angels at Cincinnati Reds,2026-04-10 18:45:00.000,3900,199900,53beec013bf376503f000001,385.48,gametime
68af56a731b0417b2a9d6133,Miami Marlins at Detroit Tigers,2026-04-10 18:40:00.000,900,87500,53c03a3b3bf37612c4000002,373.0519999999999,gametime
68af5a6d8f863e886de024c7,Colorado Rockies at San Diego Padres,2026-04-10 18:40:00.000,5200,287700,53692f0a3bf3760f90000001,2005.0,gametime
68af5a6dafd35e5e7d65018a,Colorado Rockies at San Diego Padres (Mannys Hot Corner Bobblehead Giveaway),2026-04-09 18:40:00.000,4900,0,53692f0a3bf3760f90000001,1662.3800000000006,gametime
68ae366d27a8533f144bd1d7,San Francisco Giants at Baltimore Orioles,2026-04-10 19:15:00.000,4200,143700,53bb068c3bf37624c3000004,623.812,gametime
68ae36eb7de15d64f4b2bb48,Pittsburgh Pirates at Chicago Cubs (Ben Zobrist Bobblehead Giveaway),2026-04-11 13:20:00.000,3700,0,533d97153bf3766542000002,2187.972000000001,gametime
68ae394e28449cb09832cedf,Athletics at New York Mets,2026-04-10 19:10:00.000,1800,112000,5362ccf73bf37627c6000002,1218.34,gametime
68ae3a49f732ddb89eb83b24,Cleveland Guardians at Atlanta Braves,2026-04-10 19:15:00.000,6500,332000,5876a1f7cde6626ebe0d3e87,1321.6400000000003,gametime
68ae3a7028449cb09832cf48,Boston Red Sox at St. Louis Cardinals (Cardinals Golf Hat Giveaway),2026-04-10 19:15:00.000,1900,332000,54b5ab3b3bf3763f85000001,359.52,gametime
68af4f2b7ac25ed1de5c98a4,New York Yankees at Tampa Bay Rays,2026-04-10 19:10:00.000,6000,109600,54dcf29564f9620805000003,827.2719999999997,gametime
68af4f69ec76d27570053563,Minnesota Twins at Toronto Blue Jays,2026-04-10 19:07:00.000,3000,620000,55116f6864f9625eb3000001,222.52,gametime
68af55440322779c79d27343,Texas Rangers at Los Angeles Dodgers,2026-04-10 19:10:00.000,10000,348600,5333a2763bf3767900000001,3481.528,gametime
68ae38ba927cb6ecabdf16a1,Houston Astros at Seattle Mariners (Humpy Shoulder Plush Giveaway),2026-04-11 18:40:00.000,2900,160300,538526c321efd33afb000001,1109.1679999999997,gametime
68ae394e754f03039c895d03,Athletics at New York Mets,2026-04-11 16:10:00.000,4000,189100,5362ccf73bf37627c6000002,1765.8799999999994,gametime
68ae3a48e404405927a74d4b,Cleveland Guardians at Atlanta Braves,2026-04-11 19:15:00.000,2900,0,5876a1f7cde6626ebe0d3e87,1189.9800000000002,gametime
68ae3a70b4049df426c4d913,Boston Red Sox at St. Louis Cardinals (Cardinals Dugout Hoodie Giveaway),2026-04-11 18:15:00.000,3000,0,54b5ab3b3bf3763f85000001,547.4399999999999,gametime
68af4c1561f7e1fa25848931,Arizona Diamondbacks at Philadelphia Phillies,2026-04-11 13:05:00.000,5300,54600,539619523bf37601f6000001,1098.524,gametime
68af4f2c7ac25ed1de5c98a7,New York Yankees at Tampa Bay Rays,2026-04-11 18:10:00.000,6100,191400,54dcf29564f9620805000003,789.052,gametime
68af4f6a2a5f2a35418d40f3,Minnesota Twins at Toronto Blue Jays,2026-04-11 15:07:00.000,6300,0,55116f6864f9625eb3000001,628.8640000000001,gametime
68af53cc561870a68b9893a6,Washington Nationals at Milwaukee Brewers,2026-04-11 18:10:00.000,3800,142500,538526c321efd33afb000003,341.05999999999995,gametime
68af5483f2def3b1e914a264,Los Angeles Angels at Cincinnati Reds (Noelvi Marte Wall Catch Bobblehead Giveaway),2026-04-11 16:10:00.000,3200,0,53beec013bf376503f000001,724.7839999999998,gametime
68af5544247244404743fb41,Texas Rangers at Los Angeles Dodgers,2026-04-11 18:10:00.000,9000,248600,5333a2763bf3767900000001,1281.2360000000006,gametime
68af567f6e994df60a6a20b5,Chicago White Sox at Kansas City Royals,2026-04-11 15:10:00.000,1300,0,538526c321efd33afb000004,177.47199999999998,gametime
68af56a9ab077556743aa187,Miami Marlins at Detroit Tigers (Hockey Jersey Giveaway),2026-04-11 13:10:00.000,1400,0,53c03a3b3bf37612c4000002,948.2120000000002,gametime
68af5a5859c7d399737f281e,San Francisco Giants at Baltimore Orioles (Jackson Holliday & Coconut Bobblehead Giveaway),2026-04-11 19:15:00.000,3600,107900,53bb068c3bf37624c3000004,716.7120000000001,gametime
68af5a6d59c7d399737f2822,Colorado Rockies at San Diego Padres,2026-04-11 17:40:00.000,5600,0,53692f0a3bf3760f90000001,1811.5840000000007,gametime
68ae36eb9e67e4c9dcc84b22,Pittsburgh Pirates at Chicago Cubs,2026-04-12 13:20:00.000,2500,64600,533d97153bf3766542000002,1666.2120000000016,gametime
68ae38ba26389c97fb49eb06,Houston Astros at Seattle Mariners,2026-04-12 13:10:00.000,2300,115300,538526c321efd33afb000001,1309.4559999999997,gametime
68ae394eb527156a953fbe42,Athletics at New York Mets,2026-04-12 13:40:00.000,900,113800,5362ccf73bf37627c6000002,1388.104,gametime
68ae3a494b71c468b2dde2ce,Cleveland Guardians at Atlanta Braves,2026-04-12 19:20:00.000,1400,354200,5876a1f7cde6626ebe0d3e87,808.4560000000001,gametime
68ae3a70a934abd09faae047,Boston Red Sox at St. Louis Cardinals,2026-04-12 13:15:00.000,1800,25800,54b5ab3b3bf3763f85000001,445.644,gametime
68af4c145a8fe92ebf9ae2bd,Arizona Diamondbacks at Philadelphia Phillies (Children's Colonial Phanatic Bobble Head Giveaway),2026-04-12 13:35:00.000,7200,15200,539619523bf37601f6000001,1374.192,gametime
68af4f2c74310d5e52b01081,New York Yankees at Tampa Bay Rays,2026-04-12 13:40:00.000,6200,11500,54dcf29564f9620805000003,638.5600000000001,gametime
68af4f69ab077556743a9f71,Minnesota Twins at Toronto Blue Jays,2026-04-12 13:37:00.000,1600,130000,55116f6864f9625eb3000001,694.2400000000002,gametime
68af53cb486ac15b7e7f71f5,Washington Nationals at Milwaukee Brewers,2026-04-12 13:10:00.000,6000,28400,538526c321efd33afb000003,199.832,gametime
68af5483a87c28317e966061,Los Angeles Angels at Cincinnati Reds,2026-04-12 13:40:00.000,5800,30900,53beec013bf376503f000001,477.8440000000001,gametime
68af55420322779c79d27342,Texas Rangers at Los Angeles Dodgers,2026-04-12 13:10:00.000,5300,168100,5333a2763bf3767900000001,956.5560000000002,gametime
68af56808f863e886de023e0,Chicago White Sox at Kansas City Royals (Bobby Mitt Jr Youth Sliding Glove Giveaway),2026-04-12 13:10:00.000,500,45500,538526c321efd33afb000004,220.93200000000004,gametime
68af56aa134a3cce602c9b29,Miami Marlins at Detroit Tigers,2026-04-12 13:40:00.000,1100,0,53c03a3b3bf37612c4000002,392.732,gametime
68af5a57bbe8a1f1686b5781,San Francisco Giants at Baltimore Orioles,2026-04-12 13:35:00.000,1900,46400,53bb068c3bf37624c3000004,685.44,gametime
68af5a6c504ca5fba8a2b3a6,Colorado Rockies at San Diego Padres,2026-04-12 13:10:00.000,2600,72000,53692f0a3bf3760f90000001,1276.072,gametime
68ae38ba94002e2aa3a06ceb,Houston Astros at Seattle Mariners,2026-04-13 13:10:00.000,1000,127600,538526c321efd33afb000001,457.168,gametime
68ae3a4994002e2aa3a06d79,Miami Marlins at Atlanta Braves,2026-04-13 19:15:00.000,1200,0,5876a1f7cde6626ebe0d3e87,279.592,gametime
68ae3a707de15d64f4b2bcda,Cleveland Guardians at St. Louis Cardinals,2026-04-13 18:45:00.000,2400,5800,54b5ab3b3bf3763f85000001,188.48400000000004,gametime
68ae3b236bb39449b88b18fd,Texas Rangers at Athletics,2026-04-13 18:40:00.000,2100,93700,55313d1878fea568e6000001,161.384,gametime
68ae3b236e125862f5e22ad4,Texas Rangers at Athletics,2026-04-14 18:40:00.000,1700,445500,55313d1878fea568e6000001,116.392,gametime
68af4c132b923320a728e604,Chicago Cubs at Philadelphia Phillies,2026-04-13 18:40:00.000,2200,123600,539619523bf37601f6000001,577.7880000000001,gametime
68af5298613b50d0d600ee5d,Los Angeles Angels at New York Yankees,2026-04-13 19:05:00.000,1500,0,5362ccf73bf37627c6000003,1095.9200000000003,gametime
68af5484b645abdd501f0beb,San Francisco Giants at Cincinnati Reds,2026-04-14 18:40:00.000,2200,199900,53beec013bf376503f000001,162.23999999999998,gametime
68af54dc504ca5fba8a2b254,Colorado Rockies at Houston Astros,2026-04-14 19:10:00.000,1300,243400,53b30c243bf37646fb000002,257.87200000000007,gametime
68af55426d6358b08448fb0b,New York Mets at Los Angeles Dodgers,2026-04-13 19:10:00.000,11500,430900,5333a2763bf3767900000001,3327.7,gametime
68af5a0131b0417b2a9d620a,Boston Red Sox at Minnesota Twins,2026-04-14 18:40:00.000,1200,88300,538526c321efd33afb000005,76.38000000000001,gametime
68af5a013edac2b884b8c150,Boston Red Sox at Minnesota Twins,2026-04-13 18:40:00.000,1300,25700,538526c321efd33afb000005,73.048,gametime
68af5a563edac2b884b8c16d,Arizona Diamondbacks at Baltimore Orioles,2026-04-13 18:35:00.000,1200,0,53bb068c3bf37624c3000004,92.05200000000002,gametime
68af5a58bf6276ee588dd9bc,Arizona Diamondbacks at Baltimore Orioles,2026-04-14 18:35:00.000,900,71200,53bb068c3bf37624c3000004,60.44799999999999,gametime
68af5adbafd35e5e7d6501a3,Washington Nationals at Pittsburgh Pirates,2026-04-14 18:40:00.000,2400,0,538526c321efd33afb000002,60.556,gametime
68af5adc7ac25ed1de5c9be5,Washington Nationals at Pittsburgh Pirates,2026-04-13 18:40:00.000,2400,0,538526c321efd33afb000002,66.412,gametime
68ae36ec0b18228b2c67bf47,Tampa Bay Rays at Chicago White Sox,2026-04-14 18:40:00.000,1600,0,5362ccf73bf37627c6000004,442.8200000000001,gametime
68ae36ed100e7bd358979b9e,Tampa Bay Rays at Chicago White Sox,2026-04-15 18:40:00.000,800,55000,5362ccf73bf37627c6000004,85.15999999999998,gametime
68ae3a487a56cb3178de506e,Miami Marlins at Atlanta Braves,2026-04-15 19:15:00.000,1300,354200,5876a1f7cde6626ebe0d3e87,458.8319999999998,gametime
68ae3a49e007c0421df64f25,Miami Marlins at Atlanta Braves,2026-04-14 19:15:00.000,1300,332000,5876a1f7cde6626ebe0d3e87,152.61599999999996,gametime
68ae3a70e404405927a74d59,Cleveland Guardians at St. Louis Cardinals,2026-04-14 18:45:00.000,1100,11424700,54b5ab3b3bf3763f85000001,75.77599999999998,gametime
68ae3a71754f03039c895d77,Cleveland Guardians at St. Louis Cardinals,2026-04-15 12:15:00.000,1100,332000,54b5ab3b3bf3763f85000001,44.0,gametime
68ae3b23e8d2f1bf7024e2e2,Texas Rangers at Athletics,2026-04-15 18:40:00.000,2100,63600,55313d1878fea568e6000001,241.232,gametime
68af4c14a87c28317e965d6b,Chicago Cubs at Philadelphia Phillies,2026-04-15 18:40:00.000,2700,118600,539619523bf37601f6000001,1028.8199999999997,gametime
68af4c15c814c51f4f8de6dc,Chicago Cubs at Philadelphia Phillies,2026-04-14 18:40:00.000,2600,98500,539619523bf37601f6000001,537.056,gametime
68af5298ab077556743aa06e,Los Angeles Angels at New York Yankees,2026-04-15 19:05:00.000,2200,177700,5362ccf73bf37627c6000003,1189.5000000000005,gametime
68af52994c5847540d932f77,Los Angeles Angels at New York Yankees,2026-04-14 19:05:00.000,1600,134100,5362ccf73bf37627c6000003,813.76,gametime
68af53cb2a5f2a35418d4277,Toronto Blue Jays at Milwaukee Brewers,2026-04-14 18:40:00.000,2100,230400,538526c321efd33afb000003,98.544,gametime
68af53cc613b50d0d600eec6,Toronto Blue Jays at Milwaukee Brewers,2026-04-15 18:40:00.000,1300,230400,538526c321efd33afb000003,30.352000000000004,gametime
68af5485df4544316a760b56,San Francisco Giants at Cincinnati Reds,2026-04-15 18:40:00.000,1000,199900,53beec013bf376503f000001,194.472,gametime
68af54daf81960799e88fe14,Colorado Rockies at Houston Astros,2026-04-15 19:10:00.000,900,88400,53b30c243bf37646fb000002,316.248,gametime
68af5542515a42e3057fd8e0,New York Mets at Los Angeles Dodgers,2026-04-14 19:10:00.000,4200,1104900,5333a2763bf3767900000001,1084.4560000000004,gametime
68af5543504ca5fba8a2b26c,New York Mets at Los Angeles Dodgers,2026-04-15 19:10:00.000,5000,206200,5333a2763bf3767900000001,2422.9400000000005,gametime
68af56a8ab077556743aa186,Kansas City Royals at Detroit Tigers,2026-04-15 18:40:00.000,500,87500,53c03a3b3bf37612c4000002,100.62,gametime
68af56a8ec76d27570053779,Kansas City Royals at Detroit Tigers,2026-04-14 18:40:00.000,900,87500,53c03a3b3bf37612c4000002,191.94400000000007,gametime
68af5a000322779c79d27451,Boston Red Sox at Minnesota Twins,2026-04-15 12:40:00.000,900,132600,538526c321efd33afb000005,66.736,gametime
68af5a57ab077556743aa266,Arizona Diamondbacks at Baltimore Orioles,2026-04-15 12:35:00.000,1100,68200,53bb068c3bf37624c3000004,142.62400000000002,gametime
68af5a6dceb30d39d5ba1b11,Seattle Mariners at San Diego Padres (Puffer Vest Giveaway),2026-04-15 18:40:00.000,6000,287700,53692f0a3bf3760f90000001,1456.648,gametime
68af5a6eab077556743aa271,Seattle Mariners at San Diego Padres,2026-04-14 18:40:00.000,2600,340900,53692f0a3bf3760f90000001,740.7320000000002,gametime
68af5adb8f863e886de024ec,Washington Nationals at Pittsburgh Pirates,2026-04-15 18:40:00.000,2800,276600,538526c321efd33afb000002,136.67600000000002,gametime
68ae36ecb4049df426c4d77e,New York Mets at Chicago Cubs,2026-04-17 13:20:00.000,1700,37300,533d97153bf3766542000002,1205.476,gametime
68ae36ed9a67ff5905e612d6,Tampa Bay Rays at Chicago White Sox,2026-04-16 13:10:00.000,700,42100,5362ccf73bf37627c6000004,212.14,gametime
68ae38ba9ba6db6daaf48751,Texas Rangers at Seattle Mariners (Kingdome Fanny Pack Hat Night Giveaway),2026-04-17 18:40:00.000,1700,0,538526c321efd33afb000001,1459.096000000001,gametime
68ae3b2226389c97fb49ebe9,Texas Rangers at Athletics,2026-04-16 12:05:00.000,1300,31500,55313d1878fea568e6000001,133.99599999999998,gametime
68af4c15af43d83c9b3497a7,Atlanta Braves at Philadelphia Phillies (Jordan Davis Postgame Concert),2026-04-17 18:40:00.000,5300,71100,539619523bf37601f6000001,1316.0520000000004,gametime
68af526bc95bdeed8553edf7,Baltimore Orioles at Cleveland Guardians,2026-04-16 18:10:00.000,2600,59500,53beec013bf376503f000002,36.788,gametime
68af526c0322779c79d2725e,Baltimore Orioles at Cleveland Guardians,2026-04-17 18:10:00.000,4300,36600,53beec013bf376503f000002,315.51200000000006,gametime
68af52993a17d236cc372c07,Los Angeles Angels at New York Yankees,2026-04-16 13:35:00.000,700,128900,5362ccf73bf37627c6000003,923.044,gametime
68af5299b645abdd501f0b58,Kansas City Royals at New York Yankees (Yankees Hockey Jersey Night),2026-04-17 19:05:00.000,8000,0,5362ccf73bf37627c6000003,6029.52,gametime
68af53ca486ac15b7e7f71f4,Toronto Blue Jays at Milwaukee Brewers,2026-04-16 12:40:00.000,1200,71700,538526c321efd33afb000003,34.315999999999995,gametime
68af5450247244404743faf6,San Francisco Giants at Washington Nationals,2026-04-17 18:45:00.000,1700,28400,5388f0613bf3761afd000002,390.94,gametime
68af54846d6358b08448fade,San Francisco Giants at Cincinnati Reds,2026-04-16 12:40:00.000,1100,76400,53beec013bf376503f000001,60.93600000000001,gametime
68af54dbf81960799e88fe15,Colorado Rockies at Houston Astros,2026-04-16 19:10:00.000,1000,41000,53b30c243bf37646fb000002,361.824,gametime
68af54dcb645abdd501f0bfd,St. Louis Cardinals at Houston Astros,2026-04-17 19:10:00.000,2900,0,53b30c243bf37646fb000002,1190.4800000000002,gametime
68af5549f2def3b1e914a2af,San Diego Padres at Los Angeles Angels (The Mandalorian and Grogu Angels Jersey Giveaway),2026-04-17 18:38:00.000,4400,102900,533d97153bf3766542000001,3399.223999999998,gametime
68af55fe5a8fe92ebf9ae644,Toronto Blue Jays at Arizona Diamondbacks,2026-04-17 18:40:00.000,3300,0,538526c421efd33afb000006,623.2520000000001,gametime
68af56a874310d5e52b012d9,Kansas City Royals at Detroit Tigers,2026-04-16 13:10:00.000,400,35200,53c03a3b3bf37612c4000002,87.916,gametime
68af594ec814c51f4f8deae1,Milwaukee Brewers at Miami Marlins,2026-04-17 19:10:00.000,1100,0,53acb8a23bf3760237000004,229.096,gametime
68af599074310d5e52b0136d,Detroit Tigers at Boston Red Sox,2026-04-17 19:15:00.000,4400,0,5362ccf73bf37627c6000001,1499.1040000000005,gametime
68af5a00b645abdd501f0d2b,Cincinnati Reds at Minnesota Twins,2026-04-17 19:10:00.000,1700,0,538526c321efd33afb000005,183.04400000000004,gametime
68af5a6d3ec90eeb885ad655,Seattle Mariners at San Diego Padres,2026-04-16 17:40:00.000,3400,562400,53692f0a3bf3760f90000001,1482.4800000000002,gametime
68af5ada6d6358b08448fc43,Washington Nationals at Pittsburgh Pirates,2026-04-16 12:35:00.000,3000,22600,538526c321efd33afb000002,195.95200000000003,gametime
68af5adc630aca5171775983,Tampa Bay Rays at Pittsburgh Pirates,2026-04-17 18:45:00.000,4200,0,538526c321efd33afb000002,825.2159999999999,gametime
68af5b722a5f2a35418d445e,Chicago White Sox at Athletics,2026-04-17 18:40:00.000,4600,0,55313d1878fea568e6000001,749.1559999999998,gametime
68af5b8bceb30d39d5ba1b63,Los Angeles Dodgers at Colorado Rockies,2026-04-17 18:40:00.000,1600,0,53acb8a23bf3760237000006,881.948,gametime
68af4bbd5a8fe92ebf9ae2ab,Texas Rangers at Seattle Mariners (Cal Raleigh 70s Jersey Giveaway),2026-04-18 16:15:00.000,2900,177700,538526c321efd33afb000001,2384.583999999999,gametime
68af526d61f7e1fa25848b9b,Baltimore Orioles at Cleveland Guardians,2026-04-18 18:10:00.000,3800,22100,53beec013bf376503f000002,107.24,gametime
68af5298f2def3b1e914a1c9,Kansas City Royals at New York Yankees,2026-04-18 13:35:00.000,5900,91800,5362ccf73bf37627c6000003,4305.420000000002,gametime
68af544fc95bdeed8553eea2,San Francisco Giants at Washington Nationals (City Connect Hockey Jersey Giveaway),2026-04-18 16:05:00.000,3900,42500,5388f0613bf3761afd000002,1113.9840000000006,gametime
68af5866515a42e3057fd9a2,New York Mets at Chicago Cubs (Ron Santo Bobblehead Giveaway),2026-04-18 13:20:00.000,3600,79200,533d97153bf3766542000002,2103.2359999999985,gametime
68af594d2b923320a728ea38,Milwaukee Brewers at Miami Marlins,2026-04-18 16:10:00.000,1500,157900,53acb8a23bf3760237000004,280.44000000000005,gametime
68af5990e679c40425be21d7,Detroit Tigers at Boston Red Sox,2026-04-18 16:10:00.000,6500,137500,5362ccf73bf37627c6000001,2172.4440000000013,gametime
68af5a015a8fe92ebf9ae727,Cincinnati Reds at Minnesota Twins,2026-04-18 13:10:00.000,1500,25700,538526c321efd33afb000005,48.33600000000001,gametime
68af5adc2a5f2a35418d4428,Tampa Bay Rays at Pittsburgh Pirates,2026-04-18 16:05:00.000,4700,65200,538526c321efd33afb000002,1349.24,gametime
68af5b71c2578edd67b47661,Chicago White Sox at Athletics (Sacramento Script Hat Giveaway),2026-04-18 13:05:00.000,2800,34800,55313d1878fea568e6000001,280.98,gametime
68ae36ec4b71c468b2dde164,New York Mets at Chicago Cubs,2026-04-19 13:20:00.000,1700,44900,533d97153bf3766542000002,1175.592,gametime
68af4bbde679c40425be1d80,Texas Rangers at Seattle Mariners (70s Pin Giveaway),2026-04-19 13:10:00.000,1500,139300,538526c321efd33afb000001,601.4080000000001,gametime
68af4c13c814c51f4f8de6db,Atlanta Braves at Philadelphia Phillies (Kids Independence Blue Cross Trea Turner Replica Jersey Giveaway),2026-04-18 19:15:00.000,7100,74600,539619523bf37601f6000001,1922.6639999999995,gametime
68af526a3ec90eeb885ad44a,Baltimore Orioles at Cleveland Guardians,2026-04-19 13:40:00.000,2800,26600,53beec013bf376503f000002,160.67200000000005,gametime
68af5298bf6276ee588dd7a3,Kansas City Royals at New York Yankees (Hersheypark Kids Ticket Giveaway Day),2026-04-19 13:35:00.000,1200,121700,5362ccf73bf37627c6000003,1423.964,gametime
68af544f6d6358b08448fad3,San Francisco Giants at Washington Nationals (Kids Sleeveless Hoodie Giveaway),2026-04-19 13:35:00.000,1300,25500,5388f0613bf3761afd000002,221.904,gametime
68af54dc486ac15b7e7f722f,St. Louis Cardinals at Houston Astros,2026-04-18 18:10:00.000,2500,30600,53b30c243bf37646fb000002,1181.7519999999995,gametime
68af54dddf4544316a760b66,St. Louis Cardinals at Houston Astros,2026-04-19 13:10:00.000,1900,67500,53b30c243bf37646fb000002,378.584,gametime
68af5549630aca517177584e,San Diego Padres at Los Angeles Angels,2026-04-19 13:07:00.000,1700,110400,533d97153bf3766542000001,1357.228,gametime
68af55496e994df60a6a206f,San Diego Padres at Los Angeles Angels,2026-04-18 18:38:00.000,3600,110400,533d97153bf3766542000001,3261.864,gametime
68af55fdab077556743aa155,Toronto Blue Jays at Arizona Diamondbacks,2026-04-19 13:10:00.000,2700,55200,538526c421efd33afb000006,651.0640000000003,gametime
68af55ff2b923320a728e97d,Toronto Blue Jays at Arizona Diamondbacks,2026-04-18 17:10:00.000,3200,44400,538526c421efd33afb000006,763.0320000000003,gametime
68af5950c95bdeed8553efc1,Milwaukee Brewers at Miami Marlins,2026-04-19 13:40:00.000,1400,80200,53acb8a23bf3760237000004,325.764,gametime
68af5992df4544316a760c81,Detroit Tigers at Boston Red Sox,2026-04-19 13:35:00.000,3000,52300,5362ccf73bf37627c6000001,367.184,gametime
68af5a01ceb30d39d5ba1aee,Cincinnati Reds at Minnesota Twins,2026-04-19 13:10:00.000,1000,32400,538526c321efd33afb000005,219.416,gametime
68af5adb74310d5e52b013d8,Tampa Bay Rays at Pittsburgh Pirates,2026-04-19 13:35:00.000,3600,0,538526c321efd33afb000002,40.952,gametime
68af5b722b923320a728eadb,Chicago White Sox at Athletics,2026-04-19 13:05:00.000,3100,27800,55313d1878fea568e6000001,192.996,gametime
68af5b8cf2def3b1e914a485,Los Angeles Dodgers at Colorado Rockies,2026-04-19 13:10:00.000,2800,35300,53acb8a23bf3760237000006,1390.3320000000006,gametime
68af5b8eb645abdd501f0da5,Los Angeles Dodgers at Colorado Rockies,2026-04-18 18:10:00.000,2500,36900,53acb8a23bf3760237000006,2014.828,gametime
68ae36ebb0c13f009d5c8fd3,Philadelphia Phillies at Chicago Cubs,2026-04-20 18:40:00.000,800,43900,533d97153bf3766542000002,441.88400000000007,gametime
68af4bbe7ac25ed1de5c9773,Athletics at Seattle Mariners,2026-04-20 18:40:00.000,1300,92800,538526c321efd33afb000001,443.3200000000003,gametime
68af4c16630aca5171775532,Atlanta Braves at Philadelphia Phillies,2026-04-19 19:20:00.000,1800,889900,539619523bf37601f6000001,944.1039999999994,gametime
68af4f2baf43d83c9b3498bd,Cincinnati Reds at Tampa Bay Rays,2026-04-20 18:40:00.000,2300,69600,54dcf29564f9620805000003,30.904,gametime
68af52693edac2b884b8bf56,Houston Astros at Cleveland Guardians,2026-04-20 18:10:00.000,2400,21800,53beec013bf376503f000002,0.0,gametime
68af544f61f7e1fa25848c43,Atlanta Braves at Washington Nationals,2026-04-20 18:45:00.000,1200,77400,5388f0613bf3761afd000002,89.86000000000001,gametime
68af5548515a42e3057fd8e5,Toronto Blue Jays at Los Angeles Angels (Angels Hockey Jersey Giveaway),2026-04-20 18:38:00.000,1800,110400,533d97153bf3766542000001,866.0959999999998,gametime
68af567fafd35e5e7d650086,Baltimore Orioles at Kansas City Royals,2026-04-20 18:40:00.000,1000,154900,538526c321efd33afb000004,83.43599999999998,gametime
68af5950d0162bf797c0fd16,St. Louis Cardinals at Miami Marlins,2026-04-20 18:40:00.000,800,49900,53acb8a23bf3760237000004,175.764,gametime
68af5990486ac15b7e7f7336,Detroit Tigers at Boston Red Sox (Patriots Day Windbreaker Giveaway),2026-04-20 11:10:00.000,6000,98000,5362ccf73bf37627c6000001,1639.4480000000003,gametime
68af5b8e134a3cce602c9c6d,Los Angeles Dodgers at Colorado Rockies,2026-04-20 18:40:00.000,1900,13200,53acb8a23bf3760237000006,622.8480000000001,gametime
68ae36eb11d9e851ec921b41,Philadelphia Phillies at Chicago Cubs,2026-04-22 18:40:00.000,900,52600,533d97153bf3766542000002,384.644,gametime
68ae36eb8b6c83021649b7d7,Philadelphia Phillies at Chicago Cubs,2026-04-21 18:40:00.000,1400,36200,533d97153bf3766542000002,768.6599999999999,gametime
68ae394ee8d2f1bf7024e242,Minnesota Twins at New York Mets,2026-04-22 19:10:00.000,800,56700,5362ccf73bf37627c6000002,205.67200000000005,gametime
68ae394f927cb6ecabdf16e0,Minnesota Twins at New York Mets,2026-04-21 19:10:00.000,1200,91500,5362ccf73bf37627c6000002,457.77199999999993,gametime
68af4bbd3edac2b884b8bd02,Athletics at Seattle Mariners,2026-04-21 18:40:00.000,1300,91500,538526c321efd33afb000001,356.62800000000004,gametime
68af4bbda87c28317e965d5a,Athletics at Seattle Mariners,2026-04-22 13:10:00.000,800,73400,538526c321efd33afb000001,200.32,gametime
68af4f2b6d6358b08448f91b,Cincinnati Reds at Tampa Bay Rays,2026-04-21 18:40:00.000,2100,70400,54dcf29564f9620805000003,117.87999999999998,gametime
68af4f2cf2def3b1e914a095,Cincinnati Reds at Tampa Bay Rays,2026-04-22 13:10:00.000,2400,62500,54dcf29564f9620805000003,26.968,gametime
68af526a5a8fe92ebf9ae507,Houston Astros at Cleveland Guardians,2026-04-22 13:10:00.000,2700,162700,53beec013bf376503f000002,7.960000000000003,gametime
68af526be679c40425be1fef,Houston Astros at Cleveland Guardians,2026-04-21 18:10:00.000,2900,162700,53beec013bf376503f000002,51.232,gametime
68af53f63edac2b884b8bfde,Los Angeles Dodgers at San Francisco Giants,2026-04-21 18:45:00.000,3700,154700,52618c753bf3760b9c000004,1321.9319999999996,gametime
68af53f6630aca51717757f8,Los Angeles Dodgers at San Francisco Giants,2026-04-23 12:45:00.000,2800,154700,52618c753bf3760b9c000004,890.2959999999999,gametime
68af53f68f863e886de02360,Los Angeles Dodgers at San Francisco Giants,2026-04-22 18:45:00.000,5200,110400,52618c753bf3760b9c000004,1336.0840000000003,gametime
68af544fab077556743aa0fa,Atlanta Braves at Washington Nationals,2026-04-23 13:05:00.000,1300,77400,5388f0613bf3761afd000002,72.54799999999999,gametime
68af544fafd35e5e7d64fff4,Atlanta Braves at Washington Nationals,2026-04-21 18:45:00.000,1100,77400,5388f0613bf3761afd000002,145.63599999999997,gametime
68af544fbf6276ee588dd839,Atlanta Braves at Washington Nationals,2026-04-22 18:45:00.000,1300,77400,5388f0613bf3761afd000002,92.43200000000002,gametime
68af5548504ca5fba8a2b270,Toronto Blue Jays at Los Angeles Angels,2026-04-21 18:38:00.000,600,110400,533d97153bf3766542000001,690.288,gametime
68af5549c814c51f4f8dea06,Toronto Blue Jays at Los Angeles Angels,2026-04-22 12:07:00.000,600,44000,533d97153bf3766542000001,204.128,gametime
68af55bd59c7d399737f26fd,Pittsburgh Pirates at Texas Rangers,2026-04-21 19:05:00.000,1300,139400,5d9f4ea483e7d2003a7aa81a,191.06400000000005,gametime
68af55c00322779c79d2736a,Pittsburgh Pirates at Texas Rangers,2026-04-22 19:05:00.000,1500,123900,5d9f4ea483e7d2003a7aa81a,268.72400000000005,gametime
68af55fb134a3cce602c9b08,Chicago White Sox at Arizona Diamondbacks,2026-04-22 18:40:00.000,2100,24000,538526c421efd33afb000006,191.88,gametime
68af55fcbbe8a1f1686b5681,Chicago White Sox at Arizona Diamondbacks,2026-04-21 18:40:00.000,2000,79400,538526c421efd33afb000006,352.4080000000001,gametime
68af55fcd0162bf797c0fc3c,Chicago White Sox at Arizona Diamondbacks,2026-04-23 12:40:00.000,1900,29800,538526c421efd33afb000006,79.172,gametime
68af567fc814c51f4f8dea47,Baltimore Orioles at Kansas City Royals,2026-04-21 18:40:00.000,1100,139400,538526c321efd33afb000004,90.428,gametime
68af56802b923320a728e99e,Baltimore Orioles at Kansas City Royals,2026-04-22 13:10:00.000,900,108400,538526c321efd33afb000004,32.8,gametime
68af56a8613b50d0d600ef74,Milwaukee Brewers at Detroit Tigers,2026-04-22 18:40:00.000,800,57700,53c03a3b3bf37612c4000002,223.19600000000003,gametime
68af56a8af43d83c9b349b2c,Milwaukee Brewers at Detroit Tigers,2026-04-21 18:40:00.000,1000,101300,53c03a3b3bf37612c4000002,253.50000000000003,gametime
68af56a90322779c79d2738e,Milwaukee Brewers at Detroit Tigers,2026-04-23 13:10:00.000,800,61300,53c03a3b3bf37612c4000002,184.716,gametime
68af5866af43d83c9b349b94,Philadelphia Phillies at Chicago Cubs,2026-04-23 13:20:00.000,1000,46300,533d97153bf3766542000002,286.852,gametime
68af594e60f33e20f906baf4,St. Louis Cardinals at Miami Marlins,2026-04-22 12:10:00.000,900,77100,53acb8a23bf3760237000004,10.368,gametime
68af594ff81960799e88ff2c,St. Louis Cardinals at Miami Marlins,2026-04-21 18:40:00.000,900,80300,53acb8a23bf3760237000004,85.848,gametime
68af5992afd35e5e7d650147,New York Yankees at Boston Red Sox,2026-04-23 18:10:00.000,6600,266100,5362ccf73bf37627c6000001,976.0600000000002,gametime
68af5992ceb30d39d5ba1ac2,New York Yankees at Boston Red Sox,2026-04-21 18:45:00.000,5200,197900,5362ccf73bf37627c6000001,927.9520000000002,gametime
68af5992f81960799e88ff41,New York Yankees at Boston Red Sox,2026-04-22 18:45:00.000,4500,197900,5362ccf73bf37627c6000001,865.4399999999998,gametime
68af5b8ce679c40425be226d,San Diego Padres at Colorado Rockies,2026-04-21 18:40:00.000,1500,94400,53acb8a23bf3760237000006,206.34000000000003,gametime
68af5b8d515a42e3057fda8f,San Diego Padres at Colorado Rockies,2026-04-23 13:10:00.000,1400,85100,53acb8a23bf3760237000006,51.344,gametime
68af5b8ed0162bf797c0fdde,San Diego Padres at Colorado Rockies,2026-04-22 18:40:00.000,1500,85100,53acb8a23bf3760237000006,257.27599999999995,gametime
68ae36ec28449cb09832cdbf,Washington Nationals at Chicago White Sox (Miguel Vargas Bobblehead Giveaway),2026-04-24 18:40:00.000,1200,54100,5362ccf73bf37627c6000004,116.696,gametime
68ae394f8b6c83021649b8df,Minnesota Twins at New York Mets,2026-04-23 19:10:00.000,800,102700,5362ccf73bf37627c6000002,297.924,gametime
68af53c92a5f2a35418d4274,Pittsburgh Pirates at Milwaukee Brewers,2026-04-24 18:40:00.000,3000,161300,538526c321efd33afb000003,46.952,gametime
68af54852b923320a728e916,Detroit Tigers at Cincinnati Reds,2026-04-24 18:40:00.000,2300,81600,53beec013bf376503f000001,100.148,gametime
68af55bf59c7d399737f26fe,Pittsburgh Pirates at Texas Rangers,2026-04-23 19:05:00.000,1300,92900,5d9f4ea483e7d2003a7aa81a,98.276,gametime
68af56804c5847540d93308d,Los Angeles Angels at Kansas City Royals,2026-04-24 18:40:00.000,2200,134900,538526c321efd33afb000004,131.816,gametime
68ae37e852d625f46c216ce8,Chicago Cubs at Los Angeles Dodgers,2026-04-24 19:15:00.000,11400,589100,5333a2763bf3767900000001,808.156,gametime
68ae394f6a8108d436888016,Colorado Rockies at New York Mets,2026-04-24 19:10:00.000,1200,86300,5362ccf73bf37627c6000002,278.888,gametime
68ae3a706e125862f5e22aae,Seattle Mariners at St. Louis Cardinals (Cardinals Jersey Dark Mode Giveaway),2026-04-24 19:15:00.000,1900,201400,54b5ab3b3bf3763f85000001,150.88799999999998,gametime
68af4f2bdf4544316a76098e,Minnesota Twins at Tampa Bay Rays,2026-04-24 19:10:00.000,2000,105000,54dcf29564f9620805000003,28.692000000000004,gametime
68af4f6ac2578edd67b472d1,Cleveland Guardians at Toronto Blue Jays (Blue Jays Retro Hoodie Giveaway),2026-04-24 19:07:00.000,5600,488500,55116f6864f9625eb3000001,136.464,gametime
68af53f65a8fe92ebf9ae5ac,Miami Marlins at San Francisco Giants,2026-04-24 19:15:00.000,2400,77400,52618c753bf3760b9c000004,271.028,gametime
68af54dca87c28317e966076,New York Yankees at Houston Astros,2026-04-24 19:10:00.000,4300,80400,53b30c243bf37646fb000002,753.808,gametime
68af55bf134a3cce602c9aff,Athletics at Texas Rangers,2026-04-24 19:05:00.000,1700,77400,5d9f4ea483e7d2003a7aa81a,119.70400000000002,gametime
68af58efd0162bf797c0fd04,Philadelphia Phillies at Atlanta Braves,2026-04-24 19:15:00.000,5200,232500,5876a1f7cde6626ebe0d3e87,417.3200000000001,gametime
68af5a578f863e886de024c3,Boston Red Sox at Baltimore Orioles,2026-04-24 19:05:00.000,2300,88900,53bb068c3bf37624c3000004,145.30799999999996,gametime
68ae36ec22884d28cd78fc0b,Washington Nationals at Chicago White Sox (90s City Connect Jacket Giveaway),2026-04-25 15:10:00.000,2200,54100,5362ccf73bf37627c6000004,398.636,gametime
68ae37e9b0c13f009d5c904b,Chicago Cubs at Los Angeles Dodgers (Roki Sasaki Bobblehead),2026-04-25 16:15:00.000,10600,338200,5333a2763bf3767900000001,1296.024,gametime
68ae394e26389c97fb49eb4f,Colorado Rockies at New York Mets,2026-04-25 16:10:00.000,1900,142300,5362ccf73bf37627c6000002,497.88,gametime
68ae3a71e007c0421df64f38,Seattle Mariners at St. Louis Cardinals (Cardinals Crewneck Sweatshirt Giveaway),2026-04-25 13:15:00.000,1900,77400,54b5ab3b3bf3763f85000001,144.0,gametime
68af4f2b8f863e886de021f1,Minnesota Twins at Tampa Bay Rays,2026-04-25 16:10:00.000,3300,69600,54dcf29564f9620805000003,28.512,gametime
68af4f6974310d5e52b010a5,Cleveland Guardians at Toronto Blue Jays,2026-04-25 15:07:00.000,4200,434100,55116f6864f9625eb3000001,76.832,gametime
68af53cbc2578edd67b47463,Pittsburgh Pirates at Milwaukee Brewers,2026-04-25 18:10:00.000,3400,161300,538526c321efd33afb000003,145.804,gametime
68af53f66e994df60a6a2020,Miami Marlins at San Francisco Giants (Brandon Belt Aloha Shirt Giveaway),2026-04-25 13:05:00.000,3700,123900,52618c753bf3760b9c000004,308.4560000000001,gametime
68af5486630aca517177581e,Detroit Tigers at Cincinnati Reds (Reds Hall of Fame Induction Ceremony),2026-04-25 19:15:00.000,2500,140000,53beec013bf376503f000001,143.104,gametime
68af54dc6d6358b08448faf1,New York Yankees at Houston Astros,2026-04-25 18:10:00.000,4900,483700,53b30c243bf37646fb000002,597.4799999999999,gametime
68af55c00dcf1d7f796e5e8c,Athletics at Texas Rangers,2026-04-25 18:05:00.000,3200,90700,5d9f4ea483e7d2003a7aa81a,114.624,gametime
68af567f6e994df60a6a20b3,Los Angeles Angels at Kansas City Royals (Royal-Tees Giveaway),2026-04-25 18:10:00.000,2300,108400,538526c321efd33afb000004,87.084,gametime
68af58ef4c5847540d933119,Philadelphia Phillies at Atlanta Braves,2026-04-25 19:15:00.000,3800,232500,5876a1f7cde6626ebe0d3e87,591.136,gametime
68af5a57c95bdeed8553f016,Boston Red Sox at Baltimore Orioles (Hockey Jersey Giveaway),2026-04-25 16:05:00.000,4000,152300,53bb068c3bf37624c3000004,370.536,gametime
68ae36ec3c46b1009a3adbeb,Washington Nationals at Chicago White Sox,2026-04-26 13:10:00.000,1000,43100,5362ccf73bf37627c6000004,122.684,gametime
68ae36ec6a8108d436887ef8,Los Angeles Angels at Chicago White Sox,2026-04-27 18:40:00.000,1000,54100,5362ccf73bf37627c6000004,78.46399999999998,gametime
68ae37e922884d28cd78fc86,Chicago Cubs at Los Angeles Dodgers,2026-04-26 13:10:00.000,6700,605100,5333a2763bf3767900000001,444.42,gametime
68ae37e99e67e4c9dcc84b99,Miami Marlins at Los Angeles Dodgers,2026-04-27 19:10:00.000,6000,206200,5333a2763bf3767900000001,52.992,gametime
68ae394fe007c0421df64ebd,Colorado Rockies at New York Mets,2026-04-26 13:40:00.000,1100,72800,5362ccf73bf37627c6000002,222.712,gametime
68ae3a705d12b4e5a2d14816,Seattle Mariners at St. Louis Cardinals (Cardinals Chain-Stitch Hat Giveaway),2026-04-26 13:15:00.000,1200,232500,54b5ab3b3bf3763f85000001,158.632,gametime
68af4f2cbf6276ee588dd680,Minnesota Twins at Tampa Bay Rays,2026-04-26 13:40:00.000,2900,71900,54dcf29564f9620805000003,33.471999999999994,gametime
68af4f697ac25ed1de5c98c1,Cleveland Guardians at Toronto Blue Jays,2026-04-26 13:37:00.000,2700,465200,55116f6864f9625eb3000001,86.66,gametime
68af4f69c2578edd67b472d0,Boston Red Sox at Toronto Blue Jays,2026-04-27 19:07:00.000,6100,465200,55116f6864f9625eb3000001,27.920000000000005,gametime
68af526b31b0417b2a9d6001,Tampa Bay Rays at Cleveland Guardians,2026-04-27 18:10:00.000,2500,162700,53beec013bf376503f000002,0.0,gametime
68af53cc613b50d0d600eec7,Pittsburgh Pirates at Milwaukee Brewers,2026-04-26 13:10:00.000,1700,99800,538526c321efd33afb000003,57.36399999999999,gametime
68af53f6134a3cce602c9a95,Miami Marlins at San Francisco Giants (Youth Flip-Up Sunglasses Giveaway),2026-04-26 13:05:00.000,4800,77400,52618c753bf3760b9c000004,338.408,gametime
68af54865a8fe92ebf9ae5d6,Detroit Tigers at Cincinnati Reds,2026-04-26 13:40:00.000,1900,84900,53beec013bf376503f000001,103.684,gametime
68af54dc0dcf1d7f796e5e4a,New York Yankees at Houston Astros,2026-04-26 13:10:00.000,3800,483700,53b30c243bf37646fb000002,434.496,gametime
68af55bef81960799e88fe56,New York Yankees at Texas Rangers,2026-04-27 19:05:00.000,3400,181200,5d9f4ea483e7d2003a7aa81a,221.48800000000003,gametime
68af55bfec76d27570053751,Athletics at Texas Rangers,2026-04-26 13:35:00.000,1900,92900,5d9f4ea483e7d2003a7aa81a,96.1,gametime
68af5680ab077556743aa17d,Los Angeles Angels at Kansas City Royals,2026-04-26 18:20:00.000,1500,108400,538526c321efd33afb000004,18.356,gametime
68af58edab077556743aa210,Philadelphia Phillies at Atlanta Braves,2026-04-26 13:35:00.000,2600,248000,5876a1f7cde6626ebe0d3e87,273.128,gametime
68af5a01561870a68b9894f3,Seattle Mariners at Minnesota Twins,2026-04-27 18:40:00.000,1100,154900,538526c321efd33afb000005,0.0,gametime
68af5a57d0162bf797c0fd70,Boston Red Sox at Baltimore Orioles,2026-04-26 13:35:00.000,2400,59400,53bb068c3bf37624c3000004,142.68800000000002,gametime
68af5a6dbf6276ee588dd9c7,Chicago Cubs at San Diego Padres,2026-04-27 18:40:00.000,3400,185900,53692f0a3bf3760f90000001,198.908,gametime
68af5adb486ac15b7e7f738f,St. Louis Cardinals at Pittsburgh Pirates,2026-04-27 18:40:00.000,3000,65800,538526c321efd33afb000002,25.384000000000004,gametime
68ae37e88b6c83021649b845,Miami Marlins at Los Angeles Dodgers,2026-04-28 19:10:00.000,4200,253700,5333a2763bf3767900000001,264.80000000000007,gametime
68ae394fbf04442e8a72b144,Washington Nationals at New York Mets,2026-04-28 19:10:00.000,1000,80000,5362ccf73bf37627c6000002,74.68400000000001,gametime
68af4c13515a42e3057fd584,San Francisco Giants at Philadelphia Phillies,2026-04-28 18:40:00.000,3800,62900,539619523bf37601f6000001,120.432,gametime
68af4f69f81960799e88fc68,Boston Red Sox at Toronto Blue Jays,2026-04-28 19:07:00.000,3000,465200,55116f6864f9625eb3000001,114.788,gametime
68af526a613b50d0d600ee47,Tampa Bay Rays at Cleveland Guardians,2026-04-28 18:10:00.000,2600,162700,53beec013bf376503f000002,9.2,gametime
68af53ccc2578edd67b47464,Arizona Diamondbacks at Milwaukee Brewers,2026-04-28 18:40:00.000,1000,161300,538526c321efd33afb000003,4.5920000000000005,gametime
68af54866e994df60a6a2040,Colorado Rockies at Cincinnati Reds,2026-04-28 18:40:00.000,1500,140000,53beec013bf376503f000001,9.8,gametime
68af55bd8f863e886de023be,New York Yankees at Texas Rangers,2026-04-28 19:05:00.000,2500,181200,5d9f4ea483e7d2003a7aa81a,148.264,gametime
68af5869486ac15b7e7f72fa,Los Angeles Angels at Chicago White Sox,2026-04-28 18:40:00.000,1100,54100,5362ccf73bf37627c6000004,36.136,gametime
68af58f0504ca5fba8a2b348,Detroit Tigers at Atlanta Braves,2026-04-28 19:15:00.000,1200,232500,5876a1f7cde6626ebe0d3e87,79.99999999999999,gametime
68af5a01d0162bf797c0fd52,Seattle Mariners at Minnesota Twins,2026-04-28 18:40:00.000,1300,154900,538526c321efd33afb000005,0.0,gametime
68af5a58ceb30d39d5ba1b08,Houston Astros at Baltimore Orioles,2026-04-28 18:35:00.000,1400,50900,53bb068c3bf37624c3000004,24.4,gametime
68af5a6d3edac2b884b8c176,Chicago Cubs at San Diego Padres (Waffle Beanie Giveaway),2026-04-28 18:40:00.000,4300,345900,53692f0a3bf3760f90000001,219.26800000000003,gametime
68af5ada515a42e3057fda48,St. Louis Cardinals at Pittsburgh Pirates,2026-04-28 18:40:00.000,3000,54100,538526c321efd33afb000002,42.12400000000001,gametime
68af5b7260f33e20f906bb92,Kansas City Royals at Athletics,2026-04-28 18:40:00.000,1500,43300,55313d1878fea568e6000001,60.41199999999999,gametime
68ae37e9927cb6ecabdf162e,Miami Marlins at Los Angeles Dodgers,2026-04-29 12:10:00.000,3800,183400,5333a2763bf3767900000001,196.4,gametime
68af4c14a87c28317e965d6a,San Francisco Giants at Philadelphia Phillies,2026-04-29 18:40:00.000,2800,188200,539619523bf37601f6000001,97.42000000000002,gametime
68af4f69df4544316a7609b7,Boston Red Sox at Toronto Blue Jays,2026-04-29 15:07:00.000,2400,434100,55116f6864f9625eb3000001,24.02799999999999,gametime
68af526a59c7d399737f25ec,Tampa Bay Rays at Cleveland Guardians,2026-04-29 13:10:00.000,2600,162700,53beec013bf376503f000002,0.0,gametime
68af5295247244404743fa6c,Washington Nationals at New York Mets,2026-04-29 19:10:00.000,1000,119000,5362ccf73bf37627c6000002,36.832,gametime
68af53c95a8fe92ebf9ae5a4,Arizona Diamondbacks at Milwaukee Brewers,2026-04-29 18:40:00.000,1100,161300,538526c321efd33afb000003,16.688,gametime
68af5486134a3cce602c9ab1,Colorado Rockies at Cincinnati Reds,2026-04-29 18:40:00.000,1100,140000,53beec013bf376503f000001,12.184,gametime
68af55bd630aca5171775860,New York Yankees at Texas Rangers,2026-04-29 13:35:00.000,2500,120700,5d9f4ea483e7d2003a7aa81a,194.0480000000001,gametime
68af586b504ca5fba8a2b32a,Los Angeles Angels at Chicago White Sox,2026-04-29 12:10:00.000,1000,54100,5362ccf73bf37627c6000004,8.959999999999999,gametime
68af58ef74310d5e52b01351,Detroit Tigers at Atlanta Braves,2026-04-29 19:15:00.000,1300,248000,5876a1f7cde6626ebe0d3e87,160.24800000000002,gametime
68af5a03134a3cce602c9bed,Seattle Mariners at Minnesota Twins,2026-04-29 12:40:00.000,1100,201500,538526c321efd33afb000005,3.68,gametime
68af5a581ca2cb21ee10d64d,Houston Astros at Baltimore Orioles,2026-04-29 18:35:00.000,900,76300,53bb068c3bf37624c3000004,17.752,gametime
68af5a6d0dcf1d7f796e5fa9,Chicago Cubs at San Diego Padres,2026-04-29 13:10:00.000,2000,267400,53692f0a3bf3760f90000001,158.772,gametime
68af5adbf81960799e88ff8f,St. Louis Cardinals at Pittsburgh Pirates,2026-04-29 19:00:00.000,3000,59900,538526c321efd33afb000002,0.0,gametime
68af5b72486ac15b7e7f73c3,Kansas City Royals at Athletics,2026-04-29 18:40:00.000,1500,129500,55313d1878fea568e6000001,26.832000000000004,gametime
68af4c134c5847540d932d48,San Francisco Giants at Philadelphia Phillies,2026-04-30 13:05:00.000,2900,178700,539619523bf37601f6000001,8.8,gametime
68af5296aa4e5608837831b3,Washington Nationals at New York Mets,2026-04-30 13:10:00.000,1000,136000,5362ccf73bf37627c6000002,24.94400000000001,gametime
68af53ca3edac2b884b8bfd3,Arizona Diamondbacks at Milwaukee Brewers,2026-04-30 12:40:00.000,1200,161300,538526c321efd33afb000003,10.796,gametime
68af5486e679c40425be209b,Colorado Rockies at Cincinnati Reds,2026-04-30 12:40:00.000,1100,77700,53beec013bf376503f000001,67.144,gametime
68af5866ec76d275700537e2,Arizona Diamondbacks at Chicago Cubs,2026-05-01 13:20:00.000,1900,139400,533d97153bf3766542000002,47.944,gametime
68af58eec2578edd67b475a0,Detroit Tigers at Atlanta Braves,2026-04-30 12:15:00.000,1300,248000,5876a1f7cde6626ebe0d3e87,41.296000000000014,gametime
68af5a03c814c51f4f8deb19,Toronto Blue Jays at Minnesota Twins,2026-04-30 18:40:00.000,1400,154900,538526c321efd33afb000005,0.0,gametime
68af5a5760f33e20f906bb40,Houston Astros at Baltimore Orioles,2026-04-30 12:35:00.000,1200,46400,53bb068c3bf37624c3000004,27.304,gametime
68af5adbaf43d83c9b349c3b,St. Louis Cardinals at Pittsburgh Pirates,2026-04-30 12:35:00.000,2900,193700,538526c321efd33afb000002,8.7,gametime
68af5b72aa4e56088378343c,Kansas City Royals at Athletics,2026-04-30 12:05:00.000,1500,70500,55313d1878fea568e6000001,37.63199999999999,gametime
68af4bbd31b0417b2a9d5d98,Kansas City Royals at Seattle Mariners (Randy Johnson 80s Jersey Giveaway),2026-05-01 18:45:00.000,2900,73600,538526c321efd33afb000001,132.224,gametime
68af54502a5f2a35418d4294,Milwaukee Brewers at Washington Nationals,2026-05-01 18:45:00.000,1500,77400,5388f0613bf3761afd000002,52.792,gametime
68af5549e679c40425be20d1,New York Mets at Los Angeles Angels (Angels Bomber Jacket Giveaway),2026-05-01 18:38:00.000,4000,110400,533d97153bf3766542000001,771.1679999999999,gametime
68af56a83ec90eeb885ad56d,Texas Rangers at Detroit Tigers,2026-05-01 18:40:00.000,2000,101000,53c03a3b3bf37612c4000002,147.8,gametime
68af5a6cf81960799e88ff79,Chicago White Sox at San Diego Padres,2026-05-01 18:40:00.000,4300,201400,53692f0a3bf3760f90000001,118.952,gametime
68af5adbd0162bf797c0fda1,Cincinnati Reds at Pittsburgh Pirates,2026-05-01 18:45:00.000,4200,54100,538526c321efd33afb000002,65.56800000000001,gametime
68af5b711ca2cb21ee10d69d,Cleveland Guardians at Athletics,2026-05-01 18:40:00.000,3600,159700,55313d1878fea568e6000001,34.788,gametime
68af5b8eaa4e560883783448,Atlanta Braves at Colorado Rockies,2026-05-01 18:40:00.000,1800,40700,53acb8a23bf3760237000006,133.06400000000002,gametime
68af4bbdd0162bf797c0f8c3,Kansas City Royals at Seattle Mariners (Randy Johnson Number Retirement Ceremony),2026-05-02 18:40:00.000,2900,269600,538526c321efd33afb000001,340.8920000000001,gametime
68af4f2cb645abdd501f0a21,San Francisco Giants at Tampa Bay Rays,2026-05-02 18:10:00.000,4400,79100,54dcf29564f9620805000003,11.791999999999996,gametime
68af4f2d5a8fe92ebf9ae408,San Francisco Giants at Tampa Bay Rays,2026-05-01 19:10:00.000,2400,77300,54dcf29564f9620805000003,0.0,gametime
68af5298af43d83c9b349a00,Baltimore Orioles at New York Yankees,2026-05-01 19:05:00.000,3000,135000,5362ccf73bf37627c6000003,859.428,gametime
68af529974310d5e52b011b7,Baltimore Orioles at New York Yankees (Max Fried Mandalorian Bobblehead Giveaway),2026-05-02 13:35:00.000,5500,274000,5362ccf73bf37627c6000003,805.5800000000002,gametime
68af545060f33e20f906b9ec,Milwaukee Brewers at Washington Nationals (Star Wars Grogu Bobblehead Giveaway),2026-05-02 16:05:00.000,2000,77400,5388f0613bf3761afd000002,76.336,gametime
68af5549bbe8a1f1686b564d,New York Mets at Los Angeles Angels,2026-05-02 18:38:00.000,1300,165800,533d97153bf3766542000001,365.62,gametime
68af56aac95bdeed8553ef37,Texas Rangers at Detroit Tigers (Caricature Crewneck Giveaway),2026-05-02 19:15:00.000,2300,319400,53c03a3b3bf37612c4000002,146.12,gametime
68af5867bf6276ee588dd940,Arizona Diamondbacks at Chicago Cubs (Kerry Wood Bobblehead Giveaway),2026-05-02 13:20:00.000,5000,515300,533d97153bf3766542000002,249.52800000000008,gametime
68af5922613b50d0d600effd,Los Angeles Dodgers at St. Louis Cardinals (Cardinals Short-Sleeve Hoodie Giveaway),2026-05-01 19:15:00.000,2400,332000,54b5ab3b3bf3763f85000001,102.36,gametime
68af5923f2def3b1e914a3aa,Los Angeles Dodgers at St. Louis Cardinals (Masyn Winn Bobblehead Giveaway),2026-05-02 18:15:00.000,4000,378800,54b5ab3b3bf3763f85000001,185.6,gametime
68af5950486ac15b7e7f7327,Philadelphia Phillies at Miami Marlins,2026-05-02 16:10:00.000,1700,142700,53acb8a23bf3760237000004,40.2,gametime
68af595061f7e1fa25848d80,Philadelphia Phillies at Miami Marlins,2026-05-01 19:10:00.000,1400,84400,53acb8a23bf3760237000004,29.824,gametime
68af5991f2def3b1e914a3cd,Houston Astros at Boston Red Sox,2026-05-01 19:10:00.000,5400,175900,5362ccf73bf37627c6000001,249.028,gametime
68af59920322779c79d27437,Houston Astros at Boston Red Sox,2026-05-02 16:10:00.000,6700,175900,5362ccf73bf37627c6000001,183.89200000000005,gametime
68af5a01e679c40425be21f5,Toronto Blue Jays at Minnesota Twins,2026-05-02 13:10:00.000,2600,48900,538526c321efd33afb000005,12.872000000000002,gametime
68af5a023ec90eeb885ad632,Toronto Blue Jays at Minnesota Twins,2026-05-01 19:10:00.000,1200,46400,538526c321efd33afb000005,45.35600000000001,gametime
68af5a6e613b50d0d600f05e,Chicago White Sox at San Diego Padres,2026-05-02 17:40:00.000,4400,201400,53692f0a3bf3760f90000001,225.0,gametime
68af5add8f863e886de024ed,Cincinnati Reds at Pittsburgh Pirates (T-Shirt Giveaway),2026-05-02 16:05:00.000,4000,69600,538526c321efd33afb000002,26.464,gametime
68af5b71a87c28317e96620e,Cleveland Guardians at Athletics (As Basketball Jersey Giveaway),2026-05-02 13:05:00.000,4300,135200,55313d1878fea568e6000001,11.624,gametime
68af5b8c4c5847540d9331cf,Atlanta Braves at Colorado Rockies,2026-05-02 18:10:00.000,2100,14100,53acb8a23bf3760237000006,140.96800000000002,gametime
68af4bbdaf43d83c9b34979b,Kansas City Royals at Seattle Mariners (80s Pin Giveaway),2026-05-03 13:10:00.000,2200,290600,538526c321efd33afb000001,299.208,gametime
68af4f2b1ca2cb21ee10d334,San Francisco Giants at Tampa Bay Rays,2026-05-03 13:40:00.000,2700,85900,54dcf29564f9620805000003,0.0,gametime
68af5298c95bdeed8553ee17,Baltimore Orioles at New York Yankees,2026-05-03 13:35:00.000,2300,229800,5362ccf73bf37627c6000003,776.0720000000001,gametime
68af544faa4e56088378324a,Milwaukee Brewers at Washington Nationals,2026-05-03 13:35:00.000,1300,92900,5388f0613bf3761afd000002,29.012,gametime
68af5549515a42e3057fd8e7,New York Mets at Los Angeles Angels,2026-05-03 13:07:00.000,1000,121500,533d97153bf3766542000001,59.54,gametime
68af58676d6358b08448fbab,Arizona Diamondbacks at Chicago Cubs (Cade Horton Graphic Tee Giveaway),2026-05-03 13:20:00.000,3300,139800,533d97153bf3766542000002,64.64,gametime
68af592361f7e1fa25848d73,Los Angeles Dodgers at St. Louis Cardinals (Cardinals Blade-Collar Shirt Giveaway),2026-05-03 13:15:00.000,2200,332000,54b5ab3b3bf3763f85000001,86.60000000000001,gametime
68af594f8f863e886de02481,Philadelphia Phillies at Miami Marlins,2026-05-03 13:40:00.000,1200,111800,53acb8a23bf3760237000004,44.60000000000001,gametime
68af5992e679c40425be21d9,Houston Astros at Boston Red Sox,2026-05-03 13:35:00.000,6400,143000,5362ccf73bf37627c6000001,138.98000000000002,gametime
68af5a028f863e886de024ac,Toronto Blue Jays at Minnesota Twins,2026-05-03 11:45:00.000,1500,46400,538526c321efd33afb000005,11.520000000000008,gametime
68af5a6e60f33e20f906bb48,Chicago White Sox at San Diego Padres,2026-05-03 13:10:00.000,2800,201400,53692f0a3bf3760f90000001,28.436,gametime
68af5add3ec90eeb885ad66d,Cincinnati Reds at Pittsburgh Pirates (Kids Comic Book Giveaway),2026-05-03 13:35:00.000,3700,54100,538526c321efd33afb000002,21.76,gametime
68af5b703edac2b884b8c1bb,Cleveland Guardians at Athletics,2026-05-03 13:05:00.000,3500,184200,55313d1878fea568e6000001,0.0,gametime
68af5b8c630aca51717759bf,Atlanta Braves at Colorado Rockies,2026-05-03 13:10:00.000,2000,40700,53acb8a23bf3760237000006,193.232,gametime
68af4bbdbbe8a1f1686b5309,Atlanta Braves at Seattle Mariners,2026-05-04 18:40:00.000,1600,98200,538526c321efd33afb000001,16.0,gametime
68af4bbedf4544316a760854,Atlanta Braves at Seattle Mariners,2026-05-05 18:40:00.000,1500,97000,538526c321efd33afb000001,19.92,gametime
68af4c145a8fe92ebf9ae2bc,Athletics at Philadelphia Phillies,2026-05-05 18:40:00.000,2600,101500,539619523bf37601f6000001,36.36,gametime
68af4f2b504ca5fba8a2b07d,Toronto Blue Jays at Tampa Bay Rays,2026-05-04 18:40:00.000,1800,76100,54dcf29564f9620805000003,0.0,gametime
68af4f2c59c7d399737f24c8,Toronto Blue Jays at Tampa Bay Rays,2026-05-05 18:40:00.000,1600,109400,54dcf29564f9620805000003,0.0,gametime
68af52992a5f2a35418d41f3,Baltimore Orioles at New York Yankees,2026-05-04 19:05:00.000,1100,226900,5362ccf73bf37627c6000003,150.372,gametime
68af5299613b50d0d600ee5f,Texas Rangers at New York Yankees,2026-05-05 19:05:00.000,1000,131600,5362ccf73bf37627c6000003,75.20400000000001,gametime
68af53f57ac25ed1de5c9a48,San Diego Padres at San Francisco Giants,2026-05-05 18:45:00.000,2400,108400,52618c753bf3760b9c000004,61.18000000000001,gametime
68af53f6a87c28317e966045,San Diego Padres at San Francisco Giants,2026-05-04 18:45:00.000,2400,108400,52618c753bf3760b9c000004,123.85999999999996,gametime
68af54514c5847540d932ff9,Minnesota Twins at Washington Nationals,2026-05-05 18:45:00.000,1400,77400,5388f0613bf3761afd000002,15.8,gametime
68af54da515a42e3057fd8bc,Los Angeles Dodgers at Houston Astros,2026-05-04 19:10:00.000,4800,523900,53b30c243bf37646fb000002,225.676,gametime
68af54dcaf43d83c9b349abe,Los Angeles Dodgers at Houston Astros,2026-05-05 19:10:00.000,5300,88800,53b30c243bf37646fb000002,342.468,gametime
68af55474c5847540d933047,Chicago White Sox at Los Angeles Angels,2026-05-04 18:38:00.000,500,165800,533d97153bf3766542000001,16.328,gametime
68af5547ec76d2757005373f,Chicago White Sox at Los Angeles Angels,2026-05-05 18:38:00.000,700,165800,533d97153bf3766542000001,51.228,gametime
68af55fc6d6358b08448fb27,Pittsburgh Pirates at Arizona Diamondbacks,2026-05-05 18:40:00.000,2200,61900,538526c421efd33afb000006,80.29199999999999,gametime
68af567f613b50d0d600ef6a,Cleveland Guardians at Kansas City Royals (The Caglianone Blazin Bat Bobblehead Giveaway),2026-05-04 18:40:00.000,1100,108400,538526c321efd33afb000004,0.0,gametime
68af56803edac2b884b8c06b,Cleveland Guardians at Kansas City Royals,2026-05-05 18:40:00.000,1500,108400,538526c321efd33afb000004,0.0,gametime
68af56a8134a3cce602c9b27,Boston Red Sox at Detroit Tigers,2026-05-05 18:40:00.000,1100,61400,53c03a3b3bf37612c4000002,1.8000000000000005,gametime
68af56a86e994df60a6a20bb,Boston Red Sox at Detroit Tigers,2026-05-04 18:40:00.000,1400,61400,53c03a3b3bf37612c4000002,40.2,gametime
68af56a9b645abdd501f0c6c,Texas Rangers at Detroit Tigers,2026-05-03 19:20:00.000,1200,51700,53c03a3b3bf37612c4000002,65.23200000000001,gametime
68af58660322779c79d273fc,Cincinnati Reds at Chicago Cubs,2026-05-05 18:40:00.000,1700,59400,533d97153bf3766542000002,30.888000000000005,gametime
68af5866613b50d0d600efd5,Cincinnati Reds at Chicago Cubs,2026-05-04 18:40:00.000,1500,125600,533d97153bf3766542000002,61.484,gametime
68af592259c7d399737f27ca,Milwaukee Brewers at St. Louis Cardinals (Rescheduled from 5/5),2026-07-07 13:15:00.000,1000,0,54b5ab3b3bf3763f85000001,6.000000000000001,gametime
68af5922df4544316a760c62,Milwaukee Brewers at St. Louis Cardinals,2026-05-04 18:45:00.000,1000,232500,54b5ab3b3bf3763f85000001,9.6,gametime
68af59503ec90eeb885ad605,Baltimore Orioles at Miami Marlins,2026-05-05 18:40:00.000,1000,90600,53acb8a23bf3760237000004,4.2,gametime
68af59505a8fe92ebf9ae705,Philadelphia Phillies at Miami Marlins,2026-05-04 18:40:00.000,1100,90600,53acb8a23bf3760237000004,0.0,gametime
68af5b8d3ec90eeb885ad6a8,New York Mets at Colorado Rockies,2026-05-05 18:40:00.000,1400,39300,53acb8a23bf3760237000006,79.2,gametime
68af5b8ea87c28317e966219,New York Mets at Colorado Rockies,2026-05-04 18:40:00.000,1400,39300,53acb8a23bf3760237000006,3.2,gametime
68ae3a70a125fd2da24d34e4,Milwaukee Brewers at St. Louis Cardinals,2026-05-06 12:15:00.000,1100,232500,54b5ab3b3bf3763f85000001,11.6,gametime
68af4bbeceb30d39d5ba16b0,Atlanta Braves at Seattle Mariners,2026-05-06 13:10:00.000,1500,230700,538526c321efd33afb000001,0.0,gametime
68af4c13bf6276ee588dd534,Athletics at Philadelphia Phillies,2026-05-06 23:59:00.000,2600,162200,539619523bf37601f6000001,0.0,gametime
68af4f2c3a17d236cc372ad4,Toronto Blue Jays at Tampa Bay Rays,2026-05-06 13:10:00.000,1800,76100,54dcf29564f9620805000003,0.0,gametime
68af5299c2578edd67b473eb,Texas Rangers at New York Yankees,2026-05-06 19:05:00.000,1000,379100,5362ccf73bf37627c6000003,69.596,gametime
68af53f7486ac15b7e7f7203,San Diego Padres at San Francisco Giants,2026-05-06 12:45:00.000,3000,108400,52618c753bf3760b9c000004,37.888,gametime
68af5450f81960799e88fdf8,Minnesota Twins at Washington Nationals,2026-05-06 18:45:00.000,1400,77400,5388f0613bf3761afd000002,0.0,gametime
68af54da6d6358b08448faef,Los Angeles Dodgers at Houston Astros,2026-05-06 13:10:00.000,4200,231800,53b30c243bf37646fb000002,157.30400000000003,gametime
68af5548b645abdd501f0c21,Chicago White Sox at Los Angeles Angels,2026-05-06 13:07:00.000,700,165800,533d97153bf3766542000001,18.007999999999996,gametime
68af55ff0dcf1d7f796e5e9a,Pittsburgh Pirates at Arizona Diamondbacks,2026-05-06 18:40:00.000,2000,26900,538526c421efd33afb000006,34.267999999999994,gametime
68af56806d6358b08448fb43,Cleveland Guardians at Kansas City Royals,2026-05-06 18:40:00.000,1400,108400,538526c321efd33afb000004,0.0,gametime
68af56a831b0417b2a9d6135,Boston Red Sox at Detroit Tigers,2026-05-06 18:40:00.000,1100,61400,53c03a3b3bf37612c4000002,62.452,gametime
68af5866f2def3b1e914a37e,Cincinnati Reds at Chicago Cubs,2026-05-06 18:40:00.000,1400,65000,533d97153bf3766542000002,49.32,gametime
68af595059c7d399737f27d5,Baltimore Orioles at Miami Marlins,2026-05-06 18:40:00.000,1100,123900,53acb8a23bf3760237000004,0.0,gametime
68af5b8daf43d83c9b349c73,New York Mets at Colorado Rockies,2026-05-06 13:10:00.000,1200,39300,53acb8a23bf3760237000006,22.6,gametime
68ae37e9bf04442e8a72b088,Atlanta Braves at Los Angeles Dodgers,2026-05-08 19:10:00.000,10600,217400,5333a2763bf3767900000001,2101.496,gametime
68af4c143a17d236cc37298a,Athletics at Philadelphia Phillies,2026-05-07 18:40:00.000,3900,106200,539619523bf37601f6000001,43.81600000000001,gametime
68af4c14bf6276ee588dd535,Colorado Rockies at Philadelphia Phillies,2026-05-08 18:40:00.000,3600,62700,539619523bf37601f6000001,1037.736,gametime
68af4f6959c7d399737f24f1,Los Angeles Angels at Toronto Blue Jays (Trey Yesavage Jersey Giveaway),2026-05-08 19:07:00.000,5000,495100,55116f6864f9625eb3000001,869.332,gametime
68af526b0322779c79d2725d,Minnesota Twins at Cleveland Guardians,2026-05-08 19:15:00.000,3000,148500,53beec013bf376503f000002,128.88,gametime
68af5299f81960799e88fd62,Texas Rangers at New York Yankees,2026-05-07 12:35:00.000,1100,221100,5362ccf73bf37627c6000003,236.076,gametime
68af53ca0322779c79d272e3,New York Yankees at Milwaukee Brewers,2026-05-08 18:40:00.000,1600,233500,538526c321efd33afb000003,693.1319999999998,gametime
68af53f6aa4e56088378323c,Pittsburgh Pirates at San Francisco Giants,2026-05-08 19:15:00.000,4900,109400,52618c753bf3760b9c000004,1577.5920000000003,gametime
68af54516e994df60a6a2035,Minnesota Twins at Washington Nationals,2026-05-07 13:05:00.000,1400,77400,5388f0613bf3761afd000002,6.587999999999999,gametime
68af5482bbe8a1f1686b560d,Houston Astros at Cincinnati Reds (Oz Pearlman Postgame Show),2026-05-08 18:10:00.000,1000,141300,53beec013bf376503f000001,484.01200000000006,gametime
68af55bed0162bf797c0fc30,Chicago Cubs at Texas Rangers,2026-05-08 19:05:00.000,3000,125600,5d9f4ea483e7d2003a7aa81a,1213.0559999999998,gametime
68af55fea87c28317e9660bc,New York Mets at Arizona Diamondbacks,2026-05-08 18:40:00.000,2900,51700,538526c421efd33afb000006,674.8680000000002,gametime
68af55ff134a3cce602c9b0b,Pittsburgh Pirates at Arizona Diamondbacks,2026-05-07 12:40:00.000,2300,61900,538526c421efd33afb000006,25.888,gametime
68af5680247244404743fb87,"Detroit Tigers at Kansas City Royals (Rock, Paper, Scissors Bobblehead Giveaway)",2026-05-08 18:40:00.000,3300,140100,538526c321efd33afb000004,564.292,gametime
68af5680515a42e3057fd925,Cleveland Guardians at Kansas City Royals,2026-05-07 13:10:00.000,1300,108400,538526c321efd33afb000004,0.0,gametime
68af5866c814c51f4f8deaaa,Cincinnati Reds at Chicago Cubs,2026-05-07 13:20:00.000,1700,70900,533d97153bf3766542000002,50.95999999999999,gametime
68af586bbf6276ee588dd944,Seattle Mariners at Chicago White Sox,2026-05-08 18:40:00.000,1400,54400,5362ccf73bf37627c6000004,571.8240000000002,gametime
68af5950aa4e560883783396,Washington Nationals at Miami Marlins,2026-05-08 19:10:00.000,700,31100,53acb8a23bf3760237000004,260.976,gametime
68af5950f81960799e88ff2d,Baltimore Orioles at Miami Marlins,2026-05-07 18:40:00.000,1000,69500,53acb8a23bf3760237000004,0.0,gametime
68af5992134a3cce602c9bc6,Tampa Bay Rays at Boston Red Sox (Garrett Crochet Bobblehead Giveaway),2026-05-07 19:10:00.000,4100,130900,5362ccf73bf37627c6000001,80.91199999999998,gametime
68af59930322779c79d27438,Tampa Bay Rays at Boston Red Sox,2026-05-08 19:10:00.000,4000,132700,5362ccf73bf37627c6000001,1382.4840000000004,gametime
68af5a58bf6276ee588dd9bb,Athletics at Baltimore Orioles (Tupac Bobblehead Giveaway),2026-05-08 19:05:00.000,3000,51100,53bb068c3bf37624c3000004,1370.6,gametime
68af5a6d5a8fe92ebf9ae751,St. Louis Cardinals at San Diego Padres,2026-05-08 18:45:00.000,2900,413800,53692f0a3bf3760f90000001,2072.740000000001,gametime
68af5a6e486ac15b7e7f7374,St. Louis Cardinals at San Diego Padres (Mason Miller Bobblehead Giveaway),2026-05-07 19:10:00.000,4800,235800,53692f0a3bf3760f90000001,122.408,gametime
68ae37e9ee952d23f128d162,Atlanta Braves at Los Angeles Dodgers,2026-05-09 18:10:00.000,5900,208100,5333a2763bf3767900000001,1688.0800000000006,gametime
68af4c13ec76d2757005340a,Colorado Rockies at Philadelphia Phillies,2026-05-09 18:05:00.000,2200,47300,539619523bf37601f6000001,697.6800000000002,gametime
68af4f69afd35e5e7d64fe6e,Los Angeles Angels at Toronto Blue Jays,2026-05-09 15:07:00.000,7000,471600,55116f6864f9625eb3000001,508.992,gametime
68af526c486ac15b7e7f716f,Minnesota Twins at Cleveland Guardians (Kyle Manzardo Bobblehead Giveaway),2026-05-09 18:10:00.000,4000,148500,53beec013bf376503f000002,266.848,gametime
68af53cc7ac25ed1de5c9a40,New York Yankees at Milwaukee Brewers,2026-05-09 18:10:00.000,2400,122200,538526c321efd33afb000003,449.432,gametime
68af53f64c5847540d932fe8,Pittsburgh Pirates at San Francisco Giants (Youth Patch Hat Giveaway),2026-05-09 18:05:00.000,3000,78100,52618c753bf3760b9c000004,971.8000000000004,gametime
68af5484134a3cce602c9aaf,Houston Astros at Cincinnati Reds (STAR WARS Night Bobblehead featuring Grogu Giveaway),2026-05-09 16:10:00.000,1900,141300,53beec013bf376503f000001,368.136,gametime
68af55bdd0162bf797c0fc2d,Chicago Cubs at Texas Rangers,2026-05-09 18:05:00.000,3500,337900,5d9f4ea483e7d2003a7aa81a,822.376,gametime
68af55fc486ac15b7e7f7278,New York Mets at Arizona Diamondbacks,2026-05-09 16:15:00.000,3500,78100,538526c421efd33afb000006,461.848,gametime
68af5680e679c40425be211b,Detroit Tigers at Kansas City Royals (Nickelodeon Night Slime Jersey Giveaway),2026-05-09 18:10:00.000,2600,155700,538526c321efd33afb000004,217.488,gametime
68af586ab645abdd501f0cd2,Seattle Mariners at Chicago White Sox (Womens Athleisure Jacket Giveaway),2026-05-09 18:10:00.000,2300,51300,5362ccf73bf37627c6000004,641.2399999999998,gametime
68af59503a17d236cc372da8,Washington Nationals at Miami Marlins,2026-05-09 16:10:00.000,800,98900,53acb8a23bf3760237000004,153.92,gametime
68af5991515a42e3057fd9e6,Tampa Bay Rays at Boston Red Sox (Rescheduled from 5/9),2026-07-17 13:35:00.000,3900,0,5362ccf73bf37627c6000001,1107.364,gametime
68af5a58afd35e5e7d650184,Athletics at Baltimore Orioles (Nelly Postgame Concert),2026-05-09 16:05:00.000,2600,58200,53bb068c3bf37624c3000004,280.632,gametime
68af5a6d6e994df60a6a21a2,St. Louis Cardinals at San Diego Padres,2026-05-09 16:15:00.000,3000,264400,53692f0a3bf3760f90000001,1059.7120000000004,gametime
68af594f6e994df60a6a215f,Washington Nationals at Miami Marlins,2026-05-10 12:15:00.000,1100,30100,53acb8a23bf3760237000004,184.22000000000003,gametime
68ae37e9482a8fb034aef93a,Atlanta Braves at Los Angeles Dodgers,2026-05-10 13:10:00.000,6100,273000,5333a2763bf3767900000001,2430.307999999998,gametime
68ae37e94b71c468b2dde1d1,San Francisco Giants at Los Angeles Dodgers,2026-05-12 19:10:00.000,10100,0,5333a2763bf3767900000001,1459.8480000000002,gametime
68ae37e965171c377198a166,San Francisco Giants at Los Angeles Dodgers,2026-05-11 19:10:00.000,6000,292400,5333a2763bf3767900000001,1088.236,gametime
68af4c146d6358b08448f7ee,Colorado Rockies at Philadelphia Phillies,2026-05-10 13:35:00.000,5900,97200,539619523bf37601f6000001,1303.592,gametime
68af4f67bf6276ee588dd6a6,Los Angeles Angels at Toronto Blue Jays,2026-05-10 13:37:00.000,3100,440000,55116f6864f9625eb3000001,942.6839999999996,gametime
68af4f68504ca5fba8a2b0a8,Tampa Bay Rays at Toronto Blue Jays (T-Shirt Giveaway),2026-05-11 19:07:00.000,1700,0,55116f6864f9625eb3000001,388.756,gametime
68af4f698f863e886de02212,Tampa Bay Rays at Toronto Blue Jays,2026-05-12 19:07:00.000,2200,471600,55116f6864f9625eb3000001,268.54799999999994,gametime
68af526a3edac2b884b8bf58,Los Angeles Angels at Cleveland Guardians,2026-05-12 18:10:00.000,2800,164200,53beec013bf376503f000002,0.0,gametime
68af526c3edac2b884b8bf5a,Los Angeles Angels at Cleveland Guardians,2026-05-11 18:10:00.000,2600,0,53beec013bf376503f000002,23.892,gametime
68af526cb645abdd501f0b3e,Minnesota Twins at Cleveland Guardians,2026-05-10 13:40:00.000,3000,164200,53beec013bf376503f000002,116.12,gametime
68af52963a17d236cc372c02,Detroit Tigers at New York Mets,2026-05-12 19:10:00.000,1100,0,5362ccf73bf37627c6000002,382.768,gametime
68af53cad0162bf797c0fbc3,New York Yankees at Milwaukee Brewers,2026-05-10 13:10:00.000,2200,77600,538526c321efd33afb000003,477.064,gametime
68af53cc0322779c79d272e5,San Diego Padres at Milwaukee Brewers,2026-05-12 18:40:00.000,1200,0,538526c321efd33afb000003,34.68400000000001,gametime
68af53f7b645abdd501f0bc4,Pittsburgh Pirates at San Francisco Giants (Quilted Tote Bag Giveaway),2026-05-10 13:05:00.000,4700,109400,52618c753bf3760b9c000004,1210.56,gametime
68af5484ab077556743aa105,Houston Astros at Cincinnati Reds,2026-05-10 13:40:00.000,1300,141300,53beec013bf376503f000001,268.964,gametime
68af548559c7d399737f26a2,Washington Nationals at Cincinnati Reds,2026-05-12 18:40:00.000,1800,78400,53beec013bf376503f000001,24.26,gametime
68af54da2a5f2a35418d42b9,Seattle Mariners at Houston Astros,2026-05-11 19:10:00.000,1100,0,53b30c243bf37646fb000002,236.176,gametime
68af54da4c5847540d93301d,Seattle Mariners at Houston Astros,2026-05-12 19:10:00.000,1300,337900,53b30c243bf37646fb000002,182.124,gametime
68af55bdceb30d39d5ba19f0,Arizona Diamondbacks at Texas Rangers,2026-05-12 19:05:00.000,1100,94200,5d9f4ea483e7d2003a7aa81a,113.00400000000002,gametime
68af55bddf4544316a760b99,Arizona Diamondbacks at Texas Rangers,2026-05-11 19:05:00.000,1200,0,5d9f4ea483e7d2003a7aa81a,95.78000000000002,gametime
68af55bf2b923320a728e972,Chicago Cubs at Texas Rangers,2026-05-10 13:35:00.000,3200,94200,5d9f4ea483e7d2003a7aa81a,791.884,gametime
68af55fe247244404743fb6d,New York Mets at Arizona Diamondbacks,2026-05-10 13:10:00.000,3600,125000,538526c421efd33afb000006,1032.492,gametime
68af56807ac25ed1de5c9aec,Detroit Tigers at Kansas City Royals,2026-05-10 18:20:00.000,1600,108900,538526c321efd33afb000004,254.93600000000004,gametime
68af586b1ca2cb21ee10d5dc,Seattle Mariners at Chicago White Sox,2026-05-10 13:10:00.000,1100,192800,5362ccf73bf37627c6000004,556.5399999999997,gametime
68af586b2a5f2a35418d4393,Kansas City Royals at Chicago White Sox,2026-05-12 18:40:00.000,1100,35900,5362ccf73bf37627c6000004,69.756,gametime
68af58eeafd35e5e7d650123,Chicago Cubs at Atlanta Braves,2026-05-12 19:15:00.000,2000,0,5876a1f7cde6626ebe0d3e87,406.224,gametime
68af5990247244404743fc2d,Tampa Bay Rays at Boston Red Sox,2026-05-10 13:35:00.000,3800,0,5362ccf73bf37627c6000001,1678.0679999999998,gametime
68af599231b0417b2a9d61ec,Philadelphia Phillies at Boston Red Sox,2026-05-12 18:45:00.000,3300,0,5362ccf73bf37627c6000001,298.59200000000004,gametime
68af5a03613b50d0d600f03f,Miami Marlins at Minnesota Twins,2026-05-12 18:40:00.000,1200,0,538526c321efd33afb000005,31.296,gametime
68af5a56515a42e3057fda1f,New York Yankees at Baltimore Orioles,2026-05-11 18:35:00.000,2600,0,53bb068c3bf37624c3000004,270.9400000000001,gametime
68af5a57afd35e5e7d650183,New York Yankees at Baltimore Orioles,2026-05-12 18:35:00.000,2500,0,53bb068c3bf37624c3000004,323.152,gametime
68af5a583a17d236cc372df0,Athletics at Baltimore Orioles (Denim Crab Cap Giveaway),2026-05-10 13:35:00.000,3200,59100,53bb068c3bf37624c3000004,525.36,gametime
68af5a6c6e994df60a6a21a1,St. Louis Cardinals at San Diego Padres,2026-05-10 13:10:00.000,1700,0,53692f0a3bf3760f90000001,1570.0200000000002,gametime
68af5add3edac2b884b8c190,Colorado Rockies at Pittsburgh Pirates,2026-05-12 18:40:00.000,3300,85500,538526c321efd33afb000002,43.55600000000001,gametime
68af5b70a87c28317e96620d,St. Louis Cardinals at Athletics,2026-05-12 18:40:00.000,2500,78600,55313d1878fea568e6000001,125.14,gametime
68af526ce679c40425be1ff1,Los Angeles Angels at Cleveland Guardians,2026-05-13 13:10:00.000,2700,148500,53beec013bf376503f000002,47.8,gametime
68af53cbf2def3b1e914a23c,San Diego Padres at Milwaukee Brewers,2026-05-13 18:40:00.000,1000,101200,538526c321efd33afb000003,52.124,gametime
68af54821ca2cb21ee10d4e8,Washington Nationals at Cincinnati Reds,2026-05-13 18:40:00.000,1100,141300,53beec013bf376503f000001,38.384,gametime
68af55bd3a17d236cc372ce2,Arizona Diamondbacks at Texas Rangers,2026-05-13 19:05:00.000,1100,93600,5d9f4ea483e7d2003a7aa81a,56.94799999999999,gametime
68af586bab077556743aa1f8,Kansas City Royals at Chicago White Sox,2026-05-13 18:40:00.000,900,31900,5362ccf73bf37627c6000004,55.644,gametime
68af5992aa4e5608837833a6,Philadelphia Phillies at Boston Red Sox,2026-05-13 18:45:00.000,4000,0,5362ccf73bf37627c6000001,157.524,gametime
68af5a036d6358b08448fbfe,Miami Marlins at Minnesota Twins,2026-05-13 18:40:00.000,600,0,538526c321efd33afb000005,0.0,gametime
68af5a57134a3cce602c9c09,New York Yankees at Baltimore Orioles,2026-05-13 18:35:00.000,2700,57200,53bb068c3bf37624c3000004,199.48,gametime
68af5adde679c40425be223c,Colorado Rockies at Pittsburgh Pirates,2026-05-13 18:40:00.000,2400,0,538526c321efd33afb000002,38.504000000000005,gametime
68af5b712a5f2a35418d445d,St. Louis Cardinals at Athletics,2026-05-13 18:40:00.000,2100,78600,55313d1878fea568e6000001,107.012,gametime
68ae37e90b18228b2c67bfa9,San Francisco Giants at Los Angeles Dodgers,2026-05-13 19:10:00.000,7500,241900,5333a2763bf3767900000001,625.8960000000001,gametime
68ae37e99ba6db6daaf486f0,San Francisco Giants at Los Angeles Dodgers,2026-05-14 19:10:00.000,6000,0,5333a2763bf3767900000001,523.42,gametime
68af4bbe134a3cce602c9809,San Diego Padres at Seattle Mariners (Hello Kitty Clear Crossbody Bag Giveaway),2026-05-15 18:40:00.000,3400,140000,538526c321efd33afb000001,449.9559999999999,gametime
68af4f670dcf1d7f796e5c82,Tampa Bay Rays at Toronto Blue Jays,2026-05-13 19:07:00.000,1600,112100,55116f6864f9625eb3000001,131.46800000000002,gametime
68af529474310d5e52b011b0,Detroit Tigers at New York Mets,2026-05-14 13:10:00.000,900,0,5362ccf73bf37627c6000002,191.45600000000005,gametime
68af529659c7d399737f25ff,Detroit Tigers at New York Mets,2026-05-13 19:10:00.000,1000,0,5362ccf73bf37627c6000002,194.38,gametime
68af53cbbbe8a1f1686b55ef,San Diego Padres at Milwaukee Brewers,2026-05-14 12:40:00.000,1100,101200,538526c321efd33afb000003,33.984,gametime
68af544f74310d5e52b01247,Baltimore Orioles at Washington Nationals (Hot Dog Hat Giveaway),2026-05-15 18:45:00.000,4300,62200,5388f0613bf3761afd000002,179.424,gametime
68af54840dcf1d7f796e5e39,Washington Nationals at Cincinnati Reds,2026-05-14 12:40:00.000,1200,0,53beec013bf376503f000001,2.112,gametime
68af54da0dcf1d7f796e5e48,Seattle Mariners at Houston Astros,2026-05-13 19:10:00.000,1100,0,53b30c243bf37646fb000002,172.35200000000003,gametime
68af54dbafd35e5e7d650010,Seattle Mariners at Houston Astros,2026-05-14 13:10:00.000,900,0,53b30c243bf37646fb000002,109.75199999999998,gametime
68af5549d0162bf797c0fc16,Los Angeles Dodgers at Los Angeles Angels,2026-05-15 18:38:00.000,6100,0,533d97153bf3766542000001,1180.804,gametime
68af56a759c7d399737f2738,Toronto Blue Jays at Detroit Tigers,2026-05-15 18:45:00.000,2900,78700,53c03a3b3bf37612c4000002,272.22400000000005,gametime
68af586b3ec90eeb885ad5db,Kansas City Royals at Chicago White Sox,2026-05-14 18:40:00.000,1000,38300,5362ccf73bf37627c6000004,36.032,gametime
68af586bd0162bf797c0fce3,Chicago Cubs at Chicago White Sox,2026-05-15 18:40:00.000,5200,0,5362ccf73bf37627c6000004,1842.1720000000005,gametime
68af58ee6d6358b08448fbc3,Chicago Cubs at Atlanta Braves,2026-05-13 19:15:00.000,1800,0,5876a1f7cde6626ebe0d3e87,420.508,gametime
68af58eee679c40425be21ae,Chicago Cubs at Atlanta Braves,2026-05-14 19:15:00.000,1700,0,5876a1f7cde6626ebe0d3e87,217.964,gametime
68af599174310d5e52b0136e,Philadelphia Phillies at Boston Red Sox,2026-05-14 18:45:00.000,4000,0,5362ccf73bf37627c6000001,206.272,gametime
68af5a03bf6276ee588dd9a2,Miami Marlins at Minnesota Twins,2026-05-14 12:40:00.000,900,0,538526c321efd33afb000005,0.0,gametime
68af5add134a3cce602c9c37,Colorado Rockies at Pittsburgh Pirates,2026-05-14 12:35:00.000,3000,0,538526c321efd33afb000002,47.752,gametime
68af5add6e994df60a6a21c1,Philadelphia Phillies at Pittsburgh Pirates,2026-05-15 18:40:00.000,3800,90900,538526c321efd33afb000002,165.836,gametime
68af5b72613b50d0d600f0b5,St. Louis Cardinals at Athletics,2026-05-14 12:05:00.000,1400,39300,55313d1878fea568e6000001,20.652000000000005,gametime
68af5b72ceb30d39d5ba1b5a,San Francisco Giants at Athletics,2026-05-15 18:40:00.000,6600,0,55313d1878fea568e6000001,242.09200000000004,gametime
68af5b8d61f7e1fa25848e28,Arizona Diamondbacks at Colorado Rockies,2026-05-15 18:40:00.000,2100,55800,53acb8a23bf3760237000006,246.20000000000005,gametime
68ae3a7003054090524d1039,Kansas City Royals at St. Louis Cardinals (Stan Musial Military Bobblehead Giveaway),2026-05-16 13:15:00.000,2900,0,54b5ab3b3bf3763f85000001,38.344,gametime
68ae3a71bf04442e8a72b1a6,Kansas City Royals at St. Louis Cardinals,2026-05-15 19:15:00.000,1500,233600,54b5ab3b3bf3763f85000001,189.6719999999999,gametime
68af4bbd0322779c79d26ff3,San Diego Padres at Seattle Mariners (Military Cap Giveaway),2026-05-16 16:15:00.000,4700,0,538526c321efd33afb000001,387.4,gametime
68af4f2c4c5847540d932e78,Miami Marlins at Tampa Bay Rays,2026-05-15 19:10:00.000,2100,0,54dcf29564f9620805000003,7.056,gametime
68af4f2cab077556743a9f3f,Miami Marlins at Tampa Bay Rays,2026-05-16 16:10:00.000,2900,0,54dcf29564f9620805000003,38.16,gametime
68af526aa87c28317e965fb3,Cincinnati Reds at Cleveland Guardians (Free Shirt Friday),2026-05-15 19:10:00.000,4200,0,53beec013bf376503f000002,61.6,gametime
68af526c0dcf1d7f796e5d7d,Cincinnati Reds at Cleveland Guardians (Rajai Davis 2016 Game 7 Bobblehead Giveaway),2026-05-16 18:10:00.000,4000,164200,53beec013bf376503f000002,122.8,gametime
68af5296f81960799e88fd5f,New York Yankees at New York Mets,2026-05-15 19:15:00.000,10300,0,5362ccf73bf37627c6000002,2603.612,gametime
68af5451a87c28317e966058,Baltimore Orioles at Washington Nationals (DC Sports Legend Bobblehead Giveaway),2026-05-16 16:05:00.000,4300,58300,5388f0613bf3761afd000002,165.856,gametime
68af54da1ca2cb21ee10d4f7,Texas Rangers at Houston Astros,2026-05-15 19:10:00.000,3700,0,53b30c243bf37646fb000002,417.54800000000006,gametime
68af54da504ca5fba8a2b252,Texas Rangers at Houston Astros,2026-05-16 18:10:00.000,3700,0,53b30c243bf37646fb000002,291.19199999999995,gametime
68af56aa630aca5171775893,Toronto Blue Jays at Detroit Tigers (Pink Jersey Giveaway),2026-05-16 13:10:00.000,4500,0,53c03a3b3bf37612c4000002,295.2240000000001,gametime
68af586bc95bdeed8553ef96,Chicago Cubs at Chicago White Sox,2026-05-16 18:10:00.000,6200,71500,5362ccf73bf37627c6000004,2258.784,gametime
68af58ed3ec90eeb885ad5f1,Boston Red Sox at Atlanta Braves,2026-05-15 19:15:00.000,4100,250300,5876a1f7cde6626ebe0d3e87,301.0799999999999,gametime
68af5a01134a3cce602c9bec,Milwaukee Brewers at Minnesota Twins,2026-05-15 19:10:00.000,2500,0,538526c321efd33afb000005,76.584,gametime
68af5a027ac25ed1de5c9ba3,Milwaukee Brewers at Minnesota Twins,2026-05-16 18:10:00.000,2600,0,538526c321efd33afb000005,192.48000000000005,gametime
68af5adcb645abdd501f0d6c,Philadelphia Phillies at Pittsburgh Pirates,2026-05-16 16:05:00.000,4000,0,538526c321efd33afb000002,199.83999999999995,gametime
68af5b8cab077556743aa2d4,Arizona Diamondbacks at Colorado Rockies (Hunter Goodman T-shirt Giveaway),2026-05-16 13:10:00.000,2200,0,53acb8a23bf3760237000006,158.34400000000002,gametime
68af5294ceb30d39d5ba18fd,New York Yankees at New York Mets,2026-05-16 19:15:00.000,12000,293800,5362ccf73bf37627c6000002,2187.196,gametime
68af55492a5f2a35418d42e2,Los Angeles Dodgers at Los Angeles Angels,2026-05-16 18:38:00.000,9000,0,533d97153bf3766542000001,942.304,gametime
68af58eea87c28317e966169,Boston Red Sox at Atlanta Braves,2026-05-16 19:15:00.000,4500,0,5876a1f7cde6626ebe0d3e87,378.568,gametime
68af5b72df4544316a760d0d,San Francisco Giants at Athletics (As Clear Crossbody Bag Giveaway),2026-05-16 18:40:00.000,7900,90900,55313d1878fea568e6000001,85.24000000000004,gametime
68af4f2d8f863e886de021f3,Miami Marlins at Tampa Bay Rays,2026-05-17 12:15:00.000,1800,74900,54dcf29564f9620805000003,0.0,gametime
68ae3a706bb39449b88b18d4,Kansas City Royals at St. Louis Cardinals (Cardinals Boat Tote with Charm Giveaway),2026-05-17 13:15:00.000,1300,0,54b5ab3b3bf3763f85000001,94.704,gametime
68ae3a71ee952d23f128d263,Pittsburgh Pirates at St. Louis Cardinals,2026-05-19 18:45:00.000,1000,0,54b5ab3b3bf3763f85000001,63.92000000000001,gametime
68af4bbc0322779c79d26ff2,Chicago White Sox at Seattle Mariners (Josh Naylor Bobblehead Giveaway),2026-05-19 18:40:00.000,1300,0,538526c321efd33afb000001,232.472,gametime
68af4bbe515a42e3057fd579,Chicago White Sox at Seattle Mariners (Josh Naylor Bobblehead Giveaway),2026-05-18 18:40:00.000,1300,0,538526c321efd33afb000001,161.30399999999997,gametime
68af4bbe61f7e1fa2584891f,San Diego Padres at Seattle Mariners,2026-05-17 16:20:00.000,2300,0,538526c321efd33afb000001,344.65599999999995,gametime
68af4c122b923320a728e603,Cincinnati Reds at Philadelphia Phillies,2026-05-19 18:40:00.000,2600,0,539619523bf37601f6000001,272.576,gametime
68af4c15630aca5171775531,Cincinnati Reds at Philadelphia Phillies,2026-05-18 18:40:00.000,3000,35700,539619523bf37601f6000001,243.872,gametime
68af4f2c3edac2b884b8be4b,Baltimore Orioles at Tampa Bay Rays,2026-05-18 18:40:00.000,1600,0,54dcf29564f9620805000003,0.0,gametime
68af4f2caa4e56088378306c,Baltimore Orioles at Tampa Bay Rays,2026-05-19 18:40:00.000,1600,39100,54dcf29564f9620805000003,41.13600000000001,gametime
68af526c2b923320a728e862,Cincinnati Reds at Cleveland Guardians,2026-05-17 13:40:00.000,3300,0,53beec013bf376503f000002,46.4,gametime
68af5296df4544316a760aa9,New York Yankees at New York Mets,2026-05-17 13:40:00.000,9400,285800,5362ccf73bf37627c6000002,1334.9520000000005,gametime
68af5297247244404743fa70,Toronto Blue Jays at New York Yankees,2026-05-19 19:05:00.000,1100,0,5362ccf73bf37627c6000003,275.58,gametime
68af529859c7d399737f2602,Toronto Blue Jays at New York Yankees,2026-05-18 19:05:00.000,1400,0,5362ccf73bf37627c6000003,393.16000000000014,gametime
68af544f486ac15b7e7f7217,Baltimore Orioles at Washington Nationals (Kids Novelty Sliding Mitt Giveaway),2026-05-17 13:35:00.000,2300,64400,5388f0613bf3761afd000002,89.264,gametime
68af54500dcf1d7f796e5e2b,New York Mets at Washington Nationals,2026-05-18 18:45:00.000,1400,0,5388f0613bf3761afd000002,64.20400000000001,gametime
68af5450af43d83c9b349a9f,New York Mets at Washington Nationals,2026-05-19 18:45:00.000,1400,0,5388f0613bf3761afd000002,32.036,gametime
68af54dd0322779c79d2731c,Texas Rangers at Houston Astros,2026-05-17 13:10:00.000,2100,0,53b30c243bf37646fb000002,223.88000000000005,gametime
68af5548630aca517177584c,Athletics at Los Angeles Angels,2026-05-18 18:38:00.000,500,0,533d97153bf3766542000001,63.320000000000014,gametime
68af5548bbe8a1f1686b564c,Los Angeles Dodgers at Los Angeles Angels,2026-05-17 13:07:00.000,6800,59000,533d97153bf3766542000001,707.9599999999999,gametime
68af55497ac25ed1de5c9aa5,Athletics at Los Angeles Angels,2026-05-19 18:38:00.000,600,83200,533d97153bf3766542000001,87.20800000000001,gametime
68af55fe3edac2b884b8c053,San Francisco Giants at Arizona Diamondbacks,2026-05-19 18:40:00.000,2600,0,538526c421efd33afb000006,49.804,gametime
68af55febbe8a1f1686b5683,San Francisco Giants at Arizona Diamondbacks,2026-05-18 18:40:00.000,2500,0,538526c421efd33afb000006,120.088,gametime
68af55ff3edac2b884b8c054,San Francisco Giants at Arizona Diamondbacks,2026-05-20 12:40:00.000,2400,62400,538526c421efd33afb000006,41.9,gametime
68af5680613b50d0d600ef6b,Boston Red Sox at Kansas City Royals (Lights Out Lucas Bobblehead Giveaway),2026-05-18 18:40:00.000,2100,0,538526c321efd33afb000004,24.944,gametime
68af5680c2578edd67b4750b,Boston Red Sox at Kansas City Royals,2026-05-19 18:40:00.000,1400,0,538526c321efd33afb000004,15.6,gametime
68af56a7630aca5171775891,Cleveland Guardians at Detroit Tigers,2026-05-18 18:40:00.000,1000,0,53c03a3b3bf37612c4000002,67.452,gametime
68af56a8a87c28317e9660ec,Toronto Blue Jays at Detroit Tigers,2026-05-17 13:40:00.000,3300,93200,53c03a3b3bf37612c4000002,307.368,gametime
68af56a9af43d83c9b349b2d,Cleveland Guardians at Detroit Tigers,2026-05-19 18:40:00.000,1100,0,53c03a3b3bf37612c4000002,28.112,gametime
68af58662a5f2a35418d4391,Milwaukee Brewers at Chicago Cubs,2026-05-18 18:40:00.000,2700,155700,533d97153bf3766542000002,377.736,gametime
68af5866b645abdd501f0ccf,Milwaukee Brewers at Chicago Cubs,2026-05-19 18:40:00.000,2100,0,533d97153bf3766542000002,446.5760000000002,gametime
68af586baa4e560883783367,Chicago Cubs at Chicago White Sox,2026-05-17 13:10:00.000,5800,81800,5362ccf73bf37627c6000004,781.452,gametime
68af58ee515a42e3057fd9c2,Boston Red Sox at Atlanta Braves,2026-05-17 13:35:00.000,3200,0,5876a1f7cde6626ebe0d3e87,195.0,gametime
68af594f134a3cce602c9bb1,Atlanta Braves at Miami Marlins,2026-05-19 16:10:00.000,900,0,53acb8a23bf3760237000004,45.776,gametime
68af594fc814c51f4f8deae2,Atlanta Braves at Miami Marlins,2026-05-18 18:40:00.000,900,74300,53acb8a23bf3760237000004,31.248000000000005,gametime
68af5a010dcf1d7f796e5f81,Milwaukee Brewers at Minnesota Twins,2026-05-17 13:10:00.000,2600,0,538526c321efd33afb000005,68.88400000000001,gametime
68af5a01486ac15b7e7f734c,Houston Astros at Minnesota Twins,2026-05-19 18:40:00.000,1400,0,538526c321efd33afb000005,0.0,gametime
68af5a01bbe8a1f1686b5767,Houston Astros at Minnesota Twins,2026-05-18 18:40:00.000,1300,0,538526c321efd33afb000005,1.972,gametime
68af5a03ab077556743aa24c,Houston Astros at Minnesota Twins,2026-05-20 12:40:00.000,1300,0,538526c321efd33afb000005,2.048,gametime
68af5a6e1ca2cb21ee10d652,Los Angeles Dodgers at San Diego Padres,2026-05-19 18:40:00.000,6800,0,53692f0a3bf3760f90000001,562.252,gametime
68af5a6eec76d2757005384e,Los Angeles Dodgers at San Diego Padres,2026-05-18 18:40:00.000,7000,687300,53692f0a3bf3760f90000001,483.68400000000014,gametime
68af5addaa4e560883783410,Philadelphia Phillies at Pittsburgh Pirates (Kids Jersey Giveaway),2026-05-17 13:35:00.000,4200,0,538526c321efd33afb000002,70.42,gametime
68af5b7259c7d399737f2884,San Francisco Giants at Athletics,2026-05-17 13:05:00.000,7200,0,55313d1878fea568e6000001,189.49200000000005,gametime
68af5b8e5a8fe92ebf9ae7a0,Texas Rangers at Colorado Rockies,2026-05-18 18:40:00.000,1700,0,53acb8a23bf3760237000006,46.0,gametime
68af5b8e6e994df60a6a21ec,Texas Rangers at Colorado Rockies,2026-05-19 18:40:00.000,1200,0,53acb8a23bf3760237000006,18.28,gametime
68af5b8f2a5f2a35418d4468,Arizona Diamondbacks at Colorado Rockies,2026-05-17 13:10:00.000,2300,0,53acb8a23bf3760237000006,147.71200000000002,gametime
68ae3a7022884d28cd78fda5,Pittsburgh Pirates at St. Louis Cardinals,2026-05-21 12:15:00.000,1100,0,54b5ab3b3bf3763f85000001,7.8,gametime
68ae3a70b527156a953fbea9,Pittsburgh Pirates at St. Louis Cardinals,2026-05-20 18:45:00.000,1000,0,54b5ab3b3bf3763f85000001,78.95999999999998,gametime
68af4bbe6e994df60a6a1d57,Chicago White Sox at Seattle Mariners,2026-05-20 13:10:00.000,900,0,538526c321efd33afb000001,157.028,gametime
68af4c123ec90eeb885ad1cd,Cincinnati Reds at Philadelphia Phillies,2026-05-20 13:05:00.000,3100,0,539619523bf37601f6000001,128.036,gametime
68af4f2daa4e56088378306e,Baltimore Orioles at Tampa Bay Rays,2026-05-20 13:10:00.000,1600,0,54dcf29564f9620805000003,3.7760000000000007,gametime
68af52983a17d236cc372c05,Toronto Blue Jays at New York Yankees (Cap Night),2026-05-21 19:05:00.000,1900,0,5362ccf73bf37627c6000003,437.79200000000014,gametime
68af52983ec90eeb885ad45e,Toronto Blue Jays at New York Yankees,2026-05-20 19:05:00.000,800,0,5362ccf73bf37627c6000003,173.124,gametime
68af544fec76d275700536f4,New York Mets at Washington Nationals,2026-05-20 18:45:00.000,1600,52900,5388f0613bf3761afd000002,32.736000000000004,gametime
68af5450bf6276ee588dd83a,New York Mets at Washington Nationals,2026-05-21 16:05:00.000,1700,0,5388f0613bf3761afd000002,30.368,gametime
68af554860f33e20f906ba2b,Athletics at Los Angeles Angels,2026-05-21 18:38:00.000,700,0,533d97153bf3766542000001,59.888000000000005,gametime
68af5548ceb30d39d5ba19d0,Athletics at Los Angeles Angels,2026-05-20 18:38:00.000,700,0,533d97153bf3766542000001,93.664,gametime
68af55fe2a5f2a35418d4304,Colorado Rockies at Arizona Diamondbacks,2026-05-21 18:40:00.000,2300,0,538526c421efd33afb000006,40.79600000000002,gametime
68af5680df4544316a760bb8,Boston Red Sox at Kansas City Royals,2026-05-20 18:40:00.000,1800,0,538526c321efd33afb000004,0.0,gametime
68af56a73ec90eeb885ad56c,Cleveland Guardians at Detroit Tigers,2026-05-21 13:10:00.000,1200,0,53c03a3b3bf37612c4000002,51.024000000000015,gametime
68af56a761f7e1fa25848ce0,Cleveland Guardians at Detroit Tigers,2026-05-20 23:59:00.000,1000,0,53c03a3b3bf37612c4000002,47.072,gametime
68af5866a87c28317e96614d,Milwaukee Brewers at Chicago Cubs,2026-05-20 18:40:00.000,3000,0,533d97153bf3766542000002,301.40399999999994,gametime
68af594f3edac2b884b8c116,Atlanta Braves at Miami Marlins,2026-05-21 18:40:00.000,1000,78900,53acb8a23bf3760237000004,8.4,gametime
68af5950ceb30d39d5ba1aad,Atlanta Braves at Miami Marlins,2026-05-20 18:40:00.000,1000,0,53acb8a23bf3760237000004,16.46,gametime
68af5a6e0dcf1d7f796e5faa,Los Angeles Dodgers at San Diego Padres,2026-05-20 17:40:00.000,6400,0,53692f0a3bf3760f90000001,481.9440000000001,gametime
68af5b8dbf6276ee588dda25,Texas Rangers at Colorado Rockies,2026-05-20 13:10:00.000,1200,85900,53acb8a23bf3760237000006,37.6,gametime
68af4c13c814c51f4f8de6da,Cleveland Guardians at Philadelphia Phillies (Cristopher Sanchez Bobble Figurine Giveaway),2026-05-22 18:40:00.000,5400,23300,539619523bf37601f6000001,202.77200000000005,gametime
68af4c1574310d5e52b00f3c,Cleveland Guardians at Philadelphia Phillies (NEEDTOBREATHE Postgame Concert),2026-05-23 16:05:00.000,4300,46500,539619523bf37601f6000001,141.344,gametime
68af4f674c5847540d932e98,Pittsburgh Pirates at Toronto Blue Jays,2026-05-23 15:07:00.000,4700,0,55116f6864f9625eb3000001,109.288,gametime
68af4f683ec90eeb885ad348,Pittsburgh Pirates at Toronto Blue Jays (Bautista and Encarnacion Bobblehead Giveaway),2026-05-22 19:07:00.000,3500,471600,55116f6864f9625eb3000001,145.184,gametime
68af52983edac2b884b8bf70,Tampa Bay Rays at New York Yankees (Rescheduled from 5/23),2026-09-22 13:05:00.000,1100,100700,5362ccf73bf37627c6000003,220.952,gametime
68af52986d6358b08448fa57,Tampa Bay Rays at New York Yankees (Giancarlo Stanton Basketball Jersey Night),2026-05-22 19:05:00.000,3000,0,5362ccf73bf37627c6000003,693.08,gametime
68af53ca3edac2b884b8bfd5,Los Angeles Dodgers at Milwaukee Brewers,2026-05-22 18:40:00.000,2500,0,538526c321efd33afb000003,39.984,gametime
68af53ca5a8fe92ebf9ae5a5,Los Angeles Dodgers at Milwaukee Brewers,2026-05-23 18:15:00.000,3900,0,538526c321efd33afb000003,43.12799999999999,gametime
68af53f6b645abdd501f0bc3,Chicago White Sox at San Francisco Giants (Chain Hat Giveaway),2026-05-23 13:05:00.000,4400,0,52618c753bf3760b9c000004,309.324,gametime
68af53f7e679c40425be2083,Chicago White Sox at San Francisco Giants,2026-05-22 19:15:00.000,4100,0,52618c753bf3760b9c000004,80.17999999999999,gametime
68af5482486ac15b7e7f7223,St. Louis Cardinals at Cincinnati Reds,2026-05-22 18:40:00.000,2100,0,53beec013bf376503f000001,0.0,gametime
68af554861f7e1fa25848c90,Texas Rangers at Los Angeles Angels (Camo Trucker Hat Giveaway),2026-05-22 18:38:00.000,1200,66500,533d97153bf3766542000001,129.49200000000002,gametime
68af55fcec76d2757005375a,Colorado Rockies at Arizona Diamondbacks,2026-05-22 18:40:00.000,2900,0,538526c421efd33afb000006,23.504,gametime
68af5680561870a68b989444,Seattle Mariners at Kansas City Royals,2026-05-22 18:40:00.000,2900,0,538526c321efd33afb000004,0.0,gametime
68af5680ec76d27570053774,Seattle Mariners at Kansas City Royals (Royal-Tees Giveaway),2026-05-23 15:10:00.000,3400,0,538526c321efd33afb000004,63.688,gametime
68af5866630aca51717758e6,Houston Astros at Chicago Cubs,2026-05-23 13:20:00.000,6600,0,533d97153bf3766542000002,579.22,gametime
68af58666e994df60a6a212f,Houston Astros at Chicago Cubs,2026-05-22 13:20:00.000,4000,0,533d97153bf3766542000002,338.9,gametime
68af58ed7ac25ed1de5c9b62,Washington Nationals at Atlanta Braves,2026-05-22 19:15:00.000,2700,0,5876a1f7cde6626ebe0d3e87,107.03600000000002,gametime
68af58eef2def3b1e914a3a3,Washington Nationals at Atlanta Braves,2026-05-23 16:10:00.000,3100,0,5876a1f7cde6626ebe0d3e87,149.60800000000003,gametime
68af5950561870a68b9894d4,New York Mets at Miami Marlins,2026-05-22 19:10:00.000,1700,123300,53acb8a23bf3760237000004,56.156,gametime
68af59507ac25ed1de5c9b78,New York Mets at Miami Marlins,2026-05-23 16:10:00.000,2900,0,53acb8a23bf3760237000004,23.832,gametime
68af59936e994df60a6a216c,Minnesota Twins at Boston Red Sox (Roger Clemens Bobblehead Giveaway),2026-05-22 19:10:00.000,5500,0,5362ccf73bf37627c6000001,321.3519999999999,gametime
68af5993e679c40425be21da,Minnesota Twins at Boston Red Sox,2026-05-23 16:10:00.000,6800,132700,5362ccf73bf37627c6000001,143.85600000000002,gametime
68af5a573a17d236cc372ded,Detroit Tigers at Baltimore Orioles,2026-05-22 19:15:00.000,1900,0,53bb068c3bf37624c3000004,6.800000000000001,gametime
68af5a583ec90eeb885ad64d,Detroit Tigers at Baltimore Orioles (Samuel Basallo Bobblehead Giveaway),2026-05-23 16:05:00.000,3100,0,53bb068c3bf37624c3000004,89.544,gametime
68af5a6c2a5f2a35418d4406,Athletics at San Diego Padres,2026-05-22 18:40:00.000,3200,441600,53692f0a3bf3760f90000001,148.29199999999997,gametime
68af5a6e6d6358b08448fc27,Athletics at San Diego Padres,2026-05-23 18:40:00.000,4400,140700,53692f0a3bf3760f90000001,85.84400000000001,gametime
68af4c12561870a68b9890fa,Cleveland Guardians at Philadelphia Phillies (Phanatic Childrens Book Giveaway),2026-05-24 13:35:00.000,3600,18800,539619523bf37601f6000001,325.472,gametime
68af4f684c5847540d932e9a,Pittsburgh Pirates at Toronto Blue Jays,2026-05-24 12:15:00.000,3600,0,55116f6864f9625eb3000001,41.55200000000002,gametime
68af52984c5847540d932f76,Tampa Bay Rays at New York Yankees,2026-05-24 13:35:00.000,3000,0,5362ccf73bf37627c6000003,562.084,gametime
68af53ca59c7d399737f2676,Los Angeles Dodgers at Milwaukee Brewers,2026-05-24 13:10:00.000,3000,0,538526c321efd33afb000003,9.28,gametime
68af53f76d6358b08448fac8,Chicago White Sox at San Francisco Giants (Star Wars Grogu Bobblehead Giveaway),2026-05-24 13:05:00.000,5700,0,52618c753bf3760b9c000004,230.284,gametime
68af5483df4544316a760b54,St. Louis Cardinals at Cincinnati Reds (Rescheduled from 5/24),2026-08-17 13:40:00.000,900,64800,53beec013bf376503f000001,49.86,gametime
68af5484afd35e5e7d650004,St. Louis Cardinals at Cincinnati Reds (KeBryan Hayes Gold Glove Bobblehead Giveaway),2026-05-23 19:15:00.000,2600,0,53beec013bf376503f000001,140.984,gametime
68af5547e679c40425be20d0,Texas Rangers at Los Angeles Angels,2026-05-24 16:20:00.000,800,0,533d97153bf3766542000001,36.336,gametime
68af55482b923320a728e95e,Texas Rangers at Los Angeles Angels,2026-05-23 19:05:00.000,800,0,533d97153bf3766542000001,64.852,gametime
68af55fcdf4544316a760ba3,Colorado Rockies at Arizona Diamondbacks,2026-05-23 19:10:00.000,4200,0,538526c421efd33afb000006,16.944,gametime
68af55fd3a17d236cc372cee,Colorado Rockies at Arizona Diamondbacks,2026-05-24 13:10:00.000,3400,0,538526c421efd33afb000006,57.59999999999999,gametime
68af5680b645abdd501f0c65,Seattle Mariners at Kansas City Royals,2026-05-24 13:10:00.000,2100,0,538526c321efd33afb000004,25.144,gametime
68af586674310d5e52b0133c,Houston Astros at Chicago Cubs (Ryne Sandberg Bobblehead),2026-05-24 13:20:00.000,7500,0,533d97153bf3766542000002,555.8439999999999,gametime
68af58f0ab077556743aa211,Washington Nationals at Atlanta Braves,2026-05-24 16:10:00.000,2700,0,5876a1f7cde6626ebe0d3e87,85.31199999999998,gametime
68af5950613b50d0d600f00d,New York Mets at Miami Marlins,2026-05-24 13:40:00.000,2200,0,53acb8a23bf3760237000004,21.0,gametime
68af59917ac25ed1de5c9b85,Minnesota Twins at Boston Red Sox,2026-05-24 13:35:00.000,6500,0,5362ccf73bf37627c6000001,191.2,gametime
68af5a56bbe8a1f1686b5780,Detroit Tigers at Baltimore Orioles,2026-05-24 13:35:00.000,2800,0,53bb068c3bf37624c3000004,23.2,gametime
68af5a6e74310d5e52b013b1,Athletics at San Diego Padres,2026-05-24 13:10:00.000,3300,0,53692f0a3bf3760f90000001,61.85600000000001,gametime
68af5293561870a68b989324,Cincinnati Reds at New York Mets,2026-05-25 16:10:00.000,1400,80100,5362ccf73bf37627c6000002,82.03600000000002,gametime
68af53cb4c5847540d932fdf,St. Louis Cardinals at Milwaukee Brewers,2026-05-25 13:10:00.000,3000,0,538526c321efd33afb000003,11.032000000000004,gametime
68af53f674310d5e52b01238,Arizona Diamondbacks at San Francisco Giants,2026-05-25 14:05:00.000,2700,0,52618c753bf3760b9c000004,58.972,gametime
68af567f31b0417b2a9d612a,New York Yankees at Kansas City Royals (Stainless Steel Splash Cup Giveaway),2026-05-25 14:40:00.000,4600,0,538526c321efd33afb000004,0.0,gametime
68af586b3a17d236cc372d71,Minnesota Twins at Chicago White Sox (Chase Meidroth Bobblehead Giveaway),2026-05-25 13:10:00.000,1800,0,5362ccf73bf37627c6000004,84.02399999999999,gametime
68af5a56247244404743fc66,Tampa Bay Rays at Baltimore Orioles (Maryland Replica Jersey Giveaway),2026-05-25 13:35:00.000,2400,0,53bb068c3bf37624c3000004,116.6,gametime
68af5a6eab077556743aa270,Philadelphia Phillies at San Diego Padres,2026-05-25 15:40:00.000,3100,0,53692f0a3bf3760f90000001,180.592,gametime
68ae37ea5d12b4e5a2d14715,Colorado Rockies at Los Angeles Dodgers,2026-05-25 18:10:00.000,6400,0,5333a2763bf3767900000001,169.80799999999996,gametime
68af4f68a87c28317e965ebb,Miami Marlins at Toronto Blue Jays,2026-05-25 19:07:00.000,2400,0,55116f6864f9625eb3000001,69.22000000000003,gametime
68af526bec76d27570053650,Washington Nationals at Cleveland Guardians,2026-05-26 18:10:00.000,3000,0,53beec013bf376503f000002,3.0000000000000004,gametime
68af526cec76d27570053652,Washington Nationals at Cleveland Guardians (City Connect Plush Blanket Giveaway),2026-05-25 18:10:00.000,3100,0,53beec013bf376503f000002,22.0,gametime
68af53cc3a17d236cc372c77,St. Louis Cardinals at Milwaukee Brewers,2026-05-26 18:40:00.000,1100,0,538526c321efd33afb000003,19.960000000000004,gametime
68af53f7c814c51f4f8de9ba,Arizona Diamondbacks at San Francisco Giants,2026-05-26 18:45:00.000,2100,0,52618c753bf3760b9c000004,49.23199999999999,gametime
68af55bd61f7e1fa25848caa,Houston Astros at Texas Rangers,2026-05-26 19:05:00.000,1600,57800,5d9f4ea483e7d2003a7aa81a,8.456000000000001,gametime
68af55bf1ca2cb21ee10d542,Houston Astros at Texas Rangers,2026-05-25 18:05:00.000,3100,68000,5d9f4ea483e7d2003a7aa81a,121.72800000000008,gametime
68af5680bf6276ee588dd8bd,New York Yankees at Kansas City Royals (The Pasquatch Bobblehead Giveaway),2026-05-26 18:40:00.000,3300,0,538526c321efd33afb000004,148.43200000000002,gametime
68af56a92a5f2a35418d432d,Los Angeles Angels at Detroit Tigers,2026-05-26 18:40:00.000,700,0,53c03a3b3bf37612c4000002,44.620000000000005,gametime
68af586a4c5847540d933100,Minnesota Twins at Chicago White Sox,2026-05-26 18:40:00.000,1500,0,5362ccf73bf37627c6000004,13.855999999999998,gametime
68af5991c2578edd67b475cd,Atlanta Braves at Boston Red Sox,2026-05-26 18:45:00.000,3700,0,5362ccf73bf37627c6000001,52.112,gametime
68af5a576e994df60a6a219c,Tampa Bay Rays at Baltimore Orioles,2026-05-26 18:35:00.000,1100,0,53bb068c3bf37624c3000004,8.171999999999997,gametime
68af5a6ebbe8a1f1686b5786,Philadelphia Phillies at San Diego Padres (Patriotic Aloha Shirt Giveaway),2026-05-26 23:59:00.000,4100,0,53692f0a3bf3760f90000001,161.148,gametime
68af5adc2b923320a728eaa2,Chicago Cubs at Pittsburgh Pirates,2026-05-26 18:40:00.000,3600,0,538526c321efd33afb000002,7.963999999999999,gametime
68af5addc95bdeed8553f04a,Chicago Cubs at Pittsburgh Pirates,2026-05-25 18:40:00.000,3600,0,538526c321efd33afb000002,0.0,gametime
68af5b720dcf1d7f796e5ffb,Seattle Mariners at Athletics,2026-05-26 18:40:00.000,3900,0,55313d1878fea568e6000001,0.0,gametime
68af5b723ec90eeb885ad6a1,Seattle Mariners at Athletics,2026-05-25 18:40:00.000,3900,0,55313d1878fea568e6000001,6.6,gametime
68ae37ea94002e2aa3a06c87,Colorado Rockies at Los Angeles Dodgers,2026-05-26 19:10:00.000,6700,0,5333a2763bf3767900000001,82.79200000000002,gametime
68af4f68ab077556743a9f70,Miami Marlins at Toronto Blue Jays,2026-05-26 19:07:00.000,2500,0,55116f6864f9625eb3000001,100.43200000000002,gametime
68af4f69c2578edd67b472cf,Miami Marlins at Toronto Blue Jays,2026-05-27 13:07:00.000,2700,0,55116f6864f9625eb3000001,154.88,gametime
68af526c60f33e20f906b942,Washington Nationals at Cleveland Guardians,2026-05-27 13:10:00.000,3000,0,53beec013bf376503f000002,0.0,gametime
68af5294504ca5fba8a2b19c,Cincinnati Reds at New York Mets,2026-05-26 19:10:00.000,1400,0,5362ccf73bf37627c6000002,77.72000000000001,gametime
68af53cb2b923320a728e8f2,St. Louis Cardinals at Milwaukee Brewers,2026-05-27 12:40:00.000,1300,0,538526c321efd33afb000003,16.212000000000014,gametime
68af53f62b923320a728e8fb,Arizona Diamondbacks at San Francisco Giants,2026-05-27 12:45:00.000,1900,0,52618c753bf3760b9c000004,36.408,gametime
68af567f0322779c79d27387,New York Yankees at Kansas City Royals,2026-05-27 18:40:00.000,2900,0,538526c321efd33afb000004,72.048,gametime
68af56aa5a8fe92ebf9ae666,Los Angeles Angels at Detroit Tigers,2026-05-27 18:40:00.000,900,0,53c03a3b3bf37612c4000002,50.344,gametime
68af586b561870a68b9894a8,Minnesota Twins at Chicago White Sox,2026-05-27 18:40:00.000,1400,55700,5362ccf73bf37627c6000004,0.0,gametime
68af5991f81960799e88ff3f,Atlanta Braves at Boston Red Sox,2026-05-27 18:45:00.000,3800,0,5362ccf73bf37627c6000001,15.6,gametime
68af5a562b923320a728ea7f,Tampa Bay Rays at Baltimore Orioles,2026-05-27 18:35:00.000,1400,0,53bb068c3bf37624c3000004,10.0,gametime
68af5a6cb645abdd501f0d48,Philadelphia Phillies at San Diego Padres,2026-05-27 13:10:00.000,1700,0,53692f0a3bf3760f90000001,32.032,gametime
68af5adcd0162bf797c0fda2,Chicago Cubs at Pittsburgh Pirates,2026-05-27 18:40:00.000,3500,0,538526c321efd33afb000002,63.62799999999999,gametime
68af5b72247244404743fcba,Seattle Mariners at Athletics,2026-05-27 12:05:00.000,3100,0,55313d1878fea568e6000001,0.0,gametime
68ae37ea6e125862f5e22992,Colorado Rockies at Los Angeles Dodgers,2026-05-27 19:10:00.000,9300,0,5333a2763bf3767900000001,166.99200000000002,gametime
68af52958f863e886de022f1,Cincinnati Reds at New York Mets,2026-05-27 19:10:00.000,1200,0,5362ccf73bf37627c6000002,11.32,gametime
68af544f3edac2b884b8bfec,San Diego Padres at Washington Nationals (Taio Cruz Postgame Concert),2026-05-29 18:45:00.000,2000,0,5388f0613bf3761afd000002,31.048,gametime
68af54832b923320a728e914,Atlanta Braves at Cincinnati Reds,2026-05-29 18:40:00.000,2600,189600,53beec013bf376503f000001,16.608000000000004,gametime
68af55bdaf43d83c9b349b00,Houston Astros at Texas Rangers,2026-05-28 19:05:00.000,2400,0,5d9f4ea483e7d2003a7aa81a,63.47200000000001,gametime
68af55bef2def3b1e914a2d9,Houston Astros at Texas Rangers,2026-05-27 19:05:00.000,1700,62800,5d9f4ea483e7d2003a7aa81a,26.064,gametime
68af56a77ac25ed1de5c9aef,Los Angeles Angels at Detroit Tigers,2026-05-28 13:10:00.000,800,0,53c03a3b3bf37612c4000002,24.224000000000004,gametime
68af586ac2578edd67b47587,Detroit Tigers at Chicago White Sox,2026-05-29 18:40:00.000,1500,40000,5362ccf73bf37627c6000004,149.132,gametime
68af586bf81960799e88fef5,Minnesota Twins at Chicago White Sox,2026-05-28 13:10:00.000,1200,0,5362ccf73bf37627c6000004,1.6840000000000002,gametime
68af5991df4544316a760c7f,Atlanta Braves at Boston Red Sox,2026-05-28 16:10:00.000,4200,0,5362ccf73bf37627c6000001,69.60000000000001,gametime
68af5a5631b0417b2a9d6229,Toronto Blue Jays at Baltimore Orioles,2026-05-28 18:35:00.000,1500,0,53bb068c3bf37624c3000004,0.0,gametime
68af5adc61f7e1fa25848df2,Minnesota Twins at Pittsburgh Pirates,2026-05-29 18:45:00.000,3000,0,538526c321efd33afb000002,28.791999999999994,gametime
68af5addceb30d39d5ba1b30,Chicago Cubs at Pittsburgh Pirates,2026-05-28 18:40:00.000,3800,0,538526c321efd33afb000002,14.360000000000005,gametime
68af5b71b645abdd501f0d9a,New York Yankees at Athletics,2026-05-29 18:40:00.000,7200,0,55313d1878fea568e6000001,0.0,gametime
68af5b8df2def3b1e914a486,San Francisco Giants at Colorado Rockies,2026-05-29 18:40:00.000,1700,0,53acb8a23bf3760237000006,80.56800000000001,gametime
68ae37ea6bb39449b88b17d1,Philadelphia Phillies at Los Angeles Dodgers,2026-05-29 19:15:00.000,7700,0,5333a2763bf3767900000001,150.488,gametime
68ae3a703efaa7538b7289de,Chicago Cubs at St. Louis Cardinals,2026-05-30 18:15:00.000,4800,0,54b5ab3b3bf3763f85000001,100.8,gametime
68ae3a719e67e4c9dcc84c9f,Chicago Cubs at St. Louis Cardinals (Jordan Davis Postgame Concert),2026-05-29 18:15:00.000,3900,0,54b5ab3b3bf3763f85000001,189.8,gametime
68af4bbd630aca5171775528,Arizona Diamondbacks at Seattle Mariners,2026-05-29 19:10:00.000,2800,0,538526c321efd33afb000001,99.984,gametime
68af4f2c2a5f2a35418d40cc,Los Angeles Angels at Tampa Bay Rays (Cole Swindell Postgame Concert),2026-05-30 16:10:00.000,3900,0,54dcf29564f9620805000003,10.551999999999998,gametime
68af4f2cc2578edd67b472a9,Los Angeles Angels at Tampa Bay Rays,2026-05-29 19:10:00.000,2500,0,54dcf29564f9620805000003,8.639999999999997,gametime
68af526bab077556743aa052,Boston Red Sox at Cleveland Guardians,2026-05-29 19:10:00.000,4200,0,53beec013bf376503f000002,56.0,gametime
68af526d8f863e886de022dd,Boston Red Sox at Cleveland Guardians (Austin Hedges Jersey Giveaway),2026-05-30 16:10:00.000,3700,0,53beec013bf376503f000002,27.200000000000003,gametime
68af5295aa4e5608837831b0,Miami Marlins at New York Mets,2026-05-29 19:10:00.000,1600,79100,5362ccf73bf37627c6000002,43.784000000000006,gametime
68af5295c814c51f4f8de945,Miami Marlins at New York Mets,2026-05-30 16:10:00.000,2400,0,5362ccf73bf37627c6000002,26.64,gametime
68af544fa87c28317e966057,San Diego Padres at Washington Nationals (CJ Abrams Baseball Card Bobblehead Giveaway),2026-05-30 16:05:00.000,2100,67600,5388f0613bf3761afd000002,31.396,gametime
68af54dd5a8fe92ebf9ae5ec,Milwaukee Brewers at Houston Astros,2026-05-30 15:10:00.000,2500,0,53b30c243bf37646fb000002,124.97200000000008,gametime
68af54dd8f863e886de02382,Milwaukee Brewers at Houston Astros,2026-05-29 19:10:00.000,2500,561200,53b30c243bf37646fb000002,107.82800000000002,gametime
68af55bd561870a68b98941c,Kansas City Royals at Texas Rangers,2026-05-29 19:05:00.000,5100,0,5d9f4ea483e7d2003a7aa81a,122.512,gametime
68af55be504ca5fba8a2b292,Kansas City Royals at Texas Rangers,2026-05-30 15:05:00.000,2800,62800,5d9f4ea483e7d2003a7aa81a,191.08000000000004,gametime
68af586aec76d275700537e6,Detroit Tigers at Chicago White Sox (Kyle Teel and Edgar Quero Bobblehead Giveaway),2026-05-30 13:10:00.000,2100,0,5362ccf73bf37627c6000004,162.516,gametime
68af5a561ca2cb21ee10d64c,Toronto Blue Jays at Baltimore Orioles (Jordan Westburg Star Wars Bobblehead Giveaway),2026-05-30 16:05:00.000,2500,0,53bb068c3bf37624c3000004,0.0,gametime
68af5a57630aca5171775963,Toronto Blue Jays at Baltimore Orioles,2026-05-29 19:05:00.000,2200,0,53bb068c3bf37624c3000004,0.0,gametime
68af5ada8f863e886de024ea,Minnesota Twins at Pittsburgh Pirates,2026-05-30 16:05:00.000,3700,0,538526c321efd33afb000002,0.0,gametime
68af5b71c95bdeed8553f07e,New York Yankees at Athletics (Beach Towel Giveaway),2026-05-30 19:05:00.000,8600,198800,55313d1878fea568e6000001,0.0,gametime
68ae37e929ea71cb5f3b783f,Philadelphia Phillies at Los Angeles Dodgers,2026-05-30 19:10:00.000,8800,0,5333a2763bf3767900000001,232.376,gametime
68ae37e97a56cb3178de4f65,Philadelphia Phillies at Los Angeles Dodgers,2026-05-31 13:10:00.000,5700,0,5333a2763bf3767900000001,98.312,gametime
68ae3a71b0c13f009d5c9169,Chicago Cubs at St. Louis Cardinals,2026-05-31 18:20:00.000,2300,94000,54b5ab3b3bf3763f85000001,46.4,gametime
68af4bbc4c5847540d932d36,New York Mets at Seattle Mariners,2026-06-02 18:40:00.000,2200,0,538526c321efd33afb000001,34.376000000000005,gametime
68af4bbd4c5847540d932d37,New York Mets at Seattle Mariners,2026-06-01 18:40:00.000,2300,0,538526c321efd33afb000001,95.072,gametime
68af4bbe3a17d236cc37297f,Arizona Diamondbacks at Seattle Mariners (90s Pin Giveaway),2026-05-31 13:10:00.000,2700,0,538526c321efd33afb000001,38.400000000000006,gametime
68af4bbeafd35e5e7d64fcf0,Arizona Diamondbacks at Seattle Mariners (Julio Rodriguez 90s Jersey Giveaway),2026-05-30 19:10:00.000,3400,154800,538526c321efd33afb000001,86.17200000000001,gametime
68af4c14515a42e3057fd585,San Diego Padres at Philadelphia Phillies,2026-06-02 18:40:00.000,3700,0,539619523bf37601f6000001,60.94800000000001,gametime
68af4f2d59c7d399737f24c9,Detroit Tigers at Tampa Bay Rays,2026-06-01 18:40:00.000,2000,0,54dcf29564f9620805000003,0.0,gametime
68af4f2daa4e56088378306d,Detroit Tigers at Tampa Bay Rays,2026-06-02 18:40:00.000,1900,0,54dcf29564f9620805000003,0.0,gametime
68af4f2df81960799e88fc3b,Los Angeles Angels at Tampa Bay Rays,2026-05-31 13:40:00.000,2400,0,54dcf29564f9620805000003,0.0,gametime
68af526a6d6358b08448fa3f,Boston Red Sox at Cleveland Guardians,2026-05-31 13:40:00.000,3200,0,53beec013bf376503f000002,0.0,gametime
68af52942b923320a728e877,Miami Marlins at New York Mets,2026-05-31 13:40:00.000,2100,0,5362ccf73bf37627c6000002,73.96400000000001,gametime
68af53cc59c7d399737f2678,San Francisco Giants at Milwaukee Brewers,2026-06-01 18:40:00.000,1100,0,538526c321efd33afb000003,0.0,gametime
68af53cc59c7d399737f2679,San Francisco Giants at Milwaukee Brewers,2026-06-02 18:40:00.000,1300,0,538526c321efd33afb000003,10.72,gametime
68af544e0dcf1d7f796e5e2a,Miami Marlins at Washington Nationals,2026-06-01 18:45:00.000,1300,0,5388f0613bf3761afd000002,0.0,gametime
68af544f3ec90eeb885ad4e0,San Diego Padres at Washington Nationals (Kids Racing Presidents Hat Giveaway),2026-05-31 13:35:00.000,1400,57400,5388f0613bf3761afd000002,21.056,gametime
68af544fc2578edd67b47481,Miami Marlins at Washington Nationals,2026-06-02 18:45:00.000,1300,44700,5388f0613bf3761afd000002,5.008000000000002,gametime
68af54833a17d236cc372c98,Atlanta Braves at Cincinnati Reds (Spencer Steer Baseball Card Bobblehead Giveaway),2026-05-30 19:15:00.000,2100,0,53beec013bf376503f000001,10.063999999999998,gametime
68af54843ec90eeb885ad4f0,Kansas City Royals at Cincinnati Reds,2026-06-01 19:10:00.000,1300,189600,53beec013bf376503f000001,0.0,gametime
68af548461f7e1fa25848c5b,Atlanta Braves at Cincinnati Reds,2026-05-31 13:40:00.000,2100,0,53beec013bf376503f000001,136.53199999999998,gametime
68af54dc561870a68b9893e6,Milwaukee Brewers at Houston Astros,2026-05-31 13:10:00.000,1900,0,53b30c243bf37646fb000002,110.28000000000004,gametime
68af554731b0417b2a9d60e3,Colorado Rockies at Los Angeles Angels (City Connect Cooler Tote Giveaway),2026-06-01 18:38:00.000,800,49700,533d97153bf3766542000001,100.52800000000002,gametime
68af55480dcf1d7f796e5e69,Colorado Rockies at Los Angeles Angels,2026-06-02 18:38:00.000,700,49700,533d97153bf3766542000001,4.304000000000001,gametime
68af55bfc95bdeed8553eefb,Kansas City Royals at Texas Rangers,2026-05-31 13:35:00.000,2200,62800,5d9f4ea483e7d2003a7aa81a,75.94399999999999,gametime
68af55fd486ac15b7e7f7279,Los Angeles Dodgers at Arizona Diamondbacks,2026-06-02 18:40:00.000,4400,0,538526c421efd33afb000006,39.08,gametime
68af55fddf4544316a760ba5,Los Angeles Dodgers at Arizona Diamondbacks,2026-06-01 18:40:00.000,4800,56200,538526c421efd33afb000006,178.24399999999997,gametime
68af57d55a8fe92ebf9ae6c1,New York Yankees at Athletics,2026-05-31 13:05:00.000,7200,0,55313d1878fea568e6000001,0.0,gametime
68af586bafd35e5e7d650101,Detroit Tigers at Chicago White Sox,2026-05-31 13:10:00.000,1300,0,5362ccf73bf37627c6000004,69.848,gametime
68af59223a17d236cc372d9a,Texas Rangers at St. Louis Cardinals,2026-06-01 18:45:00.000,1400,0,54b5ab3b3bf3763f85000001,21.224000000000004,gametime
68af592261f7e1fa25848d72,Texas Rangers at St. Louis Cardinals,2026-06-02 18:45:00.000,1100,0,54b5ab3b3bf3763f85000001,6.000000000000001,gametime
68af599159c7d399737f27e5,Baltimore Orioles at Boston Red Sox,2026-06-02 18:45:00.000,3300,291700,5362ccf73bf37627c6000001,72.36000000000001,gametime
68af5a02aa4e5608837833c2,Chicago White Sox at Minnesota Twins,2026-06-01 18:40:00.000,1900,0,538526c321efd33afb000005,0.0,gametime
68af5a02bf6276ee588dd9a1,Chicago White Sox at Minnesota Twins,2026-06-02 18:40:00.000,2000,0,538526c321efd33afb000005,0.0,gametime
68af5a56561870a68b98950b,Toronto Blue Jays at Baltimore Orioles (Star Wars Kids Poster Giveaway),2026-05-31 12:15:00.000,2500,0,53bb068c3bf37624c3000004,51.32400000000003,gametime
68af5adb0322779c79d27481,Minnesota Twins at Pittsburgh Pirates (Kids Trading Cards Giveaway),2026-05-31 13:35:00.000,3700,0,538526c321efd33afb000002,9.416000000000002,gametime
68af5b8c486ac15b7e7f73cc,San Francisco Giants at Colorado Rockies,2026-05-30 19:10:00.000,2100,0,53acb8a23bf3760237000006,78.4,gametime
68af5b8e31b0417b2a9d627f,San Francisco Giants at Colorado Rockies,2026-05-31 13:10:00.000,1800,0,53acb8a23bf3760237000006,43.6,gametime
68af4bbe561870a68b9890ed,New York Mets at Seattle Mariners,2026-06-03 12:40:00.000,2300,0,538526c321efd33afb000001,69.752,gametime
68af4c12afd35e5e7d64fcf8,San Diego Padres at Philadelphia Phillies,2026-06-04 23:59:00.000,3100,0,539619523bf37601f6000001,49.52000000000001,gametime
68af4c13ec76d27570053409,San Diego Padres at Philadelphia Phillies,2026-06-03 18:40:00.000,3800,27000,539619523bf37601f6000001,58.70400000000001,gametime
68af4f2d8f863e886de021f4,Detroit Tigers at Tampa Bay Rays,2026-06-03 13:10:00.000,2900,0,54dcf29564f9620805000003,0.0,gametime
68af52972b923320a728e87b,Cleveland Guardians at New York Yankees,2026-06-03 19:05:00.000,1500,0,5362ccf73bf37627c6000003,153.332,gametime
68af5297561870a68b989327,Cleveland Guardians at New York Yankees,2026-06-04 13:35:00.000,1500,0,5362ccf73bf37627c6000003,32.008,gametime
68af52981ca2cb21ee10d453,Cleveland Guardians at New York Yankees,2026-06-02 19:05:00.000,1700,0,5362ccf73bf37627c6000003,202.03600000000003,gametime
68af53cabf6276ee588dd821,San Francisco Giants at Milwaukee Brewers,2026-06-04 13:10:00.000,1300,0,538526c321efd33afb000003,0.0,gametime
68af53cc504ca5fba8a2b215,San Francisco Giants at Milwaukee Brewers,2026-06-03 18:40:00.000,1000,279000,538526c321efd33afb000003,28.84000000000001,gametime
68af544e74310d5e52b01246,Miami Marlins at Washington Nationals,2026-06-03 13:05:00.000,1300,0,5388f0613bf3761afd000002,17.432000000000002,gametime
68af5483e679c40425be209a,Kansas City Royals at Cincinnati Reds,2026-06-03 23:59:00.000,1500,0,53beec013bf376503f000001,0.0,gametime
68af5484c95bdeed8553eeab,Kansas City Royals at Cincinnati Reds,2026-06-02 23:59:00.000,1500,0,53beec013bf376503f000001,0.0,gametime
68af54dac2578edd67b474a6,Pittsburgh Pirates at Houston Astros,2026-06-02 19:10:00.000,1500,0,53b30c243bf37646fb000002,13.384000000000004,gametime
68af54dcb645abdd501f0bfe,Pittsburgh Pirates at Houston Astros,2026-06-03 19:10:00.000,1300,0,53b30c243bf37646fb000002,8.600000000000001,gametime
68af54dcec76d27570053718,Pittsburgh Pirates at Houston Astros,2026-06-04 19:10:00.000,1800,0,53b30c243bf37646fb000002,5.776,gametime
68af5549ceb30d39d5ba19d2,Colorado Rockies at Los Angeles Angels,2026-06-03 18:38:00.000,700,0,533d97153bf3766542000001,3.7120000000000006,gametime
68af55fdbbe8a1f1686b5682,Los Angeles Dodgers at Arizona Diamondbacks,2026-06-03 18:40:00.000,4500,0,538526c421efd33afb000006,33.66400000000001,gametime
68af55fff2def3b1e914a2e9,Los Angeles Dodgers at Arizona Diamondbacks,2026-06-04 18:40:00.000,5000,0,538526c421efd33afb000006,122.736,gametime
68af5866ab077556743aa1f4,Athletics at Chicago Cubs,2026-06-02 19:05:00.000,2500,113600,533d97153bf3766542000002,96.664,gametime
68af5866ceb30d39d5ba1a7c,Athletics at Chicago Cubs,2026-06-03 19:05:00.000,2400,0,533d97153bf3766542000002,36.916,gametime
68af5866e679c40425be218e,Athletics at Chicago Cubs,2026-06-04 19:05:00.000,2500,0,533d97153bf3766542000002,104.488,gametime
68af58edaf43d83c9b349bb0,Toronto Blue Jays at Atlanta Braves,2026-06-04 19:15:00.000,1800,0,5876a1f7cde6626ebe0d3e87,35.51999999999998,gametime
68af58ef59c7d399737f27bd,Toronto Blue Jays at Atlanta Braves,2026-06-02 19:15:00.000,1900,0,5876a1f7cde6626ebe0d3e87,58.48400000000001,gametime
68af58efbf6276ee588dd959,Toronto Blue Jays at Atlanta Braves,2026-06-03 19:15:00.000,1800,0,5876a1f7cde6626ebe0d3e87,33.90000000000001,gametime
68af5922630aca517177590e,Texas Rangers at St. Louis Cardinals,2026-06-03 18:45:00.000,1100,91800,54b5ab3b3bf3763f85000001,0.0,gametime
68af5990c814c51f4f8deaf5,Baltimore Orioles at Boston Red Sox,2026-06-04 13:35:00.000,5700,0,5362ccf73bf37627c6000001,0.0,gametime
68af59913a17d236cc372db5,Baltimore Orioles at Boston Red Sox,2026-06-03 18:45:00.000,3700,0,5362ccf73bf37627c6000001,4.847999999999999,gametime
68af5a01ab077556743aa24a,Chicago White Sox at Minnesota Twins,2026-06-03 12:40:00.000,1800,0,538526c321efd33afb000005,0.0,gametime
68af5a02515a42e3057fda00,Kansas City Royals at Minnesota Twins,2026-06-04 18:40:00.000,2600,0,538526c321efd33afb000005,11.160000000000002,gametime
68af4c15df4544316a760865,Chicago White Sox at Philadelphia Phillies (Miller Lite Phillies Floppy Hat Giveaway),2026-06-05 18:40:00.000,6500,113800,539619523bf37601f6000001,131.99999999999997,gametime
68af55fe4c5847540d933068,Washington Nationals at Arizona Diamondbacks,2026-06-05 18:40:00.000,2800,0,538526c421efd33afb000006,18.9,gametime
68af56a8504ca5fba8a2b2c4,Seattle Mariners at Detroit Tigers,2026-06-05 18:40:00.000,2400,0,53c03a3b3bf37612c4000002,15.0,gametime
68af58683a17d236cc372d70,San Francisco Giants at Chicago Cubs,2026-06-05 13:20:00.000,5400,0,533d97153bf3766542000002,253.556,gametime
68af5a6cf2def3b1e914a40e,New York Mets at San Diego Padres,2026-06-05 18:40:00.000,3700,0,53692f0a3bf3760f90000001,150.64,gametime
68af5b8e561870a68b98955d,Milwaukee Brewers at Colorado Rockies (City Connect Hat Giveaway),2026-06-05 18:40:00.000,1700,0,53acb8a23bf3760237000006,84.20000000000002,gametime
68af4c156d6358b08448f7ef,Chicago White Sox at Philadelphia Phillies,2026-06-06 16:05:00.000,6500,0,539619523bf37601f6000001,14.832000000000004,gametime
68af4f680322779c79d27145,Baltimore Orioles at Toronto Blue Jays,2026-06-05 19:07:00.000,2800,0,55116f6864f9625eb3000001,91.04800000000004,gametime
68af4f68134a3cce602c9943,Baltimore Orioles at Toronto Blue Jays,2026-06-06 15:07:00.000,4300,0,55116f6864f9625eb3000001,85.53999999999996,gametime
68af5299ab077556743aa06f,Boston Red Sox at New York Yankees,2026-06-05 19:05:00.000,6600,0,5362ccf73bf37627c6000003,241.5240000000001,gametime
68af54da74310d5e52b01266,Athletics at Houston Astros,2026-06-05 19:10:00.000,2600,0,53b30c243bf37646fb000002,54.12399999999999,gametime
68af54dc515a42e3057fd8bd,Athletics at Houston Astros,2026-06-06 15:10:00.000,2600,0,53b30c243bf37646fb000002,41.58,gametime
68af5543ceb30d39d5ba19cb,Los Angeles Angels at Los Angeles Dodgers,2026-06-05 19:10:00.000,8300,0,5333a2763bf3767900000001,90.2,gametime
68af55be0322779c79d27367,Cleveland Guardians at Texas Rangers,2026-06-05 19:05:00.000,1900,0,5d9f4ea483e7d2003a7aa81a,12.448000000000002,gametime
68af55fe8f863e886de023c9,Washington Nationals at Arizona Diamondbacks,2026-06-06 13:10:00.000,3600,0,538526c421efd33afb000006,0.0,gametime
68af56a83edac2b884b8c072,Seattle Mariners at Detroit Tigers,2026-06-06 13:10:00.000,2500,0,53c03a3b3bf37612c4000002,0.0,gametime
68af5867bf6276ee588dd941,San Francisco Giants at Chicago Cubs,2026-06-06 13:20:00.000,8200,122000,533d97153bf3766542000002,206.968,gametime
68af58ed247244404743fc01,Pittsburgh Pirates at Atlanta Braves,2026-06-05 19:15:00.000,3600,0,5876a1f7cde6626ebe0d3e87,34.944,gametime
68af58ef61f7e1fa25848d67,Pittsburgh Pirates at Atlanta Braves,2026-06-06 16:10:00.000,3300,0,5876a1f7cde6626ebe0d3e87,188.04400000000004,gametime
68af59223ec90eeb885ad5fa,Cincinnati Reds at St. Louis Cardinals (Cardinals Bucket Hat Giveaway),2026-06-05 19:15:00.000,1600,0,54b5ab3b3bf3763f85000001,10.400000000000002,gametime
68af5922ceb30d39d5ba1aa2,Cincinnati Reds at St. Louis Cardinals (Jim Edmonds Bobblehead Giveaway),2026-06-06 13:15:00.000,2100,0,54b5ab3b3bf3763f85000001,56.6,gametime
68af594ed0162bf797c0fd14,Tampa Bay Rays at Miami Marlins,2026-06-06 16:10:00.000,1700,0,53acb8a23bf3760237000004,0.0,gametime
68af59502b923320a728ea3a,Tampa Bay Rays at Miami Marlins,2026-06-05 19:10:00.000,1600,48800,53acb8a23bf3760237000004,0.0,gametime
68af5a0261f7e1fa25848dae,Kansas City Royals at Minnesota Twins,2026-06-06 13:10:00.000,2200,0,538526c321efd33afb000005,0.0,gametime
68af5a037ac25ed1de5c9ba4,Kansas City Royals at Minnesota Twins,2026-06-05 19:15:00.000,1700,0,538526c321efd33afb000005,0.0,gametime
68ae37e952d625f46c216ce9,Los Angeles Angels at Los Angeles Dodgers,2026-06-06 19:10:00.000,9200,0,5333a2763bf3767900000001,83.4,gametime
68af5296ec76d27570053662,"Boston Red Sox at New York Yankees (Military Appreciation Night - Red, White, and Blue Yankees Shirt Giveaway) (Rescheduled from 6/6/2026)",2026-08-29 13:05:00.000,7300,0,5362ccf73bf37627c6000003,2247.564,gametime
68af55bee679c40425be20ef,Cleveland Guardians at Texas Rangers,2026-06-06 18:35:00.000,2700,0,5d9f4ea483e7d2003a7aa81a,76.58400000000002,gametime
68af5a6c134a3cce602c9c12,New York Mets at San Diego Padres,2026-06-06 19:10:00.000,3700,0,53692f0a3bf3760f90000001,34.152,gametime
68af5b8edf4544316a760d1a,Milwaukee Brewers at Colorado Rockies,2026-06-06 19:10:00.000,2200,0,53acb8a23bf3760237000006,25.52,gametime
68ae37e8bf04442e8a72b086,Los Angeles Angels at Los Angeles Dodgers,2026-06-07 13:10:00.000,6600,0,5333a2763bf3767900000001,67.328,gametime
68af4c15b645abdd501f08e5,Chicago White Sox at Philadelphia Phillies,2026-06-07 13:35:00.000,5400,0,539619523bf37601f6000001,25.6,gametime
68af4f2b630aca5171775662,Boston Red Sox at Tampa Bay Rays,2026-06-10 13:10:00.000,3900,0,54dcf29564f9620805000003,0.0,gametime
68af4f2d5a8fe92ebf9ae409,Boston Red Sox at Tampa Bay Rays,2026-06-08 12:00:00.000,3500,0,54dcf29564f9620805000003,0.0,gametime
68af4f2e247244404743f943,Boston Red Sox at Tampa Bay Rays,2026-06-09 18:40:00.000,3100,131900,54dcf29564f9620805000003,17.455999999999996,gametime
68af4f675a8fe92ebf9ae434,Philadelphia Phillies at Toronto Blue Jays (Roy Halladay Jersey Giveaway),2026-06-08 19:07:00.000,3300,0,55116f6864f9625eb3000001,22.512,gametime
68af4f67df4544316a7609b2,Philadelphia Phillies at Toronto Blue Jays,2026-06-09 19:07:00.000,2400,440000,55116f6864f9625eb3000001,0.0,gametime
68af4f6af81960799e88fc6a,Baltimore Orioles at Toronto Blue Jays,2026-06-07 13:37:00.000,3700,0,55116f6864f9625eb3000001,15.208000000000004,gametime
68af526ad0162bf797c0fb35,New York Yankees at Cleveland Guardians,2026-06-09 18:40:00.000,3800,400400,53beec013bf376503f000002,0.0,gametime
68af526b60f33e20f906b941,New York Yankees at Cleveland Guardians,2026-06-08 18:40:00.000,4300,0,53beec013bf376503f000002,0.0,gametime
68af526baf43d83c9b3499e1,New York Yankees at Cleveland Guardians,2026-06-10 13:10:00.000,3900,0,53beec013bf376503f000002,23.2,gametime
68af5295bbe8a1f1686b5588,St. Louis Cardinals at New York Mets,2026-06-09 19:10:00.000,2000,256000,5362ccf73bf37627c6000002,28.864,gametime
68af5297aa4e5608837831b5,Boston Red Sox at New York Yankees,2026-06-07 13:35:00.000,7000,0,5362ccf73bf37627c6000003,57.216,gametime
68af53f60dcf1d7f796e5e1b,Washington Nationals at San Francisco Giants,2026-06-10 12:45:00.000,2700,0,52618c753bf3760b9c000004,0.0,gametime
68af53f6c95bdeed8553ee88,Washington Nationals at San Francisco Giants,2026-06-09 18:45:00.000,2200,0,52618c753bf3760b9c000004,6.800000000000001,gametime
68af53f7f2def3b1e914a246,Washington Nationals at San Francisco Giants,2026-06-08 18:45:00.000,2500,0,52618c753bf3760b9c000004,81.21600000000001,gametime
68af54ddc95bdeed8553eebb,Athletics at Houston Astros,2026-06-07 13:10:00.000,1900,0,53b30c243bf37646fb000002,0.0,gametime
68af5548c95bdeed8553eeda,Houston Astros at Los Angeles Angels (Yusei Kikuchi Bobblehead Giveaway),2026-06-08 18:38:00.000,1500,0,533d97153bf3766542000001,43.740000000000016,gametime
68af554974310d5e52b01290,Houston Astros at Los Angeles Angels,2026-06-09 18:38:00.000,800,83200,533d97153bf3766542000001,0.0,gametime
68af55be134a3cce602c9afe,Cleveland Guardians at Texas Rangers,2026-06-07 13:35:00.000,2300,0,5d9f4ea483e7d2003a7aa81a,0.0,gametime
68af55fe6e994df60a6a208f,Washington Nationals at Arizona Diamondbacks,2026-06-07 12:15:00.000,2400,0,538526c421efd33afb000006,0.0,gametime
68af5680630aca517177588a,Texas Rangers at Kansas City Royals,2026-06-09 18:40:00.000,1800,641700,538526c321efd33afb000004,28.104000000000006,gametime
68af56a8afd35e5e7d650092,Seattle Mariners at Detroit Tigers,2026-06-07 13:40:00.000,1900,0,53c03a3b3bf37612c4000002,66.68,gametime
68af56a93ec90eeb885ad56e,Minnesota Twins at Detroit Tigers,2026-06-09 18:40:00.000,1000,0,53c03a3b3bf37612c4000002,9.2,gametime
68af586761f7e1fa25848d49,San Francisco Giants at Chicago Cubs (Wrigley Field Replica Ballpark Giveaway),2026-06-07 19:20:00.000,5000,0,533d97153bf3766542000002,178.89600000000002,gametime
68af586af2def3b1e914a382,Atlanta Braves at Chicago White Sox,2026-06-09 18:40:00.000,1400,79600,5362ccf73bf37627c6000004,60.352,gametime
68af58ed74310d5e52b01350,Pittsburgh Pirates at Atlanta Braves,2026-06-07 13:35:00.000,2200,0,5876a1f7cde6626ebe0d3e87,42.984,gametime
68af5922d0162bf797c0fd0b,Cincinnati Reds at St. Louis Cardinals (Kids Rawlings Baseball Glove Giveaway),2026-06-07 13:15:00.000,1400,42400,54b5ab3b3bf3763f85000001,13.4,gametime
68af594d613b50d0d600f00b,Tampa Bay Rays at Miami Marlins,2026-06-07 13:40:00.000,1700,0,53acb8a23bf3760237000004,0.0,gametime
68af594e561870a68b9894d3,Arizona Diamondbacks at Miami Marlins,2026-06-09 18:40:00.000,1200,46800,53acb8a23bf3760237000004,10.8,gametime
68af5a00f2def3b1e914a3e7,Kansas City Royals at Minnesota Twins,2026-06-07 13:10:00.000,2000,0,538526c321efd33afb000005,0.0,gametime
68af5a57247244404743fc67,Seattle Mariners at Baltimore Orioles,2026-06-08 18:35:00.000,1500,0,53bb068c3bf37624c3000004,10.812,gametime
68af5a5761f7e1fa25848dc6,Seattle Mariners at Baltimore Orioles,2026-06-09 18:35:00.000,1700,114800,53bb068c3bf37624c3000004,0.0,gametime
68af5a6cab077556743aa26d,New York Mets at San Diego Padres,2026-06-07 13:10:00.000,2900,207800,53692f0a3bf3760f90000001,67.82400000000001,gametime
68af5a6dafd35e5e7d650189,Cincinnati Reds at San Diego Padres,2026-06-08 18:40:00.000,1800,0,53692f0a3bf3760f90000001,23.816000000000003,gametime
68af5a6df2def3b1e914a40f,Cincinnati Reds at San Diego Padres,2026-06-10 13:10:00.000,1700,0,53692f0a3bf3760f90000001,15.416,gametime
68af5a6e561870a68b989510,Cincinnati Reds at San Diego Padres (Bogey Goes Boom Bobblehead Giveaway),2026-06-09 18:40:00.000,3200,203300,53692f0a3bf3760f90000001,60.500000000000014,gametime
68af5addb645abdd501f0d6d,Los Angeles Dodgers at Pittsburgh Pirates,2026-06-09 18:40:00.000,4000,122100,538526c321efd33afb000002,4.696000000000001,gametime
68af5b8ef81960799e88ffce,Milwaukee Brewers at Colorado Rockies (Dinger Bobblehead Giveaway),2026-06-07 13:10:00.000,1900,0,53acb8a23bf3760237000006,83.4,gametime
68af5b8f74310d5e52b01414,Chicago Cubs at Colorado Rockies,2026-06-09 18:40:00.000,2200,41100,53acb8a23bf3760237000006,27.4,gametime
68af4f6a3a17d236cc372af9,Philadelphia Phillies at Toronto Blue Jays,2026-06-10 19:07:00.000,2500,0,55116f6864f9625eb3000001,13.872000000000003,gametime
68af5295134a3cce602c9a26,St. Louis Cardinals at New York Mets,2026-06-10 19:10:00.000,1800,174900,5362ccf73bf37627c6000002,16.2,gametime
68af5549af43d83c9b349ae8,Houston Astros at Los Angeles Angels,2026-06-10 18:38:00.000,700,0,533d97153bf3766542000001,15.624,gametime
68af567db645abdd501f0c62,Texas Rangers at Kansas City Royals,2026-06-10 18:40:00.000,1600,0,538526c321efd33afb000004,0.0,gametime
68af56a9d0162bf797c0fc73,Minnesota Twins at Detroit Tigers,2026-06-10 18:40:00.000,1000,0,53c03a3b3bf37612c4000002,17.6,gametime
68af586ac814c51f4f8deaac,Atlanta Braves at Chicago White Sox,2026-06-10 18:40:00.000,1500,0,5362ccf73bf37627c6000004,46.25199999999998,gametime
68af59500322779c79d2742a,Arizona Diamondbacks at Miami Marlins,2026-06-10 18:40:00.000,1200,0,53acb8a23bf3760237000004,16.400000000000002,gametime
68af5a56486ac15b7e7f7369,Seattle Mariners at Baltimore Orioles,2026-06-10 18:35:00.000,1800,466900,53bb068c3bf37624c3000004,0.0,gametime
68af5adbe679c40425be223b,Los Angeles Dodgers at Pittsburgh Pirates,2026-06-10 18:40:00.000,4400,0,538526c321efd33afb000002,101.75999999999996,gametime
68af5b8f247244404743fcbe,Chicago Cubs at Colorado Rockies,2026-06-10 18:40:00.000,2300,0,53acb8a23bf3760237000006,107.328,gametime
68af4f6aab077556743a9f72,New York Yankees at Toronto Blue Jays,2026-06-12 19:37:00.000,4700,557900,55116f6864f9625eb3000001,73.724,gametime
68af526c247244404743fa55,Detroit Tigers at Cleveland Guardians (Free Shirt Friday),2026-06-12 19:10:00.000,4400,0,53beec013bf376503f000002,32.0,gametime
68af52962a5f2a35418d41f0,Atlanta Braves at New York Mets,2026-06-12 19:15:00.000,4700,0,5362ccf73bf37627c6000002,34.800000000000004,gametime
68af5296f2def3b1e914a1c7,St. Louis Cardinals at New York Mets,2026-06-11 13:10:00.000,2200,135300,5362ccf73bf37627c6000002,0.0,gametime
68af53cb247244404743fad8,Philadelphia Phillies at Milwaukee Brewers,2026-06-12 18:40:00.000,1800,0,538526c321efd33afb000003,6.992000000000002,gametime
68af53f6f2def3b1e914a245,Chicago Cubs at San Francisco Giants,2026-06-12 19:15:00.000,4100,0,52618c753bf3760b9c000004,133.088,gametime
68af544f60f33e20f906b9eb,Seattle Mariners at Washington Nationals,2026-06-12 18:45:00.000,2000,0,5388f0613bf3761afd000002,5.5840000000000005,gametime
68af5484ceb30d39d5ba1996,Arizona Diamondbacks at Cincinnati Reds,2026-06-12 19:15:00.000,1900,0,53beec013bf376503f000001,0.0,gametime
68af55487ac25ed1de5c9aa4,Tampa Bay Rays at Los Angeles Angels (Angels Soccer Jersey Giveaway),2026-06-12 18:38:00.000,1100,0,533d97153bf3766542000001,77.84,gametime
68af567f4c5847540d93308b,Houston Astros at Kansas City Royals,2026-06-12 19:10:00.000,2800,0,538526c321efd33afb000004,16.631999999999994,gametime
68af567f561870a68b989443,Texas Rangers at Kansas City Royals,2026-06-11 13:10:00.000,1400,0,538526c321efd33afb000004,0.0,gametime
68af56a9aa4e5608837832f7,Minnesota Twins at Detroit Tigers,2026-06-11 13:10:00.000,1600,0,53c03a3b3bf37612c4000002,72.06000000000003,gametime
68af586a3edac2b884b8c0da,Atlanta Braves at Chicago White Sox (Rescheduled from 6/11/2026),2026-08-20 13:10:00.000,1800,83900,5362ccf73bf37627c6000004,220.58000000000004,gametime
68af586a6d6358b08448fbad,Los Angeles Dodgers at Chicago White Sox (Homies Big Head Figure Giveaway),2026-06-12 18:40:00.000,2100,46900,5362ccf73bf37627c6000004,50.24799999999999,gametime
68af594ebf6276ee588dd968,Arizona Diamondbacks at Miami Marlins,2026-06-11 12:00:00.000,1300,0,53acb8a23bf3760237000004,6.472,gametime
68af59912b923320a728ea4c,Texas Rangers at Boston Red Sox,2026-06-12 19:10:00.000,6800,0,5362ccf73bf37627c6000001,163.35199999999998,gametime
68af5a035a8fe92ebf9ae72a,St. Louis Cardinals at Minnesota Twins,2026-06-12 19:10:00.000,3400,0,538526c321efd33afb000005,0.0,gametime
68af5a56134a3cce602c9c08,Seattle Mariners at Baltimore Orioles,2026-06-11 19:05:00.000,1800,0,53bb068c3bf37624c3000004,0.0,gametime
68af5a56c2578edd67b47607,San Diego Padres at Baltimore Orioles,2026-06-12 19:05:00.000,2500,0,53bb068c3bf37624c3000004,14.8,gametime
68af5adc0dcf1d7f796e5fcc,Los Angeles Dodgers at Pittsburgh Pirates,2026-06-11 18:40:00.000,3700,0,538526c321efd33afb000002,49.66799999999999,gametime
68af5add515a42e3057fda4f,Miami Marlins at Pittsburgh Pirates (Pirates Tiki Mug Giveaway),2026-06-12 18:40:00.000,4000,0,538526c321efd33afb000002,14.015999999999998,gametime
68af5b8e486ac15b7e7f73cd,Chicago Cubs at Colorado Rockies,2026-06-11 13:10:00.000,2200,0,53acb8a23bf3760237000006,35.21600000000001,gametime
68af4f6a613b50d0d600ed74,New York Yankees at Toronto Blue Jays,2026-06-13 15:07:00.000,6300,0,55116f6864f9625eb3000001,69.89600000000002,gametime
68af526c3a17d236cc372bee,Detroit Tigers at Cleveland Guardians (Gavin Williams Bobblehead Giveaway),2026-06-13 16:10:00.000,3300,0,53beec013bf376503f000002,16.8,gametime
68af52957ac25ed1de5c99d4,Atlanta Braves at New York Mets,2026-06-13 16:10:00.000,5600,0,5362ccf73bf37627c6000002,96.884,gametime
68af5451c814c51f4f8de9cf,Seattle Mariners at Washington Nationals (Daylen Lile Bobblehead Giveaway),2026-06-13 16:05:00.000,2100,0,5388f0613bf3761afd000002,12.408000000000005,gametime
68af54830dcf1d7f796e5e38,Arizona Diamondbacks at Cincinnati Reds (Andrew Abbott Bobblehead Giveaway),2026-06-13 16:10:00.000,2000,0,53beec013bf376503f000001,0.0,gametime
68af567fdf4544316a760bb7,Houston Astros at Kansas City Royals (Royal-Tees Giveaway),2026-06-13 18:15:00.000,2900,0,538526c321efd33afb000004,25.596000000000004,gametime
68af586b8f863e886de02457,Los Angeles Dodgers at Chicago White Sox (Colson Montgomery Bobblehead Giveaway),2026-06-13 15:10:00.000,2900,0,5362ccf73bf37627c6000004,104.20400000000002,gametime
68af599131b0417b2a9d61eb,Texas Rangers at Boston Red Sox,2026-06-13 16:10:00.000,8800,0,5362ccf73bf37627c6000001,123.8,gametime
68af5a024c5847540d933156,St. Louis Cardinals at Minnesota Twins,2026-06-13 13:10:00.000,3200,0,538526c321efd33afb000005,19.920000000000005,gametime
68af5a58f81960799e88ff75,San Diego Padres at Baltimore Orioles (Soccer Jersey Giveaway),2026-06-13 16:05:00.000,3300,0,53bb068c3bf37624c3000004,15.2,gametime
68af5adcab077556743aa28e,Miami Marlins at Pittsburgh Pirates (Hawaiian Shirt Giveaway),2026-06-13 16:05:00.000,4400,0,538526c321efd33afb000002,76.148,gametime
68af53ca515a42e3057fd87d,Philadelphia Phillies at Milwaukee Brewers,2026-06-13 18:15:00.000,4500,0,538526c321efd33afb000003,0.0,gametime
68ae37e96a8108d436887f78,Tampa Bay Rays at Los Angeles Dodgers,2026-06-15 19:10:00.000,7200,267300,5333a2763bf3767900000001,0.0,gametime
68ae3a718b6c83021649b957,San Diego Padres at St. Louis Cardinals,2026-06-15 18:45:00.000,1800,0,54b5ab3b3bf3763f85000001,0.0,gametime
68af4c13b645abdd501f08e1,Miami Marlins at Philadelphia Phillies,2026-06-15 23:59:00.000,2600,0,539619523bf37601f6000001,26.424,gametime
68af4f68f2def3b1e914a0bb,New York Yankees at Toronto Blue Jays,2026-06-14 13:37:00.000,5700,572000,55116f6864f9625eb3000001,62.91199999999999,gametime
68af526cdf4544316a760a94,Detroit Tigers at Cleveland Guardians (Rescheduled from 6/14),2026-09-04 14:10:00.000,1400,165600,53beec013bf376503f000002,21.2,gametime
68af52942a5f2a35418d41ef,Atlanta Braves at New York Mets,2026-06-14 13:40:00.000,2800,0,5362ccf73bf37627c6000002,31.352,gametime
68af53ca247244404743fad6,Philadelphia Phillies at Milwaukee Brewers,2026-06-14 14:30:00.000,3100,0,538526c321efd33afb000003,9.488,gametime
68af53f6e679c40425be2082,Chicago Cubs at San Francisco Giants (Soccer Jersey Giveaway),2026-06-13 19:05:00.000,7400,0,52618c753bf3760b9c000004,80.52000000000007,gametime
68af53f7bf6276ee588dd827,Chicago Cubs at San Francisco Giants (Hello Kitty Plush Keychain Giveaway),2026-06-14 12:10:00.000,9000,0,52618c753bf3760b9c000004,84.72399999999999,gametime
68af545061f7e1fa25848c44,Seattle Mariners at Washington Nationals,2026-06-14 13:35:00.000,1700,0,5388f0613bf3761afd000002,0.0,gametime
68af54506d6358b08448fad4,Kansas City Royals at Washington Nationals,2026-06-15 18:45:00.000,1300,0,5388f0613bf3761afd000002,0.0,gametime
68af5484aa4e56088378325c,Arizona Diamondbacks at Cincinnati Reds,2026-06-14 13:40:00.000,1400,0,53beec013bf376503f000001,39.81600000000001,gametime
68af5484ec76d27570053703,New York Mets at Cincinnati Reds,2026-06-15 19:10:00.000,1700,0,53beec013bf376503f000001,0.0,gametime
68af54dca87c28317e966074,Detroit Tigers at Houston Astros,2026-06-15 19:10:00.000,2200,0,53b30c243bf37646fb000002,0.0,gametime
68af5546c814c51f4f8dea05,Tampa Bay Rays at Los Angeles Angels,2026-06-14 13:07:00.000,1000,49700,533d97153bf3766542000001,0.0,gametime
68af5549504ca5fba8a2b272,Tampa Bay Rays at Los Angeles Angels,2026-06-13 19:07:00.000,800,0,533d97153bf3766542000001,0.0,gametime
68af55bff2def3b1e914a2da,Minnesota Twins at Texas Rangers,2026-06-15 19:05:00.000,1200,78500,5d9f4ea483e7d2003a7aa81a,0.0,gametime
68af55fe134a3cce602c9b0a,Los Angeles Angels at Arizona Diamondbacks,2026-06-15 18:40:00.000,2300,0,538526c421efd33afb000006,0.0,gametime
68af567f7ac25ed1de5c9aea,Houston Astros at Kansas City Royals,2026-06-14 13:10:00.000,1900,0,538526c321efd33afb000004,0.0,gametime
68af58680dcf1d7f796e5f29,Colorado Rockies at Chicago Cubs,2026-06-15 19:05:00.000,2800,0,533d97153bf3766542000002,44.24,gametime
68af586a0322779c79d273fe,Los Angeles Dodgers at Chicago White Sox,2026-06-14 13:10:00.000,2500,0,5362ccf73bf37627c6000004,29.07199999999999,gametime
68af59923a17d236cc372db6,Texas Rangers at Boston Red Sox,2026-06-14 19:20:00.000,7500,0,5362ccf73bf37627c6000001,43.6,gametime
68af5a01f2def3b1e914a3e8,St. Louis Cardinals at Minnesota Twins,2026-06-14 13:10:00.000,2200,0,538526c321efd33afb000005,0.0,gametime
68af5a5660f33e20f906bb3f,San Diego Padres at Baltimore Orioles,2026-06-14 13:35:00.000,2600,0,53bb068c3bf37624c3000004,65.26400000000001,gametime
68af5adac95bdeed8553f048,Miami Marlins at Pittsburgh Pirates (Kids Retro Lunch Box Giveaway),2026-06-14 12:15:00.000,3900,0,538526c321efd33afb000002,0.0,gametime
68af5b70f2def3b1e914a475,Pittsburgh Pirates at Athletics,2026-06-15 18:40:00.000,3000,0,55313d1878fea568e6000001,0.0,gametime
68ae37e93efaa7538b7288c5,Tampa Bay Rays at Los Angeles Dodgers,2026-06-16 19:10:00.000,6600,0,5333a2763bf3767900000001,25.0,gametime
68ae3a7111d9e851ec921cb6,San Diego Padres at St. Louis Cardinals,2026-06-16 18:45:00.000,1600,0,54b5ab3b3bf3763f85000001,0.0,gametime
68af4bbebf6276ee588dd527,Baltimore Orioles at Seattle Mariners,2026-06-16 18:40:00.000,1500,0,538526c321efd33afb000001,0.0,gametime
68af4c13247244404743f815,Miami Marlins at Philadelphia Phillies,2026-06-16 18:40:00.000,2300,0,539619523bf37601f6000001,65.124,gametime
68af529774310d5e52b011b6,Chicago White Sox at New York Yankees,2026-06-16 19:05:00.000,1500,0,5362ccf73bf37627c6000003,0.0,gametime
68af53ca5a8fe92ebf9ae5a7,Cleveland Guardians at Milwaukee Brewers,2026-06-16 18:40:00.000,1500,0,538526c321efd33afb000003,0.0,gametime
68af544ec814c51f4f8de9cc,Kansas City Royals at Washington Nationals (Historic Replica Jersey Giveaway),2026-06-16 18:45:00.000,1700,0,5388f0613bf3761afd000002,0.0,gametime
68af54845a8fe92ebf9ae5d5,New York Mets at Cincinnati Reds,2026-06-16 19:10:00.000,1900,0,53beec013bf376503f000001,0.0,gametime
68af54dabbe8a1f1686b561e,Detroit Tigers at Houston Astros,2026-06-16 19:10:00.000,2200,0,53b30c243bf37646fb000002,0.0,gametime
68af55be5a8fe92ebf9ae638,Minnesota Twins at Texas Rangers,2026-06-16 19:05:00.000,1200,78500,5d9f4ea483e7d2003a7aa81a,31.64000000000001,gametime
68af55feafd35e5e7d650060,Los Angeles Angels at Arizona Diamondbacks,2026-06-16 18:40:00.000,2200,29400,538526c421efd33afb000006,0.0,gametime
68af5867ceb30d39d5ba1a7d,Colorado Rockies at Chicago Cubs,2026-06-16 19:05:00.000,2100,0,533d97153bf3766542000002,4.6,gametime
68af58efaa4e560883783383,San Francisco Giants at Atlanta Braves,2026-06-16 19:15:00.000,2100,0,5876a1f7cde6626ebe0d3e87,4.296000000000001,gametime
68af5993ceb30d39d5ba1ac3,Toronto Blue Jays at Boston Red Sox,2026-06-16 18:45:00.000,5100,0,5362ccf73bf37627c6000001,21.6,gametime
68af5b71e679c40425be2266,Pittsburgh Pirates at Athletics,2026-06-16 18:40:00.000,4300,0,55313d1878fea568e6000001,0.0,gametime
68ae3a7094002e2aa3a06d92,San Diego Padres at St. Louis Cardinals,2026-06-17 13:15:00.000,2100,0,54b5ab3b3bf3763f85000001,0.0,gametime
68af4bbd486ac15b7e7f6ed0,Baltimore Orioles at Seattle Mariners (Soccer Jersey Day Giveaway),2026-06-18 13:10:00.000,1600,0,538526c321efd33afb000001,58.232000000000006,gametime
68af4bbd60f33e20f906b6c2,Baltimore Orioles at Seattle Mariners,2026-06-17 23:59:00.000,1600,0,538526c321efd33afb000001,0.0,gametime
68af4c1359c7d399737f2387,Miami Marlins at Philadelphia Phillies,2026-06-17 13:05:00.000,2600,99800,539619523bf37601f6000001,49.000000000000014,gametime
68af4c14c95bdeed8553eba9,New York Mets at Philadelphia Phillies,2026-06-18 18:40:00.000,5900,0,539619523bf37601f6000001,0.0,gametime
68af5297134a3cce602c9a29,Chicago White Sox at New York Yankees (Yankees Soccer Jersey Night),2026-06-18 19:05:00.000,2800,0,5362ccf73bf37627c6000003,164.024,gametime
68af52977ac25ed1de5c99d5,Chicago White Sox at New York Yankees,2026-06-17 19:05:00.000,1800,0,5362ccf73bf37627c6000003,22.128,gametime
68af53cae679c40425be207e,Cleveland Guardians at Milwaukee Brewers,2026-06-18 13:10:00.000,2100,0,538526c321efd33afb000003,0.0,gametime
68af53caf81960799e88fdde,Cleveland Guardians at Milwaukee Brewers,2026-06-17 18:40:00.000,1400,0,538526c321efd33afb000003,0.0,gametime
68af5450486ac15b7e7f7218,Kansas City Royals at Washington Nationals,2026-06-17 13:05:00.000,1400,0,5388f0613bf3761afd000002,0.0,gametime
68af548631b0417b2a9d60a6,New York Mets at Cincinnati Reds,2026-06-17 12:40:00.000,1800,0,53beec013bf376503f000001,0.0,gametime
68af54db4c5847540d93301e,Detroit Tigers at Houston Astros,2026-06-17 13:10:00.000,1700,0,53b30c243bf37646fb000002,9.8,gametime
68af5542b645abdd501f0c1d,Tampa Bay Rays at Los Angeles Dodgers,2026-06-17 12:10:00.000,4500,198800,5333a2763bf3767900000001,0.0,gametime
68af55be630aca5171775861,Minnesota Twins at Texas Rangers,2026-06-18 12:35:00.000,1600,251400,5d9f4ea483e7d2003a7aa81a,0.0,gametime
68af55fef2def3b1e914a2e6,Minnesota Twins at Arizona Diamondbacks,2026-06-19 18:45:00.000,3600,0,538526c421efd33afb000006,13.031999999999991,gametime
68af55ff504ca5fba8a2b29d,Los Angeles Angels at Arizona Diamondbacks,2026-06-17 12:40:00.000,2200,23500,538526c421efd33afb000006,8.016000000000002,gametime
68af567fc95bdeed8553ef24,St. Louis Cardinals at Kansas City Royals,2026-06-18 18:40:00.000,4700,0,538526c321efd33afb000004,0.0,gametime
68af56a9ec76d2757005377a,Chicago White Sox at Detroit Tigers (Nelly Postgame Concert),2026-06-19 18:40:00.000,3200,0,53c03a3b3bf37612c4000002,33.968,gametime
68af5868aa4e560883783365,Toronto Blue Jays at Chicago Cubs,2026-06-19 13:20:00.000,9000,0,533d97153bf3766542000002,236.46,gametime
68af5868c2578edd67b47585,Colorado Rockies at Chicago Cubs,2026-06-17 19:05:00.000,2600,0,533d97153bf3766542000002,0.0,gametime
68af58ed613b50d0d600efed,San Francisco Giants at Atlanta Braves (Rescheduled from 6/18/2026),2026-08-31 18:05:00.000,900,37900,5876a1f7cde6626ebe0d3e87,124.22,gametime
68af58edec76d275700537fe,San Francisco Giants at Atlanta Braves,2026-06-17 19:15:00.000,2000,203400,5876a1f7cde6626ebe0d3e87,10.896,gametime
68af59914c5847540d933133,Toronto Blue Jays at Boston Red Sox,2026-06-18 13:35:00.000,5900,0,5362ccf73bf37627c6000001,93.4,gametime
68af59926e994df60a6a216b,Toronto Blue Jays at Boston Red Sox,2026-06-17 18:45:00.000,5300,0,5362ccf73bf37627c6000001,0.0,gametime
68af5b71c814c51f4f8deba2,Los Angeles Angels at Athletics,2026-06-19 18:40:00.000,7900,0,55313d1878fea568e6000001,0.0,gametime
68af5b72c95bdeed8553f07f,Pittsburgh Pirates at Athletics,2026-06-17 18:40:00.000,3600,0,55313d1878fea568e6000001,0.0,gametime
68af5b72ec76d27570053897,Los Angeles Angels at Athletics,2026-06-18 18:40:00.000,4000,0,55313d1878fea568e6000001,0.0,gametime
68af5b8caf43d83c9b349c72,Pittsburgh Pirates at Colorado Rockies,2026-06-19 18:40:00.000,2200,0,53acb8a23bf3760237000006,67.0,gametime
68af4bb72b923320a728e5fa,Boston Red Sox at Seattle Mariners (Rescheduled from 6/20),2026-06-19 19:10:00.000,3500,0,538526c321efd33afb000001,98.692,gametime
68af4f2d613b50d0d600ed54,Washington Nationals at Tampa Bay Rays,2026-06-19 19:10:00.000,3200,50500,54dcf29564f9620805000003,0.0,gametime
68af4f2d7ac25ed1de5c98a8,Washington Nationals at Tampa Bay Rays,2026-06-20 16:10:00.000,3800,0,54dcf29564f9620805000003,11.264,gametime
68af5296247244404743fa6d,Cincinnati Reds at New York Yankees (Aaron Judge MVP Bobblehead Day),2026-06-20 13:35:00.000,6700,0,5362ccf73bf37627c6000003,179.77599999999998,gametime
68af5297c95bdeed8553ee16,Cincinnati Reds at New York Yankees,2026-06-19 19:05:00.000,3400,0,5362ccf73bf37627c6000003,136.75199999999998,gametime
68af54db1ca2cb21ee10d4f8,Cleveland Guardians at Houston Astros,2026-06-19 19:10:00.000,3200,0,53b30c243bf37646fb000002,0.0,gametime
68af5544ceb30d39d5ba19cd,Baltimore Orioles at Los Angeles Dodgers,2026-06-19 19:10:00.000,7500,0,5333a2763bf3767900000001,174.704,gametime
68af55bdf81960799e88fe54,San Diego Padres at Texas Rangers,2026-06-20 15:05:00.000,3000,78500,5d9f4ea483e7d2003a7aa81a,57.81599999999999,gametime
68af55be1ca2cb21ee10d541,San Diego Padres at Texas Rangers,2026-06-19 19:05:00.000,2700,0,5d9f4ea483e7d2003a7aa81a,87.97999999999999,gametime
68af567f8f863e886de023df,St. Louis Cardinals at Kansas City Royals (World Cup Scarf Giveaway),2026-06-19 19:15:00.000,5100,0,538526c321efd33afb000004,0.0,gametime
68af56a92a5f2a35418d432c,Chicago White Sox at Detroit Tigers,2026-06-20 13:10:00.000,2900,88800,53c03a3b3bf37612c4000002,13.6,gametime
68af5869afd35e5e7d650100,Toronto Blue Jays at Chicago Cubs,2026-06-20 13:20:00.000,9000,0,533d97153bf3766542000002,28.20799999999999,gametime
68af58eeb645abdd501f0cf1,Milwaukee Brewers at Atlanta Braves,2026-06-20 16:10:00.000,3300,0,5876a1f7cde6626ebe0d3e87,107.45599999999996,gametime
68af58ef3edac2b884b8c103,Milwaukee Brewers at Atlanta Braves,2026-06-19 19:15:00.000,3600,0,5876a1f7cde6626ebe0d3e87,17.56800000000001,gametime
68af594e247244404743fc1d,San Francisco Giants at Miami Marlins,2026-06-20 16:10:00.000,2500,82800,53acb8a23bf3760237000004,0.0,gametime
68af594fe679c40425be21c6,San Francisco Giants at Miami Marlins,2026-06-19 19:10:00.000,1700,0,53acb8a23bf3760237000004,0.0,gametime
68af4c1459c7d399737f2388,New York Mets at Philadelphia Phillies,2026-06-20 19:15:00.000,7000,0,539619523bf37601f6000001,60.92,gametime
68af54ddbf6276ee588dd856,Cleveland Guardians at Houston Astros,2026-06-20 18:15:00.000,3300,0,53b30c243bf37646fb000002,27.631999999999994,gametime
68af55452a5f2a35418d42dc,Baltimore Orioles at Los Angeles Dodgers,2026-06-20 19:10:00.000,10900,208100,5333a2763bf3767900000001,61.0,gametime
68af55fd1ca2cb21ee10d552,Minnesota Twins at Arizona Diamondbacks,2026-06-20 19:10:00.000,3600,0,538526c421efd33afb000006,0.0,gametime
68af5b71486ac15b7e7f73c1,Los Angeles Angels at Athletics (Jacob Wilson Bobblehead Giveaway),2026-06-20 19:05:00.000,8400,0,55313d1878fea568e6000001,0.0,gametime
68af5b8bd0162bf797c0fdda,Pittsburgh Pirates at Colorado Rockies (Soccer Jersey Giveaway),2026-06-20 19:10:00.000,2200,0,53acb8a23bf3760237000006,45.496,gametime
68b4ea7465775beecc54c1b7,Boston Red Sox at Seattle Mariners,2026-06-20 19:10:00.000,3600,0,538526c321efd33afb000001,28.8,gametime
68ae3a7129ea71cb5f3b7959,Arizona Diamondbacks at St. Louis Cardinals,2026-06-22 18:45:00.000,1800,0,54b5ab3b3bf3763f85000001,0.0,gametime
68af4bbe3edac2b884b8bd06,Boston Red Sox at Seattle Mariners,2026-06-21 13:10:00.000,4300,0,538526c321efd33afb000001,226.188,gametime
68af4c14f81960799e88faee,New York Mets at Philadelphia Phillies,2026-06-21 23:59:00.000,5400,0,539619523bf37601f6000001,56.908,gametime
68af4f2d4c5847540d932e79,Kansas City Royals at Tampa Bay Rays,2026-06-22 18:40:00.000,2100,0,54dcf29564f9620805000003,0.0,gametime
68af4f2d61f7e1fa25848a94,Washington Nationals at Tampa Bay Rays,2026-06-21 13:40:00.000,3800,0,54dcf29564f9620805000003,0.0,gametime
68af4f676e994df60a6a1ea9,Houston Astros at Toronto Blue Jays,2026-06-22 19:07:00.000,1900,0,55116f6864f9625eb3000001,35.104000000000006,gametime
68af529460f33e20f906b95f,Chicago Cubs at New York Mets,2026-06-22 19:10:00.000,2800,349100,5362ccf73bf37627c6000002,17.168,gametime
68af52996d6358b08448fa5a,Cincinnati Reds at New York Yankees,2026-06-21 13:35:00.000,3400,0,5362ccf73bf37627c6000003,61.00000000000001,gametime
68af5450630aca517177580c,Philadelphia Phillies at Washington Nationals,2026-06-22 18:45:00.000,2600,0,5388f0613bf3761afd000002,14.439999999999998,gametime
68af5483afd35e5e7d650003,Milwaukee Brewers at Cincinnati Reds,2026-06-22 19:10:00.000,1300,0,53beec013bf376503f000001,0.0,gametime
68af54dd3a17d236cc372cac,Cleveland Guardians at Houston Astros,2026-06-21 13:10:00.000,3000,0,53b30c243bf37646fb000002,11.896000000000004,gametime
68af55457ac25ed1de5c9aa2,Baltimore Orioles at Los Angeles Dodgers,2026-06-21 13:10:00.000,9700,0,5333a2763bf3767900000001,110.168,gametime
68af554959c7d399737f26df,Baltimore Orioles at Los Angeles Angels,2026-06-22 18:38:00.000,800,0,533d97153bf3766542000001,22.44000000000001,gametime
68af55bd3ec90eeb885ad543,San Diego Padres at Texas Rangers,2026-06-21 13:35:00.000,3000,0,5d9f4ea483e7d2003a7aa81a,23.552,gametime
68af55fc3ec90eeb885ad54a,Minnesota Twins at Arizona Diamondbacks,2026-06-21 12:15:00.000,4400,0,538526c421efd33afb000006,25.93599999999999,gametime
68af567de679c40425be211a,St. Louis Cardinals at Kansas City Royals,2026-06-21 13:10:00.000,4000,0,538526c321efd33afb000004,0.0,gametime
68af56a9134a3cce602c9b28,Chicago White Sox at Detroit Tigers,2026-06-21 13:40:00.000,2900,0,53c03a3b3bf37612c4000002,0.0,gametime
68af56a9c814c51f4f8dea53,New York Yankees at Detroit Tigers,2026-06-22 18:40:00.000,3000,0,53c03a3b3bf37612c4000002,24.8,gametime
68af5869bf6276ee588dd942,Toronto Blue Jays at Chicago Cubs (Rescheduled from 6/21),2026-08-06 13:20:00.000,4200,0,533d97153bf3766542000002,928.592,gametime
68af5869c814c51f4f8deaab,Cleveland Guardians at Chicago White Sox,2026-06-22 18:40:00.000,1200,0,5362ccf73bf37627c6000004,0.0,gametime
68af58f02a5f2a35418d43ab,Milwaukee Brewers at Atlanta Braves,2026-06-21 13:35:00.000,3600,0,5876a1f7cde6626ebe0d3e87,18.1,gametime
68af594dbbe8a1f1686b5730,Texas Rangers at Miami Marlins,2026-06-22 18:40:00.000,1500,46800,53acb8a23bf3760237000004,0.0,gametime
68af594e0322779c79d27429,San Francisco Giants at Miami Marlins,2026-06-21 13:40:00.000,2300,0,53acb8a23bf3760237000004,0.0,gametime
68af5a026d6358b08448fbfc,Los Angeles Dodgers at Minnesota Twins,2026-06-22 18:40:00.000,3400,0,538526c321efd33afb000005,7.039999999999998,gametime
68af5a6d7ac25ed1de5c9bca,Atlanta Braves at San Diego Padres (Western Snapback Hat Giveaway),2026-06-22 19:10:00.000,3400,0,53692f0a3bf3760f90000001,161.07200000000003,gametime
68af5b71504ca5fba8a2b402,Los Angeles Angels at Athletics,2026-06-21 13:05:00.000,5100,0,55313d1878fea568e6000001,0.0,gametime
68af5b8b0dcf1d7f796e6002,Pittsburgh Pirates at Colorado Rockies (Fathers Day Hawaiian Shirt Giveaway),2026-06-21 13:10:00.000,2100,0,53acb8a23bf3760237000006,0.0,gametime
68af5b8b1ca2cb21ee10d6ab,Boston Red Sox at Colorado Rockies,2026-06-22 18:40:00.000,2100,0,53acb8a23bf3760237000006,0.0,gametime
68ae3a7127a8533f144bd3a0,Arizona Diamondbacks at St. Louis Cardinals,2026-06-23 18:45:00.000,1400,0,54b5ab3b3bf3763f85000001,0.0,gametime
68af4f2dbf6276ee588dd681,Kansas City Royals at Tampa Bay Rays,2026-06-23 18:40:00.000,2000,0,54dcf29564f9620805000003,0.0,gametime
68af53f74c5847540d932fe9,Athletics at San Francisco Giants,2026-06-23 18:45:00.000,5000,35200,52618c753bf3760b9c000004,9.336,gametime
68af544e2b923320a728e904,Philadelphia Phillies at Washington Nationals (Nationals Basketball Jersey Giveaway),2026-06-23 18:45:00.000,2100,0,5388f0613bf3761afd000002,0.0,gametime
68af5547ceb30d39d5ba19cf,Baltimore Orioles at Los Angeles Angels,2026-06-23 18:38:00.000,800,31900,533d97153bf3766542000001,0.0,gametime
68af56a88f863e886de023e5,New York Yankees at Detroit Tigers,2026-06-23 18:40:00.000,2400,0,53c03a3b3bf37612c4000002,6.576,gametime
68af5869df4544316a760c3d,Cleveland Guardians at Chicago White Sox,2026-06-23 18:40:00.000,1000,0,5362ccf73bf37627c6000004,7.760000000000002,gametime
68af594eafd35e5e7d650134,Texas Rangers at Miami Marlins,2026-06-23 18:40:00.000,1500,46800,53acb8a23bf3760237000004,0.0,gametime
68af5a02ceb30d39d5ba1af0,Los Angeles Dodgers at Minnesota Twins,2026-06-23 18:40:00.000,3200,0,538526c321efd33afb000005,7.927999999999998,gametime
68af5a6ca87c28317e9661ca,Atlanta Braves at San Diego Padres,2026-06-23 18:40:00.000,2100,0,53692f0a3bf3760f90000001,0.0,gametime
68af5adbceb30d39d5ba1b2f,Seattle Mariners at Pittsburgh Pirates,2026-06-23 18:40:00.000,4000,0,538526c321efd33afb000002,0.0,gametime
68af5b8cdf4544316a760d18,Boston Red Sox at Colorado Rockies,2026-06-23 18:40:00.000,2100,0,53acb8a23bf3760237000006,30.4,gametime
68ae3a704b71c468b2dde2e1,Arizona Diamondbacks at St. Louis Cardinals (Rescheduled from 6/25),2026-07-23 16:15:00.000,1100,46000,54b5ab3b3bf3763f85000001,67.008,gametime
68ae3a71a4db802976c540af,Arizona Diamondbacks at St. Louis Cardinals,2026-06-24 18:45:00.000,1500,0,54b5ab3b3bf3763f85000001,0.0,gametime
68af4f2b59c7d399737f24c7,Kansas City Royals at Tampa Bay Rays,2026-06-25 12:10:00.000,1900,0,54dcf29564f9620805000003,0.0,gametime
68af4f2c6e994df60a6a1e88,Kansas City Royals at Tampa Bay Rays,2026-06-24 18:40:00.000,2300,0,54dcf29564f9620805000003,0.0,gametime
68af4f67613b50d0d600ed72,Houston Astros at Toronto Blue Jays,2026-06-23 16:07:00.000,2200,0,55116f6864f9625eb3000001,31.928,gametime
68af4f6774310d5e52b010a1,Houston Astros at Toronto Blue Jays (Domer Hat Giveaway),2026-06-24 19:07:00.000,1900,0,55116f6864f9625eb3000001,0.0,gametime
68af4f67ab077556743a9f6e,Texas Rangers at Toronto Blue Jays,2026-06-25 19:07:00.000,2000,0,55116f6864f9625eb3000001,22.152000000000005,gametime
68af5293f2def3b1e914a1c3,Chicago Cubs at New York Mets,2026-06-23 19:10:00.000,2000,0,5362ccf73bf37627c6000002,6.832,gametime
68af5295a87c28317e965fcc,Chicago Cubs at New York Mets,2026-06-24 19:10:00.000,2400,0,5362ccf73bf37627c6000002,0.0,gametime
68af5295bf6276ee588dd79f,Chicago Cubs at New York Mets,2026-06-25 19:10:00.000,3000,0,5362ccf73bf37627c6000002,70.416,gametime
68af53f6561870a68b9893b5,Athletics at San Francisco Giants,2026-06-24 18:45:00.000,4100,0,52618c753bf3760b9c000004,5.563999999999998,gametime
68af53f75a8fe92ebf9ae5ad,Athletics at San Francisco Giants,2026-06-25 12:45:00.000,4900,0,52618c753bf3760b9c000004,12.096000000000004,gametime
68af544ef81960799e88fdf6,Philadelphia Phillies at Washington Nationals (Nationals Soccer Jersey Giveaway),2026-06-25 18:45:00.000,3100,0,5388f0613bf3761afd000002,0.0,gametime
68af5450aa4e56088378324b,Philadelphia Phillies at Washington Nationals,2026-06-24 18:45:00.000,1600,0,5388f0613bf3761afd000002,0.0,gametime
68af5486aa4e56088378325d,Milwaukee Brewers at Cincinnati Reds,2026-06-24 19:10:00.000,1500,0,53beec013bf376503f000001,0.0,gametime
68af5486c95bdeed8553eeac,Milwaukee Brewers at Cincinnati Reds,2026-06-23 19:10:00.000,1400,0,53beec013bf376503f000001,25.568000000000005,gametime
68af5547afd35e5e7d650039,Baltimore Orioles at Los Angeles Angels,2026-06-24 13:07:00.000,700,0,533d97153bf3766542000001,0.0,gametime
68af56a93a17d236cc372d12,New York Yankees at Detroit Tigers,2026-06-24 18:40:00.000,2400,0,53c03a3b3bf37612c4000002,0.0,gametime
68af56a9613b50d0d600ef75,Houston Astros at Detroit Tigers,2026-06-25 18:40:00.000,1400,0,53c03a3b3bf37612c4000002,52.176,gametime
68af586b247244404743fbe8,Cleveland Guardians at Chicago White Sox,2026-06-24 13:10:00.000,1100,0,5362ccf73bf37627c6000004,0.0,gametime
68af594d74310d5e52b0135f,Texas Rangers at Miami Marlins,2026-06-24 12:10:00.000,1500,0,53acb8a23bf3760237000004,0.0,gametime
68af59911ca2cb21ee10d617,New York Yankees at Boston Red Sox,2026-06-25 19:10:00.000,12200,0,5362ccf73bf37627c6000001,135.04000000000002,gametime
68af5a0174310d5e52b01391,Los Angeles Dodgers at Minnesota Twins,2026-06-24 18:40:00.000,2600,0,538526c321efd33afb000005,0.0,gametime
68af5a6daf43d83c9b349c1f,Atlanta Braves at San Diego Padres,2026-06-24 17:40:00.000,2100,0,53692f0a3bf3760f90000001,43.604,gametime
68af5adc1ca2cb21ee10d668,Seattle Mariners at Pittsburgh Pirates,2026-06-24 18:40:00.000,4200,0,538526c321efd33afb000002,0.0,gametime
68af5adc486ac15b7e7f7390,Seattle Mariners at Pittsburgh Pirates,2026-06-25 12:35:00.000,4300,0,538526c321efd33afb000002,0.0,gametime
68af5b8cd0162bf797c0fddb,Boston Red Sox at Colorado Rockies,2026-06-24 13:10:00.000,2100,0,53acb8a23bf3760237000006,12.024,gametime
68ae3a7026389c97fb49ebc0,Miami Marlins at St. Louis Cardinals (Cardinals All-Over Print Shirt and Shorts Set Giveaway),2026-06-26 19:15:00.000,1900,0,54b5ab3b3bf3763f85000001,0.0,gametime
68af4f2cd0162bf797c0fa0a,Arizona Diamondbacks at Tampa Bay Rays,2026-06-26 19:10:00.000,2800,65300,54dcf29564f9620805000003,0.0,gametime
68af4f6960f33e20f906b845,Texas Rangers at Toronto Blue Jays,2026-06-26 19:07:00.000,3800,0,55116f6864f9625eb3000001,13.663999999999998,gametime
68af526cc2578edd67b473d0,Seattle Mariners at Cleveland Guardians,2026-06-26 19:10:00.000,4600,0,53beec013bf376503f000002,0.0,gametime
68af5296630aca517177578d,Philadelphia Phillies at New York Mets,2026-06-26 19:10:00.000,3500,0,5362ccf73bf37627c6000002,14.816,gametime
68af53cbc95bdeed8553ee83,Chicago Cubs at Milwaukee Brewers,2026-06-26 18:45:00.000,4400,82500,538526c321efd33afb000003,0.0,gametime
68af53f631b0417b2a9d6086,Atlanta Braves at San Francisco Giants,2026-06-26 19:15:00.000,4100,0,52618c753bf3760b9c000004,59.09600000000003,gametime
68af554761f7e1fa25848c8f,Athletics at Los Angeles Angels (Plaid Santa Hat Giveaway),2026-06-26 18:38:00.000,1000,0,533d97153bf3766542000001,0.0,gametime
68af56a93edac2b884b8c073,Houston Astros at Detroit Tigers,2026-06-26 18:40:00.000,2300,0,53c03a3b3bf37612c4000002,26.4,gametime
68af586abf6276ee588dd943,Kansas City Royals at Chicago White Sox (Marshmello Postgame Concert),2026-06-26 18:40:00.000,1700,0,5362ccf73bf37627c6000004,34.87999999999999,gametime
68af5993f2def3b1e914a3cf,New York Yankees at Boston Red Sox,2026-06-26 19:10:00.000,14700,0,5362ccf73bf37627c6000001,45.408,gametime
68af5a01c95bdeed8553eff2,Colorado Rockies at Minnesota Twins (Ludacris Postgame Concert),2026-06-26 19:10:00.000,1800,0,538526c321efd33afb000005,0.0,gametime
68af5a582a5f2a35418d4400,Washington Nationals at Baltimore Orioles (Pride Night Jersey Giveaway),2026-06-26 19:05:00.000,3200,0,53bb068c3bf37624c3000004,0.0,gametime
68af5a6d2a5f2a35418d4407,Los Angeles Dodgers at San Diego Padres,2026-06-26 18:45:00.000,10200,243600,53692f0a3bf3760f90000001,17.0,gametime
68af5adc74310d5e52b013d9,Cincinnati Reds at Pittsburgh Pirates,2026-06-26 18:40:00.000,4100,0,538526c321efd33afb000002,13.063999999999998,gametime
68ae3a719a67ff5905e61461,Miami Marlins at St. Louis Cardinals,2026-06-27 18:15:00.000,2300,55100,54b5ab3b3bf3763f85000001,0.0,gametime
68af4f2d247244404743f942,Arizona Diamondbacks at Tampa Bay Rays,2026-06-27 18:10:00.000,3000,0,54dcf29564f9620805000003,0.0,gametime
68af4f69561870a68b98923e,Texas Rangers at Toronto Blue Jays,2026-06-27 15:07:00.000,4300,0,55116f6864f9625eb3000001,0.0,gametime
68af526b3edac2b884b8bf59,Seattle Mariners at Cleveland Guardians (Tanner Bibee City Connect Jersey Giveaway),2026-06-27 19:10:00.000,4900,0,53beec013bf376503f000002,0.0,gametime
68af529574310d5e52b011b2,Philadelphia Phillies at New York Mets,2026-06-27 16:10:00.000,3700,0,5362ccf73bf37627c6000002,29.44000000000001,gametime
68af53cc247244404743fad9,Chicago Cubs at Milwaukee Brewers,2026-06-27 18:10:00.000,9400,0,538526c321efd33afb000003,75.93599999999996,gametime
68af53f6d0162bf797c0fbc9,Atlanta Braves at San Francisco Giants (Rafael Devers Bobblehead Giveaway),2026-06-27 18:05:00.000,5600,0,52618c753bf3760b9c000004,17.172000000000004,gametime
68af5547f81960799e88fe40,Athletics at Los Angeles Angels,2026-06-27 18:38:00.000,1100,0,533d97153bf3766542000001,0.0,gametime
68af56a96d6358b08448fb4e,Houston Astros at Detroit Tigers,2026-06-27 13:10:00.000,2400,0,53c03a3b3bf37612c4000002,26.4,gametime
68af5869c2578edd67b47586,Kansas City Royals at Chicago White Sox (Americas 250th Homage T-Shirt Giveaway),2026-06-27 15:10:00.000,2100,0,5362ccf73bf37627c6000004,0.0,gametime
68af5991ec76d2757005381a,New York Yankees at Boston Red Sox,2026-06-27 13:10:00.000,17600,0,5362ccf73bf37627c6000001,97.6,gametime
68af5a018f863e886de024ab,Colorado Rockies at Minnesota Twins,2026-06-27 18:10:00.000,2400,0,538526c321efd33afb000005,0.0,gametime
68af5a58504ca5fba8a2b3a0,Washington Nationals at Baltimore Orioles (Gunnar Henderson Bobblehead Giveaway),2026-06-27 19:05:00.000,3600,0,53bb068c3bf37624c3000004,64.26799999999999,gametime
68af5a6cc95bdeed8553f022,Los Angeles Dodgers at San Diego Padres,2026-06-27 17:40:00.000,10700,0,53692f0a3bf3760f90000001,231.912,gametime
68af5add0322779c79d27482,Cincinnati Reds at Pittsburgh Pirates,2026-06-27 16:05:00.000,4600,0,538526c321efd33afb000002,0.0,gametime
68ae3a6f0f693a554bd54d2e,Miami Marlins at St. Louis Cardinals (Adult Soccer Jersey and Kids Soccer Ball Giveaway),2026-06-28 13:15:00.000,1800,62200,54b5ab3b3bf3763f85000001,0.0,gametime
68af4bbd31b0417b2a9d5d95,Los Angeles Angels at Seattle Mariners (Cal Raleigh POP Collectible Giveaway),2026-06-30 18:40:00.000,1600,0,538526c321efd33afb000001,0.0,gametime
68af4bbd59c7d399737f237b,Los Angeles Angels at Seattle Mariners (Cal Raleigh POP Collectible Giveaway),2026-06-29 18:40:00.000,1500,0,538526c321efd33afb000001,0.0,gametime
68af4c14486ac15b7e7f6edb,Pittsburgh Pirates at Philadelphia Phillies,2026-06-30 18:40:00.000,4800,0,539619523bf37601f6000001,38.724,gametime
68af4c14c2578edd67b47184,Pittsburgh Pirates at Philadelphia Phillies,2026-06-29 18:40:00.000,3600,106400,539619523bf37601f6000001,18.632000000000005,gametime
68af4f2ebbe8a1f1686b544a,Arizona Diamondbacks at Tampa Bay Rays,2026-06-28 13:40:00.000,2900,0,54dcf29564f9620805000003,0.0,gametime
68af4f67486ac15b7e7f7058,New York Mets at Toronto Blue Jays,2026-06-29 19:07:00.000,3700,0,55116f6864f9625eb3000001,12.659999999999991,gametime
68af4f67bbe8a1f1686b546a,New York Mets at Toronto Blue Jays,2026-06-30 19:07:00.000,3900,0,55116f6864f9625eb3000001,0.0,gametime
68af4f692b923320a728e75f,Texas Rangers at Toronto Blue Jays,2026-06-28 13:37:00.000,3100,0,55116f6864f9625eb3000001,0.0,gametime
68af526a7ac25ed1de5c99af,Texas Rangers at Cleveland Guardians,2026-06-30 18:40:00.000,3000,0,53beec013bf376503f000002,0.0,gametime
68af526b7ac25ed1de5c99b0,Texas Rangers at Cleveland Guardians,2026-06-29 19:10:00.000,3300,0,53beec013bf376503f000002,0.0,gametime
68af526bc814c51f4f8de92d,Seattle Mariners at Cleveland Guardians,2026-06-28 13:40:00.000,3300,0,53beec013bf376503f000002,15.0,gametime
68af5293e679c40425be2009,Philadelphia Phillies at New York Mets,2026-06-28 13:40:00.000,3000,0,5362ccf73bf37627c6000002,29.983999999999995,gametime
68af52964c5847540d932f74,Detroit Tigers at New York Yankees,2026-06-30 19:05:00.000,1800,0,5362ccf73bf37627c6000003,18.6,gametime
68af5296af43d83c9b3499fe,Detroit Tigers at New York Yankees,2026-06-29 19:05:00.000,1800,0,5362ccf73bf37627c6000003,0.0,gametime
68af529731b0417b2a9d6019,Detroit Tigers at New York Yankees,2026-07-01 13:35:00.000,1600,0,5362ccf73bf37627c6000003,8.868000000000002,gametime
68af53c92b923320a728e8ef,Chicago Cubs at Milwaukee Brewers,2026-06-28 13:10:00.000,5600,0,538526c321efd33afb000003,66.86400000000003,gametime
68af53ca515a42e3057fd87e,Cincinnati Reds at Milwaukee Brewers,2026-06-29 18:40:00.000,1700,0,538526c321efd33afb000003,0.0,gametime
68af53cbaa4e560883783231,Cincinnati Reds at Milwaukee Brewers,2026-06-30 18:40:00.000,1500,0,538526c321efd33afb000003,0.0,gametime
68af53f5af43d83c9b349a8f,Atlanta Braves at San Francisco Giants (Camo T-Shirt Giveaway),2026-06-28 13:05:00.000,4800,0,52618c753bf3760b9c000004,48.2,gametime
68af54da7ac25ed1de5c9a79,Minnesota Twins at Houston Astros,2026-06-30 19:10:00.000,1900,0,53b30c243bf37646fb000002,0.0,gametime
68af54dcaa4e560883783274,Minnesota Twins at Houston Astros,2026-06-29 19:10:00.000,1400,0,53b30c243bf37646fb000002,0.0,gametime
68af5547613b50d0d600ef2e,Athletics at Los Angeles Angels,2026-06-28 12:15:00.000,800,0,533d97153bf3766542000001,0.0,gametime
68af55fc0322779c79d27370,San Francisco Giants at Arizona Diamondbacks,2026-06-30 18:40:00.000,2100,0,538526c421efd33afb000006,0.0,gametime
68af55feab077556743aa156,San Francisco Giants at Arizona Diamondbacks,2026-06-29 18:40:00.000,2700,0,538526c421efd33afb000006,0.0,gametime
68af567e515a42e3057fd924,Tampa Bay Rays at Kansas City Royals (Sluggerrrs Gym Tank Top Giveaway),2026-06-30 18:40:00.000,1700,0,538526c321efd33afb000004,0.0,gametime
68af56a96e994df60a6a20bc,Houston Astros at Detroit Tigers,2026-06-28 13:40:00.000,2000,0,53c03a3b3bf37612c4000002,32.4,gametime
68af586859c7d399737f27a3,San Diego Padres at Chicago Cubs,2026-06-29 19:05:00.000,3600,0,533d97153bf3766542000002,55.38399999999999,gametime
68af58691ca2cb21ee10d5da,Kansas City Royals at Chicago White Sox,2026-06-28 13:10:00.000,1700,42100,5362ccf73bf37627c6000004,0.0,gametime
68af58693ec90eeb885ad5da,San Diego Padres at Chicago Cubs,2026-06-30 19:05:00.000,3300,312900,533d97153bf3766542000002,36.99999999999999,gametime
68af586959c7d399737f27a4,San Diego Padres at Chicago Cubs,2026-07-01 13:20:00.000,3600,0,533d97153bf3766542000002,137.25599999999997,gametime
68af58f0486ac15b7e7f730c,St. Louis Cardinals at Atlanta Braves,2026-06-30 19:15:00.000,2200,0,5876a1f7cde6626ebe0d3e87,0.0,gametime
68af5991486ac15b7e7f7337,New York Yankees at Boston Red Sox,2026-06-28 19:20:00.000,12400,0,5362ccf73bf37627c6000001,67.96,gametime
68af59918f863e886de02492,Washington Nationals at Boston Red Sox,2026-06-30 19:10:00.000,4100,0,5362ccf73bf37627c6000001,34.4,gametime
68af5991c95bdeed8553efce,Washington Nationals at Boston Red Sox,2026-06-29 19:10:00.000,4100,0,5362ccf73bf37627c6000001,0.0,gametime
68af5992c95bdeed8553efcf,Washington Nationals at Boston Red Sox,2026-07-01 13:35:00.000,6300,0,5362ccf73bf37627c6000001,11.6,gametime
68af5a01630aca5171775946,Colorado Rockies at Minnesota Twins,2026-06-28 13:10:00.000,2000,0,538526c321efd33afb000005,0.0,gametime
68af5a575a8fe92ebf9ae748,Chicago White Sox at Baltimore Orioles,2026-07-01 12:35:00.000,2200,0,53bb068c3bf37624c3000004,0.0,gametime
68af5a583ec90eeb885ad64e,Chicago White Sox at Baltimore Orioles,2026-06-30 18:35:00.000,2100,0,53bb068c3bf37624c3000004,0.0,gametime
68af5a58504ca5fba8a2b3a1,Chicago White Sox at Baltimore Orioles,2026-06-29 18:35:00.000,2100,0,53bb068c3bf37624c3000004,0.0,gametime
68af5a58ec76d27570053846,Washington Nationals at Baltimore Orioles (Beach Towel Giveaway),2026-06-28 13:35:00.000,3900,0,53bb068c3bf37624c3000004,0.0,gametime
68af5a6d74310d5e52b013b0,Los Angeles Dodgers at San Diego Padres,2026-06-28 13:10:00.000,11100,259900,53692f0a3bf3760f90000001,32.80799999999999,gametime
68af5ada31b0417b2a9d624d,Cincinnati Reds at Pittsburgh Pirates (Smiley Cookie Giveaway),2026-06-28 13:35:00.000,4300,0,538526c321efd33afb000002,0.0,gametime
68af5b71ab077556743aa2c8,Los Angeles Dodgers at Athletics,2026-06-29 18:40:00.000,16200,0,55313d1878fea568e6000001,7.912000000000001,gametime
68af5b72bf6276ee588dda19,Los Angeles Dodgers at Athletics,2026-06-30 18:40:00.000,15200,0,55313d1878fea568e6000001,0.0,gametime
68af5b8c8f863e886de02522,Miami Marlins at Colorado Rockies,2026-06-29 18:40:00.000,1700,0,53acb8a23bf3760237000006,0.0,gametime
68af5b8e4c5847540d9331d0,Miami Marlins at Colorado Rockies,2026-06-30 18:40:00.000,1200,0,53acb8a23bf3760237000006,0.0,gametime
68af4c14247244404743f816,Pittsburgh Pirates at Philadelphia Phillies,2026-07-01 18:40:00.000,4800,0,539619523bf37601f6000001,39.567999999999984,gametime
68af4c14561870a68b9890fb,Pittsburgh Pirates at Philadelphia Phillies,2026-07-02 13:30:00.000,3600,0,539619523bf37601f6000001,43.96,gametime
68af4f6860f33e20f906b843,New York Mets at Toronto Blue Jays (Shane Bieber Jersey Giveaway),2026-07-01 15:07:00.000,9700,0,55116f6864f9625eb3000001,62.57199999999998,gametime
68af5269134a3cce602c9a19,Texas Rangers at Cleveland Guardians,2026-07-01 13:10:00.000,2500,0,53beec013bf376503f000002,0.0,gametime
68af53ca2b923320a728e8f0,Cincinnati Reds at Milwaukee Brewers,2026-07-02 13:10:00.000,2500,0,538526c321efd33afb000003,0.0,gametime
68af53cc3ec90eeb885ad4c1,Cincinnati Reds at Milwaukee Brewers,2026-07-01 19:10:00.000,1500,0,538526c321efd33afb000003,10.383999999999997,gametime
68af54dd613b50d0d600ef05,Minnesota Twins at Houston Astros,2026-07-01 19:10:00.000,2600,0,53b30c243bf37646fb000002,9.8,gametime
68af55fcf81960799e88fe5f,San Francisco Giants at Arizona Diamondbacks,2026-07-01 18:40:00.000,2700,0,538526c421efd33afb000006,0.0,gametime
68af567fb645abdd501f0c64,Tampa Bay Rays at Kansas City Royals (Here Comes the Bloom Hawaiian Shirt Giveaway),2026-07-01 18:40:00.000,1800,0,538526c321efd33afb000004,5.672000000000001,gametime
68af58f060f33e20f906bae7,St. Louis Cardinals at Atlanta Braves,2026-07-01 19:15:00.000,2600,0,5876a1f7cde6626ebe0d3e87,0.0,gametime
68af5b705a8fe92ebf9ae78f,Los Angeles Dodgers at Athletics,2026-07-01 18:40:00.000,15600,0,55313d1878fea568e6000001,0.0,gametime
68af5b8c74310d5e52b01413,Miami Marlins at Colorado Rockies,2026-07-02 13:10:00.000,1200,0,53acb8a23bf3760237000006,0.0,gametime
68af5b8ca87c28317e966217,Miami Marlins at Colorado Rockies,2026-07-01 18:40:00.000,1200,0,53acb8a23bf3760237000006,0.0,gametime
68af4bbdc2578edd67b47178,Los Angeles Angels at Seattle Mariners (Cal Raleigh POP Collectible Giveaway),2026-07-02 18:40:00.000,1800,0,538526c321efd33afb000001,5.224,gametime
68af4bbdf81960799e88fae2,Toronto Blue Jays at Seattle Mariners,2026-07-03 19:10:00.000,6600,0,538526c321efd33afb000001,19.8,gametime
68af526ce679c40425be1ff2,Chicago White Sox at Cleveland Guardians,2026-07-02 18:40:00.000,3000,0,53beec013bf376503f000002,0.0,gametime
68af526cf2def3b1e914a1b5,Chicago White Sox at Cleveland Guardians (Free Shirt Friday),2026-07-03 19:10:00.000,4500,0,53beec013bf376503f000002,0.0,gametime
68af5298d0162bf797c0fb52,Minnesota Twins at New York Yankees (Fireworks Night),2026-07-03 19:05:00.000,4700,0,5362ccf73bf37627c6000003,150.43200000000002,gametime
68af544e7ac25ed1de5c9a5c,Pittsburgh Pirates at Washington Nationals,2026-07-03 18:45:00.000,3300,0,5388f0613bf3761afd000002,0.0,gametime
68af54854c5847540d933009,Baltimore Orioles at Cincinnati Reds,2026-07-03 19:10:00.000,2100,78400,53beec013bf376503f000001,0.0,gametime
68af54dd7ac25ed1de5c9a7b,Tampa Bay Rays at Houston Astros,2026-07-03 19:10:00.000,3300,0,53b30c243bf37646fb000002,0.0,gametime
68af55432b923320a728e95b,San Diego Padres at Los Angeles Dodgers,2026-07-02 19:10:00.000,10800,0,5333a2763bf3767900000001,0.0,gametime
68af554461f7e1fa25848c8d,San Diego Padres at Los Angeles Dodgers,2026-07-03 19:10:00.000,9200,0,5333a2763bf3767900000001,40.8,gametime
68af5547bbe8a1f1686b564b,Boston Red Sox at Los Angeles Angels (Patriotic Hat Giveaway),2026-07-03 18:38:00.000,1800,0,533d97153bf3766542000001,34.21600000000001,gametime
68af55bd74310d5e52b012a5,Detroit Tigers at Texas Rangers,2026-07-02 19:05:00.000,2400,0,5d9f4ea483e7d2003a7aa81a,14.8,gametime
68af55fcc2578edd67b474e6,Milwaukee Brewers at Arizona Diamondbacks,2026-07-03 18:40:00.000,4000,0,538526c421efd33afb000006,14.015999999999998,gametime
68af567e1ca2cb21ee10d56f,Tampa Bay Rays at Kansas City Royals (Armed Forces Day Thermo Giveaway),2026-07-02 18:40:00.000,2900,0,538526c321efd33afb000004,0.0,gametime
68af5868ceb30d39d5ba1a7e,St. Louis Cardinals at Chicago Cubs,2026-07-03 15:05:00.000,10400,0,533d97153bf3766542000002,0.0,gametime
68af58edafd35e5e7d650122,New York Mets at Atlanta Braves,2026-07-03 19:15:00.000,4000,0,5876a1f7cde6626ebe0d3e87,0.0,gametime
68af58eeaa4e560883783382,St. Louis Cardinals at Atlanta Braves,2026-07-02 19:15:00.000,2500,0,5876a1f7cde6626ebe0d3e87,37.66799999999999,gametime
68af5b728f863e886de02513,Miami Marlins at Athletics,2026-07-03 18:40:00.000,5400,0,55313d1878fea568e6000001,0.0,gametime
68af5b8dc814c51f4f8debab,San Francisco Giants at Colorado Rockies,2026-07-03 18:10:00.000,3500,0,53acb8a23bf3760237000006,21.6,gametime
68af4bbd61f7e1fa2584891d,Toronto Blue Jays at Seattle Mariners (Patriotic Bucket Hat Giveaway),2026-07-04 13:10:00.000,6300,0,538526c321efd33afb000001,48.128,gametime
68af526bf2def3b1e914a1b4,Chicago White Sox at Cleveland Guardians (Patriotic Hat Giveaway),2026-07-04 19:10:00.000,4900,0,53beec013bf376503f000002,24.8,gametime
68af5297bbe8a1f1686b5589,Minnesota Twins at New York Yankees (Yankees 4th of July Cap Day),2026-07-04 13:35:00.000,3800,0,5362ccf73bf37627c6000003,78.364,gametime
68af54503ec90eeb885ad4e1,Pittsburgh Pirates at Washington Nationals,2026-07-04 11:05:00.000,3100,0,5388f0613bf3761afd000002,0.0,gametime
68af5485515a42e3057fd8a8,Baltimore Orioles at Cincinnati Reds (USA Hat Giveaway),2026-07-04 19:10:00.000,2800,0,53beec013bf376503f000001,0.0,gametime
68af54dc2b923320a728e935,Tampa Bay Rays at Houston Astros,2026-07-04 18:10:00.000,3800,0,53b30c243bf37646fb000002,0.0,gametime
68af5545af43d83c9b349ae6,San Diego Padres at Los Angeles Dodgers,2026-07-04 19:10:00.000,10600,0,5333a2763bf3767900000001,52.0,gametime
68af5548af43d83c9b349ae7,Boston Red Sox at Los Angeles Angels,2026-07-04 18:38:00.000,1900,0,533d97153bf3766542000001,25.424000000000003,gametime
68af55bf0dcf1d7f796e5e8b,Detroit Tigers at Texas Rangers,2026-07-04 15:05:00.000,4300,0,5d9f4ea483e7d2003a7aa81a,0.0,gametime
68af55ff4c5847540d93306a,Milwaukee Brewers at Arizona Diamondbacks,2026-07-04 18:40:00.000,4700,0,538526c421efd33afb000006,13.232000000000005,gametime
68af567e4c5847540d933089,"Philadelphia Phillies at Kansas City Royals (Red, White & Bobby Bobblehead Giveaway)",2026-07-04 19:10:00.000,4000,0,538526c321efd33afb000004,14.048000000000004,gametime
68af58688f863e886de02456,St. Louis Cardinals at Chicago Cubs,2026-07-04 19:08:00.000,10300,0,533d97153bf3766542000002,28.488,gametime
68af5b71aa4e56088378343b,Miami Marlins at Athletics,2026-07-04 18:40:00.000,8400,0,55313d1878fea568e6000001,0.0,gametime
68af5b8d134a3cce602c9c6c,San Francisco Giants at Colorado Rockies,2026-07-04 18:10:00.000,3500,20500,53acb8a23bf3760237000006,22.032,gametime
68af4bbd3ec90eeb885ad1b5,Toronto Blue Jays at Seattle Mariners,2026-07-05 14:00:00.000,5600,0,538526c321efd33afb000001,0.0,gametime
68af4f2d0dcf1d7f796e5c66,New York Yankees at Tampa Bay Rays,2026-07-06 19:00:00.000,6800,0,54dcf29564f9620805000003,34.6,gametime
68af4f2e74310d5e52b01083,New York Yankees at Tampa Bay Rays,2026-07-08 18:40:00.000,5600,0,54dcf29564f9620805000003,42.23999999999997,gametime
68af4f2eec76d27570053541,New York Yankees at Tampa Bay Rays,2026-07-07 18:40:00.000,6500,0,54dcf29564f9620805000003,0.0,gametime
68af526cafd35e5e7d64ff58,Chicago White Sox at Cleveland Guardians,2026-07-05 14:00:00.000,2800,0,53beec013bf376503f000002,0.0,gametime
68af52930322779c79d27274,Kansas City Royals at New York Mets,2026-07-07 19:10:00.000,2000,0,5362ccf73bf37627c6000002,0.0,gametime
68af529759c7d399737f2601,Minnesota Twins at New York Yankees,2026-07-05 13:35:00.000,3100,0,5362ccf73bf37627c6000003,0.0,gametime
68af53f660f33e20f906b9da,Toronto Blue Jays at San Francisco Giants,2026-07-08 12:45:00.000,4000,0,52618c753bf3760b9c000004,0.0,gametime
68af53f6ab077556743aa0e8,Toronto Blue Jays at San Francisco Giants,2026-07-07 18:45:00.000,1600,0,52618c753bf3760b9c000004,6.416,gametime
68af53f70dcf1d7f796e5e1c,Toronto Blue Jays at San Francisco Giants,2026-07-06 18:45:00.000,2700,96500,52618c753bf3760b9c000004,13.188,gametime
68af544ec2578edd67b47480,Pittsburgh Pirates at Washington Nationals (Nationals Patriotic Shirt Giveaway),2026-07-05 13:35:00.000,2700,0,5388f0613bf3761afd000002,0.0,gametime
68af54502b923320a728e907,Houston Astros at Washington Nationals,2026-07-07 18:45:00.000,1800,0,5388f0613bf3761afd000002,0.0,gametime
68af5450b645abdd501f0bda,Houston Astros at Washington Nationals,2026-07-06 18:45:00.000,1800,0,5388f0613bf3761afd000002,0.0,gametime
68af54515a8fe92ebf9ae5c4,Houston Astros at Washington Nationals,2026-07-08 18:45:00.000,2000,0,5388f0613bf3761afd000002,0.0,gametime
68af5484a87c28317e966062,Baltimore Orioles at Cincinnati Reds,2026-07-05 13:00:00.000,2000,189600,53beec013bf376503f000001,0.0,gametime
68af54851ca2cb21ee10d4eb,Philadelphia Phillies at Cincinnati Reds,2026-07-07 19:10:00.000,2000,78400,53beec013bf376503f000001,0.0,gametime
68af54da3a17d236cc372cab,Tampa Bay Rays at Houston Astros,2026-07-05 14:30:00.000,3200,0,53b30c243bf37646fb000002,0.0,gametime
68af5542486ac15b7e7f7248,San Diego Padres at Los Angeles Dodgers,2026-07-05 16:20:00.000,7100,0,5333a2763bf3767900000001,24.6,gametime
68af5543613b50d0d600ef2c,Colorado Rockies at Los Angeles Dodgers,2026-07-06 19:10:00.000,8300,0,5333a2763bf3767900000001,14.8,gametime
68af5544afd35e5e7d650038,Colorado Rockies at Los Angeles Dodgers,2026-07-07 20:00:00.000,5200,0,5333a2763bf3767900000001,0.0,gametime
68af55482a5f2a35418d42e1,Boston Red Sox at Los Angeles Angels,2026-07-05 18:30:00.000,1800,0,533d97153bf3766542000001,30.2,gametime
68af55bf504ca5fba8a2b293,Los Angeles Angels at Texas Rangers,2026-07-07 19:05:00.000,1000,0,5d9f4ea483e7d2003a7aa81a,0.0,gametime
68af55bfab077556743aa148,Detroit Tigers at Texas Rangers,2026-07-05 14:30:00.000,2200,0,5d9f4ea483e7d2003a7aa81a,0.0,gametime
68af55fcab077556743aa154,Milwaukee Brewers at Arizona Diamondbacks,2026-07-05 13:10:00.000,3000,0,538526c421efd33afb000006,18.032,gametime
68af567e2b923320a728e99c,Philadelphia Phillies at Kansas City Royals,2026-07-05 14:00:00.000,1900,0,538526c321efd33afb000004,0.0,gametime
68af567eec76d27570053772,Philadelphia Phillies at Kansas City Royals,2026-07-06 13:10:00.000,1800,0,538526c321efd33afb000004,0.0,gametime
68af56a90dcf1d7f796e5ebd,Athletics at Detroit Tigers,2026-07-08 18:40:00.000,1700,0,53c03a3b3bf37612c4000002,0.0,gametime
68af56a9515a42e3057fd92c,Athletics at Detroit Tigers,2026-07-07 18:40:00.000,1600,0,53c03a3b3bf37612c4000002,0.0,gametime
68af58685a8fe92ebf9ae6dd,St. Louis Cardinals at Chicago Cubs (Clark the Cub Building Block Set Giveaway),2026-07-05 13:30:00.000,7100,0,533d97153bf3766542000002,40.44,gametime
68af586cf2def3b1e914a383,Boston Red Sox at Chicago White Sox,2026-07-07 18:40:00.000,1700,0,5362ccf73bf37627c6000004,0.0,gametime
68af58ed3a17d236cc372d8e,New York Mets at Atlanta Braves,2026-07-04 20:08:00.000,5500,0,5876a1f7cde6626ebe0d3e87,0.0,gametime
68af58edc2578edd67b4759e,New York Mets at Atlanta Braves,2026-07-06 19:15:00.000,2500,0,5876a1f7cde6626ebe0d3e87,0.0,gametime
68af58edc95bdeed8553efaf,New York Mets at Atlanta Braves,2026-07-05 12:30:00.000,2800,0,5876a1f7cde6626ebe0d3e87,0.0,gametime
68af5923247244404743fc11,Milwaukee Brewers at St. Louis Cardinals,2026-07-08 18:45:00.000,1400,0,54b5ab3b3bf3763f85000001,23.727999999999994,gametime
68af5924486ac15b7e7f731a,Milwaukee Brewers at St. Louis Cardinals,2026-07-07 18:45:00.000,1500,0,54b5ab3b3bf3763f85000001,4.6,gametime
68af5924c814c51f4f8dead4,Milwaukee Brewers at St. Louis Cardinals,2026-07-06 18:45:00.000,1900,0,54b5ab3b3bf3763f85000001,0.0,gametime
68af594d247244404743fc1b,Seattle Mariners at Miami Marlins,2026-07-08 18:40:00.000,1400,0,53acb8a23bf3760237000004,0.0,gametime
68af594e3ec90eeb885ad602,Seattle Mariners at Miami Marlins,2026-07-07 18:40:00.000,1600,0,53acb8a23bf3760237000004,0.0,gametime
68af5a011ca2cb21ee10d631,Cleveland Guardians at Minnesota Twins,2026-07-07 18:40:00.000,2000,0,538526c321efd33afb000005,0.0,gametime
68af5a01a87c28317e9661b2,Cleveland Guardians at Minnesota Twins,2026-07-08 18:40:00.000,2400,0,538526c321efd33afb000005,0.0,gametime
68af5a564c5847540d933172,Chicago Cubs at Baltimore Orioles,2026-07-07 18:35:00.000,3100,0,53bb068c3bf37624c3000004,0.0,gametime
68af5a587ac25ed1de5c9bc3,Chicago Cubs at Baltimore Orioles,2026-07-08 18:35:00.000,2700,0,53bb068c3bf37624c3000004,33.800000000000004,gametime
68af5a6d247244404743fc6d,Arizona Diamondbacks at San Diego Padres,2026-07-06 18:40:00.000,2400,203300,53692f0a3bf3760f90000001,0.0,gametime
68af5a6dab077556743aa26f,Arizona Diamondbacks at San Diego Padres,2026-07-07 18:40:00.000,2000,0,53692f0a3bf3760f90000001,0.0,gametime
68af5adad0162bf797c0fda0,Atlanta Braves at Pittsburgh Pirates,2026-07-07 18:40:00.000,4200,0,538526c321efd33afb000002,0.0,gametime
68af5adb6d6358b08448fc44,Atlanta Braves at Pittsburgh Pirates,2026-07-08 18:40:00.000,4400,0,538526c321efd33afb000002,0.0,gametime
68af5b72bbe8a1f1686b57d5,Miami Marlins at Athletics,2026-07-05 13:30:00.000,4200,0,55313d1878fea568e6000001,0.0,gametime
68af5b8d31b0417b2a9d627e,San Francisco Giants at Colorado Rockies,2026-07-05 14:00:00.000,1600,0,53acb8a23bf3760237000006,0.0,gametime
68af4f2ea87c28317e965ea0,New York Yankees at Tampa Bay Rays,2026-07-09 13:10:00.000,7300,0,54dcf29564f9620805000003,0.0,gametime
68af52933edac2b884b8bf6c,Kansas City Royals at New York Mets,2026-07-09 13:10:00.000,1700,119000,5362ccf73bf37627c6000002,0.0,gametime
68af5294aa4e5608837831ae,Kansas City Royals at New York Mets,2026-07-08 19:10:00.000,1400,0,5362ccf73bf37627c6000002,21.26400000000001,gametime
68af53f6486ac15b7e7f7202,Colorado Rockies at San Francisco Giants,2026-07-09 18:45:00.000,2300,0,52618c753bf3760b9c000004,6.612000000000001,gametime
68af5484630aca517177581d,Philadelphia Phillies at Cincinnati Reds (Jon Pardi Postgame Concert),2026-07-08 19:10:00.000,3300,0,53beec013bf376503f000001,18.448,gametime
68af554231b0417b2a9d60df,Colorado Rockies at Los Angeles Dodgers,2026-07-08 19:10:00.000,9500,0,5333a2763bf3767900000001,78.0,gametime
68af55bdf2def3b1e914a2d8,Los Angeles Angels at Texas Rangers,2026-07-08 19:05:00.000,1100,0,5d9f4ea483e7d2003a7aa81a,0.0,gametime
68af56a94c5847540d933098,Athletics at Detroit Tigers,2026-07-09 18:40:00.000,1700,0,53c03a3b3bf37612c4000002,0.0,gametime
68af58690dcf1d7f796e5f2a,Boston Red Sox at Chicago White Sox,2026-07-09 13:10:00.000,1600,0,5362ccf73bf37627c6000004,13.236,gametime
68af5869ec76d275700537e5,Boston Red Sox at Chicago White Sox,2026-07-08 23:59:00.000,1300,0,5362ccf73bf37627c6000004,0.0,gametime
68af59248f863e886de02479,Milwaukee Brewers at St. Louis Cardinals,2026-07-09 18:45:00.000,1800,0,54b5ab3b3bf3763f85000001,0.0,gametime
68af594ec95bdeed8553efc0,Seattle Mariners at Miami Marlins,2026-07-09 18:40:00.000,1600,0,53acb8a23bf3760237000004,2.368,gametime
68af5a01515a42e3057fd9ff,Cleveland Guardians at Minnesota Twins,2026-07-09 12:40:00.000,2500,0,538526c321efd33afb000005,0.0,gametime
68af5a59613b50d0d600f057,Chicago Cubs at Baltimore Orioles,2026-07-09 18:35:00.000,2800,0,53bb068c3bf37624c3000004,0.0,gametime
68af5a6c2b923320a728ea87,Arizona Diamondbacks at San Diego Padres,2026-07-09 18:40:00.000,1900,0,53692f0a3bf3760f90000001,21.000000000000004,gametime
68af5a6dec76d2757005384d,Arizona Diamondbacks at San Diego Padres (Trevor Hoffman Bobblehead Giveaway),2026-07-08 19:10:00.000,3100,0,53692f0a3bf3760f90000001,11.584000000000003,gametime
68af5adbc2578edd67b47631,Atlanta Braves at Pittsburgh Pirates,2026-07-09 12:35:00.000,3600,0,538526c321efd33afb000002,0.0,gametime
68af4f2c134a3cce602c992b,Seattle Mariners at Tampa Bay Rays,2026-07-11 16:10:00.000,5200,0,54dcf29564f9620805000003,0.0,gametime
68af4f2e0dcf1d7f796e5c67,Seattle Mariners at Tampa Bay Rays,2026-07-10 19:10:00.000,4500,0,54dcf29564f9620805000003,0.0,gametime
68af52944c5847540d932f73,Boston Red Sox at New York Mets,2026-07-10 19:10:00.000,4100,172600,5362ccf73bf37627c6000002,92.52,gametime
68af52968f863e886de022f2,Boston Red Sox at New York Mets,2026-07-11 16:10:00.000,5500,0,5362ccf73bf37627c6000002,12.848000000000004,gametime
68af53f6247244404743fae5,Colorado Rockies at San Francisco Giants (Gigantes Aloha Shirt Giveaway),2026-07-11 13:05:00.000,4800,0,52618c753bf3760b9c000004,20.172000000000004,gametime
68af53f83edac2b884b8bfdf,Colorado Rockies at San Francisco Giants,2026-07-10 19:15:00.000,4400,21700,52618c753bf3760b9c000004,0.0,gametime
68af544ff81960799e88fdf7,New York Yankees at Washington Nationals (Marvels Captain America Bobblehead Giveaway),2026-07-10 18:45:00.000,5200,136700,5388f0613bf3761afd000002,11.112,gametime
68af5450ceb30d39d5ba198f,New York Yankees at Washington Nationals,2026-07-11 16:05:00.000,7800,0,5388f0613bf3761afd000002,0.0,gametime
68af5483561870a68b9893cd,Philadelphia Phillies at Cincinnati Reds,2026-07-09 19:10:00.000,1900,78400,53beec013bf376503f000001,0.0,gametime
68af5483af43d83c9b349aab,Chicago Cubs at Cincinnati Reds,2026-07-10 19:10:00.000,3600,0,53beec013bf376503f000001,0.0,gametime
68af5543f81960799e88fe3f,Arizona Diamondbacks at Los Angeles Dodgers,2026-07-10 19:10:00.000,5900,0,5333a2763bf3767900000001,0.0,gametime
68af5545c2578edd67b474c6,Arizona Diamondbacks at Los Angeles Dodgers,2026-07-11 18:10:00.000,8100,0,5333a2763bf3767900000001,0.0,gametime
68af55bdec76d27570053750,Houston Astros at Texas Rangers,2026-07-10 19:05:00.000,2800,0,5d9f4ea483e7d2003a7aa81a,0.0,gametime
68af55bfaf43d83c9b349b03,Los Angeles Angels at Texas Rangers,2026-07-09 19:05:00.000,1700,0,5d9f4ea483e7d2003a7aa81a,41.904,gametime
68af55c0f2def3b1e914a2db,Houston Astros at Texas Rangers,2026-07-11 15:05:00.000,3500,0,5d9f4ea483e7d2003a7aa81a,20.819999999999983,gametime
68af56a91ca2cb21ee10d578,Philadelphia Phillies at Detroit Tigers,2026-07-10 18:40:00.000,2500,0,53c03a3b3bf37612c4000002,0.0,gametime
68af56a9504ca5fba8a2b2c5,Philadelphia Phillies at Detroit Tigers,2026-07-11 18:10:00.000,3200,0,53c03a3b3bf37612c4000002,0.0,gametime
68af586c3edac2b884b8c0db,Athletics at Chicago White Sox (Mexican Heritage Night),2026-07-10 18:40:00.000,3000,128100,5362ccf73bf37627c6000004,59.952000000000005,gametime
68af59243edac2b884b8c10f,Atlanta Braves at St. Louis Cardinals (Cardinals Garage Shirt Giveaway),2026-07-10 19:15:00.000,2400,0,54b5ab3b3bf3763f85000001,28.4,gametime
68af5924bf6276ee588dd963,Atlanta Braves at St. Louis Cardinals (David Eckstein Bobblehead Giveaway),2026-07-11 18:15:00.000,4100,0,54b5ab3b3bf3763f85000001,0.0,gametime
68af594dab077556743aa226,Cleveland Guardians at Miami Marlins,2026-07-10 19:10:00.000,1600,0,53acb8a23bf3760237000004,0.0,gametime
68af594e134a3cce602c9bb0,Cleveland Guardians at Miami Marlins,2026-07-11 16:10:00.000,1900,0,53acb8a23bf3760237000004,0.0,gametime
68af5a00c95bdeed8553eff1,Los Angeles Angels at Minnesota Twins,2026-07-11 13:10:00.000,3000,0,538526c321efd33afb000005,0.0,gametime
68af5a013ec90eeb885ad631,Los Angeles Angels at Minnesota Twins,2026-07-10 19:10:00.000,2300,0,538526c321efd33afb000005,0.0,gametime
68af5a5859c7d399737f281c,Kansas City Royals at Baltimore Orioles (Reversible Floppy Hat Giveaway),2026-07-10 19:05:00.000,3600,0,53bb068c3bf37624c3000004,20.4,gametime
68af5a6d515a42e3057fda29,Toronto Blue Jays at San Diego Padres,2026-07-10 18:40:00.000,3300,0,53692f0a3bf3760f90000001,0.0,gametime
68af5a6da87c28317e9661cb,Toronto Blue Jays at San Diego Padres,2026-07-11 17:40:00.000,3400,0,53692f0a3bf3760f90000001,0.0,gametime
68af5ada5a8fe92ebf9ae76a,Milwaukee Brewers at Pittsburgh Pirates (Pirates Cowboy Hat Giveaway),2026-07-11 16:05:00.000,5100,0,538526c321efd33afb000002,16.2,gametime
68af5adc613b50d0d600f07e,Milwaukee Brewers at Pittsburgh Pirates,2026-07-10 18:40:00.000,4400,0,538526c321efd33afb000002,0.0,gametime
68af4f2b0322779c79d2711e,Seattle Mariners at Tampa Bay Rays,2026-07-12 13:40:00.000,4600,0,54dcf29564f9620805000003,0.0,gametime
68af52932b923320a728e876,Boston Red Sox at New York Mets,2026-07-12 13:40:00.000,6200,0,5362ccf73bf37627c6000002,28.0,gametime
68af53f63ec90eeb885ad4cc,Colorado Rockies at San Francisco Giants (SpongeBob SquarePants Hat Giveaway),2026-07-12 13:05:00.000,5200,23300,52618c753bf3760b9c000004,0.0,gametime
68af5450c95bdeed8553eea3,New York Yankees at Washington Nationals,2026-07-12 13:35:00.000,5300,0,5388f0613bf3761afd000002,11.184000000000005,gametime
68af5483bf6276ee588dd844,Chicago Cubs at Cincinnati Reds,2026-07-12 13:40:00.000,2700,0,53beec013bf376503f000001,17.75999999999999,gametime
68af5483ec76d27570053702,Chicago Cubs at Cincinnati Reds (Team Baseball Card Set Giveaway),2026-07-11 19:10:00.000,3800,0,53beec013bf376503f000001,137.76,gametime
68af554474310d5e52b0128c,Arizona Diamondbacks at Los Angeles Dodgers,2026-07-12 13:10:00.000,8600,0,5333a2763bf3767900000001,0.0,gametime
68af55bd2a5f2a35418d42f9,Houston Astros at Texas Rangers,2026-07-12 13:35:00.000,2400,0,5d9f4ea483e7d2003a7aa81a,0.0,gametime
68af56a8630aca5171775892,Philadelphia Phillies at Detroit Tigers,2026-07-12 13:40:00.000,2300,0,53c03a3b3bf37612c4000002,0.0,gametime
68af586b515a42e3057fd9a8,Athletics at Chicago White Sox,2026-07-12 13:10:00.000,1600,0,5362ccf73bf37627c6000004,0.0,gametime
68af59242a5f2a35418d43b6,Atlanta Braves at St. Louis Cardinals (Kids Jersey Giveaway),2026-07-12 13:15:00.000,1700,0,54b5ab3b3bf3763f85000001,2.2,gametime
68af5950bf6276ee588dd96a,Cleveland Guardians at Miami Marlins,2026-07-12 13:40:00.000,1400,0,53acb8a23bf3760237000004,0.0,gametime
68af5a00e679c40425be21f3,Los Angeles Angels at Minnesota Twins,2026-07-12 13:10:00.000,2500,0,538526c321efd33afb000005,0.0,gametime
68af5a58c2578edd67b4760a,Kansas City Royals at Baltimore Orioles (Hot Dog Race Caps Giveaway),2026-07-11 19:05:00.000,2800,0,53bb068c3bf37624c3000004,0.0,gametime
68af5a58df4544316a760cb4,Kansas City Royals at Baltimore Orioles,2026-07-12 13:35:00.000,2500,0,53bb068c3bf37624c3000004,0.0,gametime
68af5a6cec76d2757005384c,Toronto Blue Jays at San Diego Padres (Kids Squeeze Top Water Bottle Giveaway),2026-07-12 13:10:00.000,3300,203300,53692f0a3bf3760f90000001,0.0,gametime
68af5ada6e994df60a6a21c0,Milwaukee Brewers at Pittsburgh Pirates (Kids Bandana Giveaway),2026-07-12 12:15:00.000,3800,0,538526c321efd33afb000002,0.0,gametime
68af4c14ceb30d39d5ba16bc,New York Mets at Philadelphia Phillies,2026-07-16 18:10:00.000,1400,42400,539619523bf37601f6000001,803.9599999999998,gametime
68af4bbc60f33e20f906b6c0,San Francisco Giants at Seattle Mariners,2026-07-18 17:08:00.000,3900,114000,538526c321efd33afb000001,1068.8000000000002,gametime
68af4bbdc814c51f4f8de6c6,San Francisco Giants at Seattle Mariners,2026-07-17 19:10:00.000,3700,74000,538526c321efd33afb000001,2437.1799999999994,gametime
68af4c140322779c79d27000,New York Mets at Philadelphia Phillies,2026-07-18 16:05:00.000,2300,0,539619523bf37601f6000001,563.2320000000001,gametime
68af4f68bbe8a1f1686b546b,Chicago White Sox at Toronto Blue Jays,2026-07-17 19:07:00.000,6500,0,55116f6864f9625eb3000001,879.2839999999999,gametime
68af4f6aaf43d83c9b3498e3,Chicago White Sox at Toronto Blue Jays (World Series Replica Rings Giveaway),2026-07-18 15:07:00.000,7700,0,55116f6864f9625eb3000001,777.924,gametime
68af526a4c5847540d932f63,Pittsburgh Pirates at Cleveland Guardians (Rescheduled from 7/17/2026),2026-07-18 13:10:00.000,3200,197900,53beec013bf376503f000002,573.7359999999999,gametime
68af5297630aca517177578f,Los Angeles Dodgers at New York Yankees,2026-07-17 19:05:00.000,7600,327500,5362ccf73bf37627c6000003,2975.1040000000003,gametime
68af53ca3a17d236cc372c75,Miami Marlins at Milwaukee Brewers,2026-07-18 15:10:00.000,3500,196200,538526c321efd33afb000003,294.864,gametime
68af53ca613b50d0d600eec5,Miami Marlins at Milwaukee Brewers,2026-07-17 18:40:00.000,1900,0,538526c321efd33afb000003,303.684,gametime
68af54dd59c7d399737f26ad,Baltimore Orioles at Houston Astros,2026-07-17 19:10:00.000,2300,0,53b30c243bf37646fb000002,683.3600000000001,gametime
68af54ddc814c51f4f8de9df,Baltimore Orioles at Houston Astros,2026-07-18 15:10:00.000,1900,615500,53b30c243bf37646fb000002,550.6239999999998,gametime
68af554631b0417b2a9d60e1,Detroit Tigers at Los Angeles Angels (Throwback Collared Crewneck Giveaway),2026-07-17 18:38:00.000,1000,17100,533d97153bf3766542000001,1039.18,gametime
68af55fc2a5f2a35418d4303,St. Louis Cardinals at Arizona Diamondbacks,2026-07-17 18:40:00.000,2800,33900,538526c421efd33afb000006,593.268,gametime
68af55fc60f33e20f906ba4c,St. Louis Cardinals at Arizona Diamondbacks,2026-07-18 13:10:00.000,3000,168800,538526c421efd33afb000006,531.1879999999998,gametime
68af567eceb30d39d5ba1a20,San Diego Padres at Kansas City Royals (Big Bobby Bobblehead Giveaway),2026-07-18 15:10:00.000,2500,0,538526c321efd33afb000004,292.984,gametime
68af567f2a5f2a35418d4323,San Diego Padres at Kansas City Royals,2026-07-17 19:10:00.000,3100,218600,538526c321efd33afb000004,244.804,gametime
68af5868630aca51717758e8,Minnesota Twins at Chicago Cubs,2026-07-17 19:05:00.000,8000,0,533d97153bf3766542000002,1902.284,gametime
68af5868ec76d275700537e4,Minnesota Twins at Chicago Cubs,2026-07-18 13:20:00.000,7700,173300,533d97153bf3766542000002,1398.8840000000005,gametime
68af58eec814c51f4f8deaca,Texas Rangers at Atlanta Braves,2026-07-18 16:10:00.000,1700,281600,5876a1f7cde6626ebe0d3e87,673.516,gametime
68af58efdf4544316a760c53,Texas Rangers at Atlanta Braves,2026-07-17 19:15:00.000,3100,0,5876a1f7cde6626ebe0d3e87,850.1840000000001,gametime
68af59923ec90eeb885ad619,Tampa Bay Rays at Boston Red Sox,2026-07-17 19:10:00.000,7300,0,5362ccf73bf37627c6000001,1338.6959999999997,gametime
68af599331b0417b2a9d61ed,Tampa Bay Rays at Boston Red Sox,2026-07-18 16:10:00.000,5100,153500,5362ccf73bf37627c6000001,826.2039999999996,gametime
68af5b7174310d5e52b01409,Washington Nationals at Athletics,2026-07-17 18:40:00.000,1800,24500,55313d1878fea568e6000001,374.5239999999999,gametime
68af5b8b486ac15b7e7f73cb,Cincinnati Reds at Colorado Rockies (Hot Dog Hat Giveaway),2026-07-18 13:10:00.000,1700,73800,53acb8a23bf3760237000006,660.168,gametime
68af5b8daa4e560883783447,Cincinnati Reds at Colorado Rockies (City Connect Mystery Player Jersey Giveaway),2026-07-17 18:40:00.000,2900,122400,53acb8a23bf3760237000006,1008.124,gametime
68af4bbcc95bdeed8553eb9a,San Francisco Giants at Seattle Mariners (00s Pin Giveaway),2026-07-19 13:10:00.000,1900,90100,538526c321efd33afb000001,1002.38,gametime
68af4f6abbe8a1f1686b5472,Chicago White Sox at Toronto Blue Jays,2026-07-19 12:15:00.000,4000,0,55116f6864f9625eb3000001,531.0559999999999,gametime
68af526a1ca2cb21ee10d43b,Pittsburgh Pirates at Cleveland Guardians (Jose Ramírez Camp Shirt Giveaway),2026-07-18 19:10:00.000,2800,179000,53beec013bf376503f000002,299.41200000000003,gametime
68af529761f7e1fa25848bb6,Los Angeles Dodgers at New York Yankees (Rescheduled from 7/18/2026),2026-07-19 12:35:00.000,2000,190800,5362ccf73bf37627c6000003,3202.9320000000016,gametime
68af53c9630aca51717757f0,Miami Marlins at Milwaukee Brewers,2026-07-19 13:10:00.000,1900,0,538526c321efd33afb000003,327.564,gametime
68af54ddc2578edd67b474a8,Baltimore Orioles at Houston Astros,2026-07-19 13:10:00.000,1300,615500,53b30c243bf37646fb000002,612.8360000000001,gametime
68af55465a8fe92ebf9ae610,Detroit Tigers at Los Angeles Angels,2026-07-18 19:07:00.000,600,0,533d97153bf3766542000001,626.4480000000004,gametime
68af55feec76d2757005375b,St. Louis Cardinals at Arizona Diamondbacks,2026-07-19 13:10:00.000,2300,150000,538526c421efd33afb000006,351.9120000000001,gametime
68af567ebf6276ee588dd8bc,San Diego Padres at Kansas City Royals,2026-07-19 13:10:00.000,1600,0,538526c321efd33afb000004,102.276,gametime
68af58667ac25ed1de5c9b51,Minnesota Twins at Chicago Cubs,2026-07-19 13:20:00.000,5500,188400,533d97153bf3766542000002,1050.288,gametime
68af5b706d6358b08448fc74,Washington Nationals at Athletics (Short Sleeve Hoodie Giveaway),2026-07-18 19:05:00.000,3000,63100,55313d1878fea568e6000001,236.62,gametime
68af5b71ec76d27570053896,Washington Nationals at Athletics,2026-07-19 13:05:00.000,800,19500,55313d1878fea568e6000001,117.44800000000002,gametime
68af5b8d0322779c79d274ba,Cincinnati Reds at Colorado Rockies,2026-07-19 13:10:00.000,1200,54500,53acb8a23bf3760237000006,384.7800000000001,gametime
68af4bbc3edac2b884b8bd00,Cincinnati Reds at Seattle Mariners,2026-07-22 12:40:00.000,1800,80900,538526c321efd33afb000001,325.844,gametime
68af4bbcceb30d39d5ba16ad,Cincinnati Reds at Seattle Mariners,2026-07-21 18:40:00.000,1700,109900,538526c321efd33afb000001,757.0120000000002,gametime
68af4bbdbf6276ee588dd526,Cincinnati Reds at Seattle Mariners,2026-07-20 18:40:00.000,1700,150900,538526c321efd33afb000001,609.7680000000001,gametime
68af4c136d6358b08448f7ec,New York Mets at Philadelphia Phillies,2026-07-19 13:35:00.000,2200,33100,539619523bf37601f6000001,561.576,gametime
68af4c15613b50d0d600ec22,Los Angeles Dodgers at Philadelphia Phillies,2026-07-21 18:40:00.000,1700,53400,539619523bf37601f6000001,542.1120000000001,gametime
68af4c1574310d5e52b00f3a,Los Angeles Dodgers at Philadelphia Phillies,2026-07-22 18:40:00.000,2800,73300,539619523bf37601f6000001,574.7520000000001,gametime
68af4c15c2578edd67b47187,Los Angeles Dodgers at Philadelphia Phillies,2026-07-20 19:10:00.000,3100,0,539619523bf37601f6000001,1250.028,gametime
68af4f6a486ac15b7e7f705c,Tampa Bay Rays at Toronto Blue Jays,2026-07-21 19:07:00.000,4900,89000,55116f6864f9625eb3000001,290.1360000000001,gametime
68af4f6a486ac15b7e7f705d,Tampa Bay Rays at Toronto Blue Jays,2026-07-20 19:07:00.000,4900,0,55116f6864f9625eb3000001,,gametime
68af4f6abbe8a1f1686b5471,Tampa Bay Rays at Toronto Blue Jays,2026-07-22 19:07:00.000,5400,0,55116f6864f9625eb3000001,243.844,gametime
68af5269f2def3b1e914a1b1,Minnesota Twins at Cleveland Guardians,2026-07-21 18:40:00.000,2500,0,53beec013bf376503f000002,38.68,gametime
68af526a0dcf1d7f796e5d7b,Minnesota Twins at Cleveland Guardians,2026-07-20 18:40:00.000,2700,0,53beec013bf376503f000002,86.852,gametime
68af526a3a17d236cc372bed,Pittsburgh Pirates at Cleveland Guardians,2026-07-19 13:40:00.000,4400,0,53beec013bf376503f000002,316.432,gametime
68af526aaa4e560883783197,Minnesota Twins at Cleveland Guardians,2026-07-22 18:40:00.000,2800,0,53beec013bf376503f000002,79.4,gametime
68af5297486ac15b7e7f7183,Pittsburgh Pirates at New York Yankees (Yankees T-Shirt Night),2026-07-20 19:05:00.000,2300,0,5362ccf73bf37627c6000003,1436.004,gametime
68af5297613b50d0d600ee5b,Pittsburgh Pirates at New York Yankees,2026-07-21 19:05:00.000,1500,0,5362ccf73bf37627c6000003,913.2160000000002,gametime
68af5297ab077556743aa06d,Los Angeles Dodgers at New York Yankees,2026-07-19 19:20:00.000,2300,269800,5362ccf73bf37627c6000003,3800.792000000001,gametime
68af5297b645abdd501f0b55,Pittsburgh Pirates at New York Yankees,2026-07-22 13:35:00.000,900,125000,5362ccf73bf37627c6000003,480.224,gametime
68af53cb247244404743fad7,New York Mets at Milwaukee Brewers,2026-07-20 18:40:00.000,1800,0,538526c321efd33afb000003,336.30000000000007,gametime
68af53cb7ac25ed1de5c9a3f,New York Mets at Milwaukee Brewers,2026-07-22 13:10:00.000,1800,0,538526c321efd33afb000003,119.192,gametime
68af53ccafd35e5e7d64ffd7,New York Mets at Milwaukee Brewers,2026-07-21 18:40:00.000,1300,0,538526c321efd33afb000003,174.06400000000005,gametime
68af54ddafd35e5e7d650011,Miami Marlins at Houston Astros,2026-07-20 19:10:00.000,1000,473500,53b30c243bf37646fb000002,215.82,gametime
68af54ddbbe8a1f1686b561f,Miami Marlins at Houston Astros,2026-07-22 19:10:00.000,7100,21900,53b30c243bf37646fb000002,611.916,gametime
68af54ddceb30d39d5ba19a9,Miami Marlins at Houston Astros,2026-07-21 19:10:00.000,1200,0,53b30c243bf37646fb000002,225.784,gametime
68af55478f863e886de023a6,Detroit Tigers at Los Angeles Angels,2026-07-19 13:07:00.000,500,0,533d97153bf3766542000001,211.132,gametime
68af5547aa4e56088378329e,St. Louis Cardinals at Los Angeles Angels (Throwback Clear Backpack Giveaway),2026-07-20 19:10:00.000,700,0,533d97153bf3766542000001,471.2480000000001,gametime
68af5548ab077556743aa12a,St. Louis Cardinals at Los Angeles Angels,2026-07-21 18:38:00.000,500,100300,533d97153bf3766542000001,331.2000000000001,gametime
68af5549ab077556743aa12c,St. Louis Cardinals at Los Angeles Angels,2026-07-22 13:07:00.000,500,0,533d97153bf3766542000001,138.73999999999995,gametime
68af55bd7ac25ed1de5c9ac0,Chicago White Sox at Texas Rangers,2026-07-20 19:05:00.000,1300,0,5d9f4ea483e7d2003a7aa81a,419.332,gametime
68af55bfc2578edd67b474dd,Chicago White Sox at Texas Rangers,2026-07-21 19:05:00.000,1100,301700,5d9f4ea483e7d2003a7aa81a,217.724,gametime
68af55bfd0162bf797c0fc31,Chicago White Sox at Texas Rangers,2026-07-22 19:05:00.000,1900,20700,5d9f4ea483e7d2003a7aa81a,899.396,gametime
68af55fd561870a68b989427,Athletics at Arizona Diamondbacks,2026-07-22 12:40:00.000,1400,0,538526c421efd33afb000006,75.58000000000001,gametime
68af55fe60f33e20f906ba4d,Athletics at Arizona Diamondbacks,2026-07-21 18:40:00.000,1500,30400,538526c421efd33afb000006,149.688,gametime
68af55feaa4e5608837832ce,Athletics at Arizona Diamondbacks,2026-07-20 18:40:00.000,1600,0,538526c421efd33afb000006,151.508,gametime
68af567e3a17d236cc372d0b,San Francisco Giants at Kansas City Royals,2026-07-20 18:40:00.000,1000,0,538526c321efd33afb000004,,gametime
68af567ec2578edd67b4750a,San Francisco Giants at Kansas City Royals,2026-07-22 13:10:00.000,800,0,538526c321efd33afb000004,28.988000000000003,gametime
68af567ef81960799e88fe78,San Francisco Giants at Kansas City Royals (Maikels Big Time Bat Flip Bobblehead Giveaway),2026-07-21 18:40:00.000,1900,0,538526c321efd33afb000004,101.056,gametime
68af5866aa4e560883783364,Detroit Tigers at Chicago Cubs,2026-07-21 19:05:00.000,3900,377100,533d97153bf3766542000002,907.256,gametime
68af58670dcf1d7f796e5f27,Detroit Tigers at Chicago Cubs,2026-07-20 19:05:00.000,4900,0,533d97153bf3766542000002,1049.732,gametime
68af5868a87c28317e96614f,Detroit Tigers at Chicago Cubs (2016 World Series Anniversary Surprise Pin Giveaway),2026-07-22 19:10:00.000,8300,41300,533d97153bf3766542000002,2661.0840000000003,gametime
68af58ee5a8fe92ebf9ae6f3,San Diego Padres at Atlanta Braves,2026-07-20 19:15:00.000,1100,0,5876a1f7cde6626ebe0d3e87,289.864,gametime
68af58ee630aca5171775901,Texas Rangers at Atlanta Braves,2026-07-19 13:35:00.000,1300,0,5876a1f7cde6626ebe0d3e87,341.7280000000001,gametime
68af58ee8f863e886de0246d,San Diego Padres at Atlanta Braves,2026-07-22 19:15:00.000,1200,0,5876a1f7cde6626ebe0d3e87,242.356,gametime
68af58ef3ec90eeb885ad5f3,San Diego Padres at Atlanta Braves (Ha-Seong Kim Bobblehead Giveaway),2026-07-21 19:15:00.000,1200,0,5876a1f7cde6626ebe0d3e87,283.8039999999999,gametime
68af59900322779c79d27435,Baltimore Orioles at Boston Red Sox,2026-07-22 19:10:00.000,6600,0,5362ccf73bf37627c6000001,779.0400000000003,gametime
68af5990ab077556743aa22d,Baltimore Orioles at Boston Red Sox,2026-07-21 19:10:00.000,5400,0,5362ccf73bf37627c6000001,848.376,gametime
68af59912a5f2a35418d43cd,Baltimore Orioles at Boston Red Sox,2026-07-20 19:10:00.000,8000,0,5362ccf73bf37627c6000001,1338.5839999999996,gametime
68af5991b645abdd501f0d13,Tampa Bay Rays at Boston Red Sox,2026-07-19 13:35:00.000,4800,0,5362ccf73bf37627c6000001,1229.3839999999996,gametime
68af5b8dc2578edd67b47668,Washington Nationals at Colorado Rockies,2026-07-22 13:10:00.000,1100,23600,53acb8a23bf3760237000006,55.152,gametime
68af5b8df81960799e88ffcd,Washington Nationals at Colorado Rockies,2026-07-20 18:40:00.000,1200,0,53acb8a23bf3760237000006,325.76000000000005,gametime
68af5b8e515a42e3057fda91,Washington Nationals at Colorado Rockies,2026-07-21 18:40:00.000,1400,20400,53acb8a23bf3760237000006,231.95200000000003,gametime
68af4f69515a42e3057fd6fe,Tampa Bay Rays at Toronto Blue Jays,2026-07-23 15:07:00.000,4700,0,55116f6864f9625eb3000001,269.1920000000001,gametime
68af526b6e994df60a6a1f89,Minnesota Twins at Cleveland Guardians,2026-07-23 13:10:00.000,2800,0,53beec013bf376503f000002,145.94799999999998,gametime
68af56a9e679c40425be2124,Kansas City Royals at Detroit Tigers,2026-07-23 18:40:00.000,1800,0,53c03a3b3bf37612c4000002,438.9359999999999,gametime
68af58ee1ca2cb21ee10d5f5,San Diego Padres at Atlanta Braves,2026-07-23 12:15:00.000,1000,0,5876a1f7cde6626ebe0d3e87,168.32000000000005,gametime
68af4c14c2578edd67b47186,New York Yankees at Philadelphia Phillies,2026-07-24 18:40:00.000,6000,0,539619523bf37601f6000001,1743.9080000000006,gametime
68af4f2b515a42e3057fd6d6,Cleveland Guardians at Tampa Bay Rays,2026-07-24 19:10:00.000,6400,84700,54dcf29564f9620805000003,348.20399999999995,gametime
68af529431b0417b2a9d6018,Los Angeles Dodgers at New York Mets,2026-07-24 19:10:00.000,5100,70000,5362ccf73bf37627c6000002,2318.872,gametime
68af53c98f863e886de0235a,Colorado Rockies at Milwaukee Brewers,2026-07-24 15:10:00.000,1600,196200,538526c321efd33afb000003,467.98,gametime
68af53f8ab077556743aa0e9,Los Angeles Angels at San Francisco Giants,2026-07-24 19:15:00.000,4700,150000,52618c753bf3760b9c000004,1282.2320000000002,gametime
68af544f515a42e3057fd897,Arizona Diamondbacks at Washington Nationals (Jason Derulo Postgame Concert),2026-07-24 18:45:00.000,4200,72600,5388f0613bf3761afd000002,1162.8119999999997,gametime
68af55bfaa4e5608837832c2,Seattle Mariners at Texas Rangers,2026-07-24 19:05:00.000,1900,76300,5d9f4ea483e7d2003a7aa81a,852.9920000000001,gametime
68af56a7bf6276ee588dd8c4,Kansas City Royals at Detroit Tigers (Flo Rida Postgame Concert),2026-07-24 18:40:00.000,2800,41400,53c03a3b3bf37612c4000002,1950.1200000000008,gametime
68af586aa87c28317e966151,Houston Astros at Chicago White Sox,2026-07-24 18:40:00.000,2300,93000,5362ccf73bf37627c6000004,1272.3479999999995,gametime
68af59234c5847540d933121,Cincinnati Reds at St. Louis Cardinals,2026-07-24 19:15:00.000,1700,19200,54b5ab3b3bf3763f85000001,527.752,gametime
68af594e486ac15b7e7f7325,San Diego Padres at Miami Marlins,2026-07-24 19:10:00.000,1200,84000,53acb8a23bf3760237000004,521.8120000000001,gametime
68af5990f2def3b1e914a3cc,Toronto Blue Jays at Boston Red Sox,2026-07-24 19:10:00.000,9600,0,5362ccf73bf37627c6000001,4213.815999999998,gametime
68af5a02e679c40425be21f6,Athletics at Minnesota Twins,2026-07-24 19:10:00.000,2600,62000,538526c321efd33afb000005,301.308,gametime
68af5a58247244404743fc68,Atlanta Braves at Baltimore Orioles (Birdland Hawaiian Shirt Giveaway),2026-07-24 19:05:00.000,2500,43600,53bb068c3bf37624c3000004,1457.2880000000005,gametime
68af5adb59c7d399737f284c,Chicago Cubs at Pittsburgh Pirates (Yinzerpalooza T-Shirt Giveaway),2026-07-24 18:40:00.000,4300,60300,538526c321efd33afb000002,1115.988,gametime
68af4c150322779c79d27001,New York Yankees at Philadelphia Phillies,2026-07-25 18:05:00.000,10300,272700,539619523bf37601f6000001,1545.0560000000005,gametime
68af4f2bceb30d39d5ba17f3,Cleveland Guardians at Tampa Bay Rays,2026-07-25 18:10:00.000,4000,107100,54dcf29564f9620805000003,371.5279999999999,gametime
68af5294630aca517177578c,Los Angeles Dodgers at New York Mets,2026-07-25 19:15:00.000,3500,69100,5362ccf73bf37627c6000002,2065.9880000000003,gametime
68af53cbaf43d83c9b349a83,Colorado Rockies at Milwaukee Brewers,2026-07-25 18:10:00.000,3000,0,538526c321efd33afb000003,614.2400000000001,gametime
68af53f6504ca5fba8a2b21f,Los Angeles Angels at San Francisco Giants (Vintage Button-up Giveaway),2026-07-25 13:05:00.000,4000,131300,52618c753bf3760b9c000004,1347.268,gametime
68af545031b0417b2a9d609b,Arizona Diamondbacks at Washington Nationals (Harry Potter Day Tank Top Giveaway),2026-07-25 16:05:00.000,2000,74700,5388f0613bf3761afd000002,451.412,gametime
68af55bf31b0417b2a9d60fd,Seattle Mariners at Texas Rangers,2026-07-25 18:15:00.000,1700,0,5d9f4ea483e7d2003a7aa81a,537.0039999999999,gametime
68af56a7afd35e5e7d650090,Kansas City Royals at Detroit Tigers,2026-07-25 13:10:00.000,2400,107800,53c03a3b3bf37612c4000002,745.6399999999999,gametime
68af586b4c5847540d933101,Houston Astros at Chicago White Sox (City Connect Warmup Giveaway),2026-07-25 18:10:00.000,2400,65500,5362ccf73bf37627c6000004,1214.6799999999996,gametime
68af5924f81960799e88ff1b,Cincinnati Reds at St. Louis Cardinals (Victory Blue Saturday Jersey Giveaway),2026-07-25 18:15:00.000,2100,0,54b5ab3b3bf3763f85000001,583.488,gametime
68af594ef2def3b1e914a3b6,San Diego Padres at Miami Marlins,2026-07-25 16:10:00.000,1500,99600,53acb8a23bf3760237000004,409.75999999999993,gametime
68af59903edac2b884b8c126,Toronto Blue Jays at Boston Red Sox,2026-07-25 16:10:00.000,10400,376000,5362ccf73bf37627c6000001,3106.8000000000006,gametime
68af5a020322779c79d27454,Athletics at Minnesota Twins,2026-07-25 18:10:00.000,2600,244000,538526c321efd33afb000005,355.4959999999999,gametime
68af5a587ac25ed1de5c9bc2,Atlanta Braves at Baltimore Orioles (Birdland Hawaiian Shirt Giveaway),2026-07-25 19:05:00.000,3400,42600,53bb068c3bf37624c3000004,1161.8680000000002,gametime
68af5adac814c51f4f8deb65,Chicago Cubs at Pittsburgh Pirates,2026-07-25 18:40:00.000,6600,0,538526c321efd33afb000002,1565.4880000000005,gametime
68af4c143ec90eeb885ad1ce,New York Yankees at Philadelphia Phillies (Kids Philadelphia Water Ice Phanatic Cap),2026-07-26 19:20:00.000,6000,11531600,539619523bf37601f6000001,1651.0519999999997,gametime
68af4f2c0322779c79d2711f,Cleveland Guardians at Tampa Bay Rays,2026-07-26 12:10:00.000,2800,89700,54dcf29564f9620805000003,207.43600000000004,gametime
68af4f2cbbe8a1f1686b5449,Texas Rangers at Tampa Bay Rays,2026-07-28 18:40:00.000,1700,46900,54dcf29564f9620805000003,11.38,gametime
68af52945a8fe92ebf9ae522,Atlanta Braves at New York Mets (Rescheduled from 7/28),2026-07-29 19:10:00.000,700,57100,5362ccf73bf37627c6000002,569.8,gametime
68af52956d6358b08448fa56,Los Angeles Dodgers at New York Mets,2026-07-26 13:40:00.000,4400,55500,5362ccf73bf37627c6000002,1404.1960000000006,gametime
68af5295f81960799e88fd5d,Atlanta Braves at New York Mets,2026-07-27 19:10:00.000,1200,47600,5362ccf73bf37627c6000002,455.12,gametime
68af53c9ec76d275700536dd,Colorado Rockies at Milwaukee Brewers,2026-07-26 13:10:00.000,2900,0,538526c321efd33afb000003,352.8840000000001,gametime
68af53f61ca2cb21ee10d4c6,Los Angeles Angels at San Francisco Giants (Matt Chapman T-shirt Giveaway),2026-07-26 13:05:00.000,3200,0,52618c753bf3760b9c000004,360.42,gametime
68af53f7c95bdeed8553ee8b,Milwaukee Brewers at San Francisco Giants,2026-07-27 18:45:00.000,1400,112500,52618c753bf3760b9c000004,316.844,gametime
68af53f8561870a68b9893b7,Milwaukee Brewers at San Francisco Giants,2026-07-28 18:45:00.000,1400,112500,52618c753bf3760b9c000004,316.1119999999999,gametime
68af5450134a3cce602c9aa7,Toronto Blue Jays at Washington Nationals,2026-07-28 18:45:00.000,2100,0,5388f0613bf3761afd000002,39.856,gametime
68af545059c7d399737f2698,Toronto Blue Jays at Washington Nationals,2026-07-27 18:45:00.000,1800,0,5388f0613bf3761afd000002,73.64399999999999,gametime
68af54516d6358b08448fad5,Arizona Diamondbacks at Washington Nationals (Kids Plush Keychain Giveaway),2026-07-26 13:35:00.000,1800,0,5388f0613bf3761afd000002,138.768,gametime
68af54830322779c79d27307,Cleveland Guardians at Cincinnati Reds,2026-07-27 19:10:00.000,1100,0,53beec013bf376503f000001,178.03200000000004,gametime
68af548360f33e20f906b9f2,Cleveland Guardians at Cincinnati Reds,2026-07-28 19:10:00.000,1800,0,53beec013bf376503f000001,236.308,gametime
68af5545ab077556743aa127,Seattle Mariners at Los Angeles Dodgers,2026-07-28 19:10:00.000,10500,188400,5333a2763bf3767900000001,395.52,gametime
68af55485a8fe92ebf9ae615,Houston Astros at Los Angeles Angels,2026-07-28 18:38:00.000,400,0,533d97153bf3766542000001,131.344,gametime
68af55498f863e886de023a7,Houston Astros at Los Angeles Angels,2026-07-27 18:38:00.000,400,302400,533d97153bf3766542000001,321.672,gametime
68af55be613b50d0d600ef48,Seattle Mariners at Texas Rangers,2026-07-27 13:35:00.000,1400,169600,5d9f4ea483e7d2003a7aa81a,165.668,gametime
68af55bf5a8fe92ebf9ae639,Seattle Mariners at Texas Rangers,2026-07-26 13:35:00.000,1300,169600,5d9f4ea483e7d2003a7aa81a,373.82,gametime
68af56a7ceb30d39d5ba1a25,Baltimore Orioles at Detroit Tigers,2026-07-28 18:40:00.000,1300,0,53c03a3b3bf37612c4000002,112.76,gametime
68af56a8ceb30d39d5ba1a26,Kansas City Royals at Detroit Tigers,2026-07-26 13:40:00.000,2000,74900,53c03a3b3bf37612c4000002,356.916,gametime
68af56a8d0162bf797c0fc71,Baltimore Orioles at Detroit Tigers,2026-07-27 18:40:00.000,900,0,53c03a3b3bf37612c4000002,122.09199999999998,gametime
68af586ae679c40425be218f,New York Yankees at Chicago White Sox,2026-07-27 18:40:00.000,1700,341800,5362ccf73bf37627c6000004,416.352,gametime
68af586b59c7d399737f27a5,New York Yankees at Chicago White Sox,2026-07-28 18:40:00.000,1800,93400,5362ccf73bf37627c6000004,719.4200000000002,gametime
68af586b5a8fe92ebf9ae6df,Houston Astros at Chicago White Sox,2026-07-26 13:10:00.000,2000,103100,5362ccf73bf37627c6000004,763.1599999999997,gametime
68af5923561870a68b9894ca,Chicago Cubs at St. Louis Cardinals,2026-07-27 18:45:00.000,2300,225300,54b5ab3b3bf3763f85000001,93.064,gametime
68af5924a87c28317e966170,Chicago Cubs at St. Louis Cardinals,2026-07-28 18:45:00.000,2100,0,54b5ab3b3bf3763f85000001,59.912000000000006,gametime
68af5924b645abdd501f0cf9,Cincinnati Reds at St. Louis Cardinals (Kids Fredbird Hat Giveaway),2026-07-26 13:15:00.000,1400,0,54b5ab3b3bf3763f85000001,105.408,gametime
68af5950134a3cce602c9bb2,San Diego Padres at Miami Marlins,2026-07-26 13:40:00.000,1200,81300,53acb8a23bf3760237000004,246.36000000000004,gametime
68af5950630aca5171775916,Philadelphia Phillies at Miami Marlins,2026-07-29 12:10:00.000,1100,0,53acb8a23bf3760237000004,208.588,gametime
68af59506e994df60a6a2160,Philadelphia Phillies at Miami Marlins,2026-07-27 18:40:00.000,1200,0,53acb8a23bf3760237000004,181.1,gametime
68af5950e679c40425be21c7,Philadelphia Phillies at Miami Marlins,2026-07-28 18:40:00.000,1300,61300,53acb8a23bf3760237000004,41.6,gametime
68af5990a87c28317e96618d,Toronto Blue Jays at Boston Red Sox,2026-07-26 13:35:00.000,9000,250700,5362ccf73bf37627c6000001,1242.9,gametime
68af5a02a87c28317e9661b4,Athletics at Minnesota Twins,2026-07-26 13:10:00.000,1600,112500,538526c321efd33afb000005,40.464000000000006,gametime
68af5a02b645abdd501f0d2d,Kansas City Royals at Minnesota Twins,2026-07-28 18:40:00.000,2300,187700,538526c321efd33afb000005,19.552,gametime
68af5a58561870a68b98950d,Atlanta Braves at Baltimore Orioles (Kids Birdland Hawaiian Shirt Giveaway),2026-07-26 13:35:00.000,1700,59500,53bb068c3bf37624c3000004,531.1160000000001,gametime
68af5a6eec76d2757005384f,Colorado Rockies at San Diego Padres (Poncho Giveaway),2026-07-28 18:40:00.000,3500,0,53692f0a3bf3760f90000001,691.3880000000001,gametime
68af5adaa87c28317e9661e1,Arizona Diamondbacks at Pittsburgh Pirates,2026-07-29 12:35:00.000,3800,0,538526c321efd33afb000002,12.812000000000005,gametime
68af5adab645abdd501f0d6a,Arizona Diamondbacks at Pittsburgh Pirates,2026-07-28 18:40:00.000,2500,88100,538526c321efd33afb000002,77.996,gametime
68af5adae679c40425be223a,Chicago Cubs at Pittsburgh Pirates (Kids Daniel Tiger Plush Giveaway),2026-07-26 13:35:00.000,3800,117500,538526c321efd33afb000002,306.184,gametime
68af5adaf2def3b1e914a43e,Arizona Diamondbacks at Pittsburgh Pirates,2026-07-27 18:40:00.000,3500,0,538526c321efd33afb000002,88.98800000000001,gametime
68af5b706e994df60a6a21e9,Boston Red Sox at Athletics,2026-07-28 18:40:00.000,2600,129900,55313d1878fea568e6000001,147.82,gametime
68af5b718f863e886de02512,Boston Red Sox at Athletics,2026-07-27 18:40:00.000,3100,101900,55313d1878fea568e6000001,302.94,gametime
68af4f2d2a5f2a35418d40ce,Texas Rangers at Tampa Bay Rays,2026-07-30 12:10:00.000,1700,84700,54dcf29564f9620805000003,152.584,gametime
68af4f2e31b0417b2a9d5eef,Texas Rangers at Tampa Bay Rays,2026-07-29 18:40:00.000,1600,53300,54dcf29564f9620805000003,184.116,gametime
68af52940dcf1d7f796e5d92,Miami Marlins at New York Mets,2026-07-30 19:10:00.000,1100,40400,5362ccf73bf37627c6000002,245.64000000000004,gametime
68af5294c95bdeed8553ee12,Atlanta Braves at New York Mets,2026-07-29 13:10:00.000,700,53800,5362ccf73bf37627c6000002,189.864,gametime
68af53f85a8fe92ebf9ae5ae,Milwaukee Brewers at San Francisco Giants,2026-07-29 12:45:00.000,1700,23400,52618c753bf3760b9c000004,580.684,gametime
68af5450e679c40425be2091,Toronto Blue Jays at Washington Nationals,2026-07-29 13:05:00.000,1600,0,5388f0613bf3761afd000002,92.96,gametime
68af54832a5f2a35418d42a6,Cleveland Guardians at Cincinnati Reds,2026-07-29 19:10:00.000,2500,24600,53beec013bf376503f000001,411.492,gametime
68af5483ab077556743aa104,Pittsburgh Pirates at Cincinnati Reds,2026-07-30 19:10:00.000,1000,14700,53beec013bf376503f000001,396.9440000000001,gametime
68af5484df4544316a760b55,Pittsburgh Pirates at Cincinnati Reds (Marshmello Postgame Concert),2026-07-31 18:10:00.000,2700,170300,53beec013bf376503f000001,621.804,gametime
68af55456d6358b08448fb0c,Seattle Mariners at Los Angeles Dodgers,2026-07-30 19:10:00.000,6500,0,5333a2763bf3767900000001,1106.4840000000002,gametime
68af5545ec76d2757005373e,Seattle Mariners at Los Angeles Dodgers,2026-07-29 19:10:00.000,6200,175000,5333a2763bf3767900000001,1594.5599999999995,gametime
68af554760f33e20f906ba2a,Milwaukee Brewers at Los Angeles Angels (SpongeBob Angels Jersey Giveaway),2026-07-31 18:38:00.000,1400,0,533d97153bf3766542000001,2163.312000000001,gametime
68af55486e994df60a6a206e,Houston Astros at Los Angeles Angels (City Connect Beach Towel Giveaway),2026-07-29 18:38:00.000,700,64500,533d97153bf3766542000001,819.9120000000004,gametime
68af56a861f7e1fa25848ce1,Baltimore Orioles at Detroit Tigers,2026-07-29 13:10:00.000,1400,74900,53c03a3b3bf37612c4000002,170.89600000000002,gametime
68af5868ab077556743aa1f5,New York Yankees at Chicago Cubs,2026-07-31 13:20:00.000,8500,78200,533d97153bf3766542000002,1376.7519999999995,gametime
68af586b613b50d0d600efd8,New York Yankees at Chicago White Sox,2026-07-30 13:10:00.000,1400,61800,5362ccf73bf37627c6000004,613.304,gametime
68af586bc2578edd67b47588,New York Yankees at Chicago White Sox,2026-07-29 18:40:00.000,1800,136700,5362ccf73bf37627c6000004,1271.8359999999998,gametime
68af58ef60f33e20f906bae6,Washington Nationals at Atlanta Braves (Andruw Jones Bobblehead Giveaway),2026-07-30 19:15:00.000,1300,55500,5876a1f7cde6626ebe0d3e87,781.1800000000001,gametime
68af59245a8fe92ebf9ae6fd,Chicago Cubs at St. Louis Cardinals,2026-07-29 18:45:00.000,2200,75500,54b5ab3b3bf3763f85000001,734.1560000000002,gametime
68af59246e994df60a6a2155,Chicago Cubs at St. Louis Cardinals,2026-07-30 13:15:00.000,1500,64200,54b5ab3b3bf3763f85000001,536.3919999999999,gametime
68af5a008f863e886de024aa,Kansas City Royals at Minnesota Twins,2026-07-30 12:40:00.000,3300,15000,538526c321efd33afb000005,84.79999999999998,gametime
68af5a03b645abdd501f0d2e,Kansas City Royals at Minnesota Twins,2026-07-29 18:40:00.000,2000,73900,538526c321efd33afb000005,73.13600000000002,gametime
68af5a6dbf6276ee588dd9c8,San Francisco Giants at San Diego Padres (Home and Away Bucket Hat Giveaway),2026-07-30 18:40:00.000,4400,61600,53692f0a3bf3760f90000001,1754.855999999999,gametime
68af5a6dd0162bf797c0fd7f,San Francisco Giants at San Diego Padres,2026-07-31 18:45:00.000,4500,0,53692f0a3bf3760f90000001,1684.5640000000003,gametime
68af5a6e74310d5e52b013b2,Colorado Rockies at San Diego Padres,2026-07-29 13:10:00.000,800,19700,53692f0a3bf3760f90000001,882.5559999999998,gametime
68af5b70486ac15b7e7f73c0,Boston Red Sox at Athletics,2026-07-29 18:40:00.000,2200,150200,55313d1878fea568e6000001,242.528,gametime
68af5b710dcf1d7f796e5ff9,Boston Red Sox at Athletics,2026-07-30 18:40:00.000,2600,77500,55313d1878fea568e6000001,348.32400000000007,gametime
68af5b71613b50d0d600f0b4,Detroit Tigers at Athletics,2026-07-31 18:40:00.000,2100,0,55313d1878fea568e6000001,316.108,gametime
68af5b8c6e994df60a6a21eb,Kansas City Royals at Colorado Rockies (City Connect Floppy Hat Giveaway),2026-07-31 18:40:00.000,3000,627000,53acb8a23bf3760237000006,1185.6919999999998,gametime
68af4bbeb645abdd501f08cb,Minnesota Twins at Seattle Mariners,2026-07-31 19:10:00.000,3100,80400,538526c321efd33afb000001,2255.1600000000008,gametime
68af4f2b486ac15b7e7f703b,Chicago White Sox at Tampa Bay Rays,2026-08-01 16:10:00.000,2900,0,54dcf29564f9620805000003,269.88,gametime
68af4f2b74310d5e52b01080,Chicago White Sox at Tampa Bay Rays,2026-07-31 19:10:00.000,2500,0,54dcf29564f9620805000003,269.192,gametime
68af4f693edac2b884b8be71,St. Louis Cardinals at Toronto Blue Jays,2026-08-01 15:07:00.000,6200,0,55116f6864f9625eb3000001,322.55600000000004,gametime
68af4f69a87c28317e965ebc,St. Louis Cardinals at Toronto Blue Jays,2026-07-31 19:07:00.000,6800,89700,55116f6864f9625eb3000001,332.90000000000003,gametime
68af526b5a8fe92ebf9ae508,Arizona Diamondbacks at Cleveland Guardians,2026-07-31 19:10:00.000,2800,0,53beec013bf376503f000002,479.4,gametime
68af526b630aca5171775775,Arizona Diamondbacks at Cleveland Guardians (Cade Smith Bobblehead Giveaway),2026-08-01 19:15:00.000,3100,25400,53beec013bf376503f000002,202.22,gametime
68af5294c2578edd67b473e8,Miami Marlins at New York Mets,2026-08-01 16:10:00.000,1100,188400,5362ccf73bf37627c6000002,676.5880000000001,gametime
68af529661f7e1fa25848bb3,Miami Marlins at New York Mets,2026-07-31 19:10:00.000,2300,53000,5362ccf73bf37627c6000002,1178.9920000000002,gametime
68af5483504ca5fba8a2b244,Pittsburgh Pirates at Cincinnati Reds (Terry Francona Bobblehead Giveaway),2026-08-01 18:40:00.000,600,46800,53beec013bf376503f000001,210.72,gametime
68af54db504ca5fba8a2b253,Texas Rangers at Houston Astros,2026-07-31 19:10:00.000,4000,0,53b30c243bf37646fb000002,1345.6920000000005,gametime
68af54dd61f7e1fa25848c67,Texas Rangers at Houston Astros,2026-08-01 18:10:00.000,5700,43300,53b30c243bf37646fb000002,2301.6240000000003,gametime
68af5543df4544316a760b81,Boston Red Sox at Los Angeles Dodgers,2026-08-01 18:10:00.000,7800,780900,5333a2763bf3767900000001,2275.74,gametime
68af5545486ac15b7e7f724d,Boston Red Sox at Los Angeles Dodgers,2026-07-31 19:10:00.000,6500,491100,5333a2763bf3767900000001,1801.884,gametime
68af55473ec90eeb885ad523,Milwaukee Brewers at Los Angeles Angels,2026-08-01 18:38:00.000,400,26900,533d97153bf3766542000001,876.2680000000004,gametime
68af5867a87c28317e96614e,New York Yankees at Chicago Cubs,2026-08-01 18:15:00.000,5600,92100,533d97153bf3766542000002,1687.1639999999995,gametime
68af58efc2578edd67b475a1,Washington Nationals at Atlanta Braves,2026-07-31 19:15:00.000,1700,300400,5876a1f7cde6626ebe0d3e87,684.908,gametime
68af58f00dcf1d7f796e5f44,Washington Nationals at Atlanta Braves,2026-08-01 19:15:00.000,1800,66000,5876a1f7cde6626ebe0d3e87,934.9959999999998,gametime
68af5a56c95bdeed8553f015,Philadelphia Phillies at Baltimore Orioles,2026-08-01 19:05:00.000,4900,49200,53bb068c3bf37624c3000004,1803.628,gametime
68af5a582b923320a728ea80,Philadelphia Phillies at Baltimore Orioles,2026-07-31 19:05:00.000,2500,45800,53bb068c3bf37624c3000004,1547.8920000000005,gametime
68af5a6eceb30d39d5ba1b12,San Francisco Giants at San Diego Padres,2026-08-01 17:40:00.000,5100,38800,53692f0a3bf3760f90000001,2154.6,gametime
68af5b70504ca5fba8a2b401,Detroit Tigers at Athletics (Marvel Day/Nick Kurtz Superhero Poster Giveaway),2026-08-01 18:40:00.000,2300,38700,55313d1878fea568e6000001,339.412,gametime
68af5b8cc814c51f4f8debaa,Kansas City Royals at Colorado Rockies (Colorado 150th Birthday Wearable Flag Giveaway),2026-08-01 18:10:00.000,3500,45200,53acb8a23bf3760237000006,1124.2800000000002,gametime
68af4bbe74310d5e52b00f31,Detroit Tigers at Seattle Mariners,2026-08-04 18:40:00.000,1800,1139600,538526c321efd33afb000001,523.8080000000001,gametime
68af4bbeaf43d83c9b34979c,Minnesota Twins at Seattle Mariners,2026-08-02 13:10:00.000,2600,107300,538526c321efd33afb000001,1030.88,gametime
68af4bbeec76d275700533f7,Minnesota Twins at Seattle Mariners (Aloha Shirt Giveaway),2026-08-01 13:10:00.000,2700,0,538526c321efd33afb000001,991.148,gametime
68af4c157ac25ed1de5c977c,Washington Nationals at Philadelphia Phillies,2026-08-03 18:40:00.000,2200,0,539619523bf37601f6000001,322.92800000000005,gametime
68af4c15aa4e560883782f0e,Washington Nationals at Philadelphia Phillies,2026-08-04 18:40:00.000,2700,78600,539619523bf37601f6000001,367.204,gametime
68af4f2bafd35e5e7d64fe42,Chicago White Sox at Tampa Bay Rays,2026-08-02 13:40:00.000,3800,82300,54dcf29564f9620805000003,181.16400000000004,gametime
68af4f69ceb30d39d5ba181d,St. Louis Cardinals at Toronto Blue Jays,2026-08-02 13:37:00.000,13900,37400,55116f6864f9625eb3000001,667.9960000000002,gametime
68af526b0dcf1d7f796e5d7c,New York Mets at Cleveland Guardians,2026-08-04 18:40:00.000,3400,0,53beec013bf376503f000002,135.79999999999998,gametime
68af526c5a8fe92ebf9ae50a,Arizona Diamondbacks at Cleveland Guardians,2026-08-02 13:40:00.000,3000,181400,53beec013bf376503f000002,53.80000000000001,gametime
68af529559c7d399737f25fd,Miami Marlins at New York Mets,2026-08-02 13:40:00.000,1400,82300,5362ccf73bf37627c6000002,874.9719999999998,gametime
68af5297df4544316a760aaa,St. Louis Cardinals at New York Yankees,2026-08-03 19:05:00.000,1200,140800,5362ccf73bf37627c6000003,790.0000000000001,gametime
68af5297ec76d27570053663,St. Louis Cardinals at New York Yankees,2026-08-04 19:05:00.000,2000,146900,5362ccf73bf37627c6000003,637.824,gametime
68af53ca74310d5e52b0122d,Pittsburgh Pirates at Milwaukee Brewers,2026-08-04 18:40:00.000,1400,0,538526c321efd33afb000003,168.45600000000005,gametime
68af53caec76d275700536de,Pittsburgh Pirates at Milwaukee Brewers,2026-08-03 18:40:00.000,1700,0,538526c321efd33afb000003,187.26,gametime
68af54841ca2cb21ee10d4ea,Pittsburgh Pirates at Cincinnati Reds,2026-08-02 13:40:00.000,900,86700,53beec013bf376503f000001,128.912,gametime
68af54842b923320a728e915,Athletics at Cincinnati Reds,2026-08-04 18:40:00.000,1600,156200,53beec013bf376503f000001,99.36800000000002,gametime
68af54db0dcf1d7f796e5e49,Texas Rangers at Houston Astros,2026-08-02 13:10:00.000,2900,451400,53b30c243bf37646fb000002,866.8160000000003,gametime
68af54dd134a3cce602c9ac0,Toronto Blue Jays at Houston Astros,2026-08-03 19:10:00.000,1500,0,53b30c243bf37646fb000002,233.82,gametime
68af55437ac25ed1de5c9aa1,Boston Red Sox at Los Angeles Dodgers,2026-08-02 16:20:00.000,5700,373700,5333a2763bf3767900000001,1392.964,gametime
68af554774310d5e52b0128d,Milwaukee Brewers at Los Angeles Angels,2026-08-02 12:15:00.000,500,277200,533d97153bf3766542000001,450.2120000000001,gametime
68af55beafd35e5e7d650054,San Francisco Giants at Texas Rangers,2026-08-03 19:05:00.000,1300,1233100,5d9f4ea483e7d2003a7aa81a,250.708,gametime
68af55bfe679c40425be20f0,San Francisco Giants at Texas Rangers,2026-08-04 19:05:00.000,1200,0,5d9f4ea483e7d2003a7aa81a,231.844,gametime
68af55fd2b923320a728e97c,San Diego Padres at Arizona Diamondbacks,2026-08-03 18:40:00.000,2000,85900,538526c421efd33afb000006,225.228,gametime
68af55fe561870a68b989429,San Diego Padres at Arizona Diamondbacks,2026-08-04 18:40:00.000,1800,97800,538526c421efd33afb000006,189.988,gametime
68af567d0dcf1d7f796e5eb3,Minnesota Twins at Kansas City Royals,2026-08-04 18:40:00.000,1600,235300,538526c321efd33afb000004,91.83199999999998,gametime
68af58674c5847540d9330fe,Los Angeles Dodgers at Chicago Cubs,2026-08-04 19:05:00.000,8500,0,533d97153bf3766542000002,2221.624,gametime
68af58682b923320a728ea06,New York Yankees at Chicago Cubs (Wrigley Field Marquee Night Light Giveaway),2026-08-02 13:20:00.000,8600,345500,533d97153bf3766542000002,1586.3720000000003,gametime
68af58f0a87c28317e96616b,Washington Nationals at Atlanta Braves,2026-08-02 13:35:00.000,1200,275300,5876a1f7cde6626ebe0d3e87,248.284,gametime
68af5a56afd35e5e7d650182,Los Angeles Angels at Baltimore Orioles,2026-08-04 18:35:00.000,900,0,53bb068c3bf37624c3000004,288.536,gametime
68af5a56bf6276ee588dd9ba,Philadelphia Phillies at Baltimore Orioles,2026-08-02 13:35:00.000,3500,70100,53bb068c3bf37624c3000004,600.7479999999998,gametime
68af5a6e0322779c79d2746b,San Francisco Giants at San Diego Padres,2026-08-02 13:10:00.000,2600,138100,53692f0a3bf3760f90000001,1313.836,gametime
68af5b72aa4e56088378343e,Detroit Tigers at Athletics,2026-08-02 13:05:00.000,1700,45900,55313d1878fea568e6000001,115.19200000000002,gametime
68af5b8cc2578edd67b47667,Kansas City Royals at Colorado Rockies,2026-08-02 13:10:00.000,1500,0,53acb8a23bf3760237000006,357.676,gametime
68af5b8d2a5f2a35418d4467,Tampa Bay Rays at Colorado Rockies,2026-08-03 18:40:00.000,1100,67000,53acb8a23bf3760237000006,271.26399999999995,gametime
68af5b8dab077556743aa2d5,Tampa Bay Rays at Colorado Rockies,2026-08-04 18:40:00.000,1300,38000,53acb8a23bf3760237000006,318.28000000000014,gametime
69718f455b47465d0c41dfef,Los Angeles Dodgers at Chicago Cubs,2026-08-03 19:05:00.000,7200,493700,533d97153bf3766542000002,1054.508,gametime
68af4bbc3ec90eeb885ad1b4,Detroit Tigers at Seattle Mariners,2026-08-05 18:40:00.000,1700,163900,538526c321efd33afb000001,700.34,gametime
68af4bbd2a5f2a35418d3f8a,Detroit Tigers at Seattle Mariners,2026-08-06 13:10:00.000,1500,0,538526c321efd33afb000001,519.1719999999999,gametime
68af4c13515a42e3057fd583,Washington Nationals at Philadelphia Phillies,2026-08-06 18:05:00.000,3200,0,539619523bf37601f6000001,836.8680000000002,gametime
68af4c1431b0417b2a9d5da6,Washington Nationals at Philadelphia Phillies,2026-08-05 18:40:00.000,2500,42800,539619523bf37601f6000001,438.448,gametime
68af526abbe8a1f1686b556c,New York Mets at Cleveland Guardians,2026-08-06 13:10:00.000,3700,0,53beec013bf376503f000002,143.39999999999998,gametime
68af526b486ac15b7e7f716e,New York Mets at Cleveland Guardians (125th Anniversary Tumbler Giveaway),2026-08-05 18:40:00.000,3200,0,53beec013bf376503f000002,204.80000000000004,gametime
68af52985a8fe92ebf9ae527,St. Louis Cardinals at New York Yankees,2026-08-05 19:05:00.000,1700,134000,5362ccf73bf37627c6000003,1248.2360000000003,gametime
68af53c95a8fe92ebf9ae5a3,Pittsburgh Pirates at Milwaukee Brewers,2026-08-05 18:40:00.000,2400,0,538526c321efd33afb000003,287.72799999999995,gametime
68af53c9bf6276ee588dd81f,Pittsburgh Pirates at Milwaukee Brewers,2026-08-06 13:10:00.000,2000,0,538526c321efd33afb000003,322.372,gametime
68af5484561870a68b9893ce,Athletics at Cincinnati Reds,2026-08-05 18:40:00.000,900,86700,53beec013bf376503f000001,120.21999999999998,gametime
68af5484af43d83c9b349aac,Athletics at Cincinnati Reds,2026-08-06 12:40:00.000,800,0,53beec013bf376503f000001,48.96,gametime
68af54dbaf43d83c9b349abd,Toronto Blue Jays at Houston Astros,2026-08-04 19:10:00.000,2100,434000,53b30c243bf37646fb000002,558.62,gametime
68af54dce679c40425be20ac,Toronto Blue Jays at Houston Astros,2026-08-05 13:10:00.000,1800,0,53b30c243bf37646fb000002,465.92800000000005,gametime
68af55bd0322779c79d27366,San Francisco Giants at Texas Rangers,2026-08-05 13:35:00.000,1100,276500,5d9f4ea483e7d2003a7aa81a,233.424,gametime
68af55ff1ca2cb21ee10d553,San Diego Padres at Arizona Diamondbacks,2026-08-05 18:40:00.000,1800,137500,538526c421efd33afb000006,290.188,gametime
68af55ffb645abdd501f0c46,San Diego Padres at Arizona Diamondbacks,2026-08-06 18:40:00.000,2100,0,538526c421efd33afb000006,281.564,gametime
68af567e613b50d0d600ef69,Minnesota Twins at Kansas City Royals,2026-08-05 18:40:00.000,700,0,538526c321efd33afb000004,98.092,gametime
68af567e74310d5e52b012d0,Minnesota Twins at Kansas City Royals,2026-08-06 18:40:00.000,500,0,538526c321efd33afb000004,50.508,gametime
68af5867afd35e5e7d6500fe,Los Angeles Dodgers at Chicago Cubs,2026-08-05 13:20:00.000,5900,493700,533d97153bf3766542000002,1114.0759999999998,gametime
68af58ef247244404743fc04,Miami Marlins at Atlanta Braves,2026-08-06 19:15:00.000,1300,0,5876a1f7cde6626ebe0d3e87,511.556,gametime
68af58f01ca2cb21ee10d5f6,Miami Marlins at Atlanta Braves,2026-08-05 19:15:00.000,800,0,5876a1f7cde6626ebe0d3e87,203.5360000000001,gametime
68af58f03edac2b884b8c104,Miami Marlins at Atlanta Braves,2026-08-04 19:15:00.000,800,258200,5876a1f7cde6626ebe0d3e87,273.396,gametime
68af59906d6358b08448fbdd,Chicago White Sox at Boston Red Sox,2026-08-04 19:10:00.000,8000,120400,5362ccf73bf37627c6000001,1941.7240000000008,gametime
68af5990c2578edd67b475cb,Chicago White Sox at Boston Red Sox,2026-08-06 19:10:00.000,7300,154900,5362ccf73bf37627c6000001,1711.1919999999998,gametime
68af59934c5847540d933134,Chicago White Sox at Boston Red Sox,2026-08-05 19:10:00.000,7300,139100,5362ccf73bf37627c6000001,2090.632000000001,gametime
68af5a563a17d236cc372deb,Los Angeles Angels at Baltimore Orioles,2026-08-05 18:35:00.000,900,28500,53bb068c3bf37624c3000004,145.52800000000005,gametime
68af5a5659c7d399737f281a,Los Angeles Angels at Baltimore Orioles,2026-08-06 12:35:00.000,1000,0,53bb068c3bf37624c3000004,177.384,gametime
68af5b8bbbe8a1f1686b57de,Tampa Bay Rays at Colorado Rockies,2026-08-05 13:10:00.000,1100,87600,53acb8a23bf3760237000006,284.2,gametime
68af4bbc61f7e1fa2584891c,Tampa Bay Rays at Seattle Mariners,2026-08-08 18:50:00.000,2100,126400,538526c321efd33afb000001,2043.836,gametime
68af4bbcd0162bf797c0f8c2,Tampa Bay Rays at Seattle Mariners,2026-08-07 18:45:00.000,2000,0,538526c321efd33afb000001,1858.376,gametime
68af4c137ac25ed1de5c977b,Toronto Blue Jays at Philadelphia Phillies,2026-08-08 18:05:00.000,4700,44400,539619523bf37601f6000001,1120.28,gametime
68af4c15ec76d2757005340c,Toronto Blue Jays at Philadelphia Phillies,2026-08-07 18:40:00.000,3700,56100,539619523bf37601f6000001,893.0600000000003,gametime
68af52980322779c79d2727a,Atlanta Braves at New York Yankees (Old Timers Day),2026-08-08 15:05:00.000,3400,91900,5362ccf73bf37627c6000003,2579.396,gametime
68af5298c814c51f4f8de948,Atlanta Braves at New York Yankees,2026-08-07 19:05:00.000,1500,157000,5362ccf73bf37627c6000003,2404.608,gametime
68af53c961f7e1fa25848c27,Minnesota Twins at Milwaukee Brewers,2026-08-07 18:40:00.000,1400,0,538526c321efd33afb000003,552.6800000000001,gametime
68af53cb74310d5e52b0122e,Minnesota Twins at Milwaukee Brewers,2026-08-08 18:10:00.000,5700,0,538526c321efd33afb000003,883.0599999999998,gametime
68af53f6bbe8a1f1686b55f7,Detroit Tigers at San Francisco Giants,2026-08-07 19:15:00.000,2300,0,52618c753bf3760b9c000004,754.6079999999998,gametime
68af53f9f81960799e88fde7,Detroit Tigers at San Francisco Giants (Poster Giveaway),2026-08-08 16:15:00.000,2500,223600,52618c753bf3760b9c000004,1040.744,gametime
68af544ee679c40425be208f,Cincinnati Reds at Washington Nationals (Hawaiian Shirt and Shorts Set Giveaway),2026-08-08 18:45:00.000,1700,103600,5388f0613bf3761afd000002,588.572,gametime
68af54505a8fe92ebf9ae5c3,Cincinnati Reds at Washington Nationals (Jordan Davis Postgame Concert),2026-08-07 18:45:00.000,1600,0,5388f0613bf3761afd000002,413.408,gametime
68af55be6e994df60a6a2088,Baltimore Orioles at Texas Rangers,2026-08-07 19:15:00.000,1100,0,5d9f4ea483e7d2003a7aa81a,654.1200000000002,gametime
68af55bfa87c28317e9660ac,Baltimore Orioles at Texas Rangers,2026-08-08 18:15:00.000,2000,0,5d9f4ea483e7d2003a7aa81a,632.3520000000001,gametime
68af55fd504ca5fba8a2b29b,Los Angeles Dodgers at Arizona Diamondbacks,2026-08-08 17:10:00.000,6100,272500,538526c421efd33afb000006,1818.752,gametime
68af55fe486ac15b7e7f727a,Los Angeles Dodgers at Arizona Diamondbacks,2026-08-07 18:40:00.000,5100,0,538526c421efd33afb000006,1500.4919999999995,gametime
68af567d515a42e3057fd923,Chicago Cubs at Kansas City Royals (Royal-Tees Giveaway),2026-08-08 18:10:00.000,3100,471400,538526c321efd33afb000004,1029.42,gametime
68af567eab077556743aa17c,Chicago Cubs at Kansas City Royals,2026-08-07 19:10:00.000,2400,0,538526c321efd33afb000004,600.424,gametime
68af586b61f7e1fa25848d4c,Cleveland Guardians at Chicago White Sox (Ja Rule Postgame Concert),2026-08-07 18:40:00.000,1700,60100,5362ccf73bf37627c6000004,1241.564,gametime
68af586bceb30d39d5ba1a7f,Cleveland Guardians at Chicago White Sox (Ozzie Guillen Jersey Retirement),2026-08-08 18:15:00.000,4300,234100,5362ccf73bf37627c6000004,1361.0920000000006,gametime
68af59225a8fe92ebf9ae6fc,Colorado Rockies at St. Louis Cardinals,2026-08-07 19:15:00.000,1400,0,54b5ab3b3bf3763f85000001,468.424,gametime
68af5924f2def3b1e914a3ab,Colorado Rockies at St. Louis Cardinals (Cardinals Polo Giveaway),2026-08-08 18:15:00.000,1900,0,54b5ab3b3bf3763f85000001,476.4479999999999,gametime
68af594fa87c28317e96617b,Los Angeles Angels at Miami Marlins,2026-08-08 16:10:00.000,1100,32700,53acb8a23bf3760237000004,287.56000000000006,gametime
68af594fb645abdd501f0d01,Los Angeles Angels at Miami Marlins,2026-08-07 19:10:00.000,1300,0,53acb8a23bf3760237000004,159.00799999999998,gametime
68af5992af43d83c9b349be1,Athletics at Boston Red Sox,2026-08-08 16:10:00.000,9200,102900,5362ccf73bf37627c6000001,2629.552,gametime
68af5992bf6276ee588dd97c,Athletics at Boston Red Sox,2026-08-07 19:10:00.000,6900,0,5362ccf73bf37627c6000001,2646.752,gametime
68af5a6c3edac2b884b8c175,Houston Astros at San Diego Padres,2026-08-08 16:15:00.000,3000,0,53692f0a3bf3760f90000001,1281.1320000000003,gametime
68af5a6c6d6358b08448fc26,Houston Astros at San Diego Padres,2026-08-07 18:40:00.000,3600,224600,53692f0a3bf3760f90000001,1658.3920000000005,gametime
68af5ada630aca5171775981,New York Mets at Pittsburgh Pirates,2026-08-07 18:40:00.000,3900,0,538526c321efd33afb000002,393.48,gametime
68af5adb630aca5171775982,New York Mets at Pittsburgh Pirates (T-Shirt Giveaway),2026-08-08 18:40:00.000,4300,0,538526c321efd33afb000002,480.26,gametime
68af4bbec814c51f4f8de6c8,Tampa Bay Rays at Seattle Mariners (50 Seasons Pin Giveaway),2026-08-09 13:10:00.000,3700,38800,538526c321efd33afb000001,1565.6120000000003,gametime
68af4c15af43d83c9b3497aa,Toronto Blue Jays at Philadelphia Phillies,2026-08-09 13:35:00.000,3400,0,539619523bf37601f6000001,765.4280000000001,gametime
68af4f69f81960799e88fc67,Boston Red Sox at Toronto Blue Jays (Figurine Giveaway),2026-08-10 19:07:00.000,8300,29700,55116f6864f9625eb3000001,183.28,gametime
68af5299134a3cce602c9a2a,Atlanta Braves at New York Yankees,2026-08-09 13:35:00.000,1200,0,5362ccf73bf37627c6000003,1544.7040000000002,gametime
68af53cbaf43d83c9b349a81,Minnesota Twins at Milwaukee Brewers,2026-08-09 13:10:00.000,5000,0,538526c321efd33afb000003,722.54,gametime
68af53f8613b50d0d600eed1,Houston Astros at San Francisco Giants,2026-08-10 18:45:00.000,900,76800,52618c753bf3760b9c000004,426.404,gametime
68af53f87ac25ed1de5c9a4a,Houston Astros at San Francisco Giants,2026-08-11 18:45:00.000,900,63100,52618c753bf3760b9c000004,185.62800000000004,gametime
68af53f8af43d83c9b349a90,Detroit Tigers at San Francisco Giants (Corduroy Hat Giveaway),2026-08-09 13:05:00.000,1700,27100,52618c753bf3760b9c000004,1099.2240000000002,gametime
68af544e1ca2cb21ee10d4d9,Cincinnati Reds at Washington Nationals (Kids Lunch Box Giveaway),2026-08-09 12:10:00.000,1600,0,5388f0613bf3761afd000002,127.53200000000002,gametime
68af544f2b923320a728e905,Chicago Cubs at Washington Nationals,2026-08-11 18:45:00.000,1500,85500,5388f0613bf3761afd000002,255.53600000000003,gametime
68af5542c2578edd67b474c4,Kansas City Royals at Los Angeles Dodgers,2026-08-10 19:10:00.000,6300,186900,5333a2763bf3767900000001,2032.168,gametime
68af55473a17d236cc372cc7,Texas Rangers at Los Angeles Angels,2026-08-11 18:38:00.000,400,110500,533d97153bf3766542000001,168.52000000000007,gametime
68af55477ac25ed1de5c9aa3,Texas Rangers at Los Angeles Angels,2026-08-10 18:38:00.000,500,77300,533d97153bf3766542000001,325.48800000000006,gametime
68af55bfb645abdd501f0c3d,Baltimore Orioles at Texas Rangers,2026-08-09 13:35:00.000,1200,0,5d9f4ea483e7d2003a7aa81a,297.452,gametime
68af55fec95bdeed8553ef07,Colorado Rockies at Arizona Diamondbacks,2026-08-10 18:40:00.000,1700,56400,538526c421efd33afb000006,183.572,gametime
68af55feceb30d39d5ba19ff,Los Angeles Dodgers at Arizona Diamondbacks,2026-08-09 13:10:00.000,5000,15700,538526c421efd33afb000006,1614.7039999999995,gametime
68af55ff6d6358b08448fb29,Colorado Rockies at Arizona Diamondbacks,2026-08-11 18:40:00.000,1600,68700,538526c421efd33afb000006,51.400000000000006,gametime
68af567f630aca5171775888,Chicago Cubs at Kansas City Royals,2026-08-09 13:10:00.000,1700,0,538526c321efd33afb000004,202.6,gametime
68af56a7aa4e5608837832f6,Cleveland Guardians at Detroit Tigers,2026-08-11 18:40:00.000,1700,0,53c03a3b3bf37612c4000002,391.0679999999999,gametime
68af58695a8fe92ebf9ae6de,Cleveland Guardians at Chicago White Sox,2026-08-09 13:10:00.000,1700,94500,5362ccf73bf37627c6000004,539.968,gametime
68af586a0dcf1d7f796e5f2b,Cincinnati Reds at Chicago White Sox,2026-08-11 18:40:00.000,4400,102000,5362ccf73bf37627c6000004,368.1880000000001,gametime
68af58ef486ac15b7e7f730b,New York Mets at Atlanta Braves,2026-08-10 19:15:00.000,1300,0,5876a1f7cde6626ebe0d3e87,387.204,gametime
68af5922aa4e56088378338c,Philadelphia Phillies at St. Louis Cardinals,2026-08-10 18:45:00.000,4200,12100,54b5ab3b3bf3763f85000001,204.25600000000003,gametime
68af5922f81960799e88ff1a,Colorado Rockies at St. Louis Cardinals (Kids Build-A-Bear Fredbird Plush Giveaway),2026-08-09 13:15:00.000,1400,0,54b5ab3b3bf3763f85000001,91.896,gametime
68af5923c2578edd67b475ab,Philadelphia Phillies at St. Louis Cardinals,2026-08-11 18:45:00.000,1000,0,54b5ab3b3bf3763f85000001,107.052,gametime
68af594f5a8fe92ebf9ae704,Pittsburgh Pirates at Miami Marlins,2026-08-11 18:40:00.000,1000,81400,53acb8a23bf3760237000004,154.316,gametime
68af59508f863e886de02482,Los Angeles Angels at Miami Marlins,2026-08-09 13:40:00.000,1100,0,53acb8a23bf3760237000004,95.08,gametime
68af59922b923320a728ea4d,Athletics at Boston Red Sox,2026-08-09 13:35:00.000,9000,240500,5362ccf73bf37627c6000001,1314.0,gametime
68af5a00c814c51f4f8deb17,Baltimore Orioles at Minnesota Twins,2026-08-10 18:40:00.000,6400,59700,538526c321efd33afb000005,83.07600000000001,gametime
68af5a012b923320a728ea66,Baltimore Orioles at Minnesota Twins,2026-08-11 18:40:00.000,2500,0,538526c321efd33afb000005,60.064000000000014,gametime
68af5a6c134a3cce602c9c11,Milwaukee Brewers at San Diego Padres,2026-08-11 18:40:00.000,1200,0,53692f0a3bf3760f90000001,313.98799999999994,gametime
68af5a6ce679c40425be221e,Milwaukee Brewers at San Diego Padres (Superhero Pocket Tee Giveaway),2026-08-10 18:40:00.000,1900,72800,53692f0a3bf3760f90000001,1439.6800000000003,gametime
68af5a6cf2def3b1e914a40d,Houston Astros at San Diego Padres,2026-08-09 17:20:00.000,1100,51000,53692f0a3bf3760f90000001,919.4600000000006,gametime
68af5adb2b923320a728eaa1,New York Mets at Pittsburgh Pirates (Kids Puzzle Giveaway),2026-08-09 13:35:00.000,3600,131200,538526c321efd33afb000002,187.692,gametime
68af5b7261f7e1fa25848e1f,Tampa Bay Rays at Athletics,2026-08-11 18:40:00.000,800,35000,55313d1878fea568e6000001,68.86,gametime
68af5b728f863e886de02514,Tampa Bay Rays at Athletics,2026-08-10 18:40:00.000,700,22500,55313d1878fea568e6000001,108.67600000000004,gametime
68af4f670322779c79d27144,Boston Red Sox at Toronto Blue Jays,2026-08-11 19:07:00.000,12000,55800,55116f6864f9625eb3000001,163.98000000000002,gametime
68af4f67134a3cce602c9942,Boston Red Sox at Toronto Blue Jays,2026-08-12 19:07:00.000,6000,40700,55116f6864f9625eb3000001,774.4160000000002,gametime
68af4f67630aca5171775681,Boston Red Sox at Toronto Blue Jays,2026-08-13 15:07:00.000,7500,63800,55116f6864f9625eb3000001,349.504,gametime
68af52970322779c79d27278,Seattle Mariners at New York Yankees,2026-08-13 13:35:00.000,1200,157000,5362ccf73bf37627c6000003,772.6800000000003,gametime
68af52978f863e886de022f4,Seattle Mariners at New York Yankees,2026-08-11 19:05:00.000,2400,137700,5362ccf73bf37627c6000003,1305.0599999999995,gametime
68af5297e679c40425be200a,Seattle Mariners at New York Yankees,2026-08-12 19:05:00.000,2200,11581100,5362ccf73bf37627c6000003,1556.1279999999992,gametime
68af53f8c2578edd67b47470,Houston Astros at San Francisco Giants,2026-08-12 12:45:00.000,1100,134600,52618c753bf3760b9c000004,284.068,gametime
68af544eceb30d39d5ba198e,Chicago Cubs at Washington Nationals,2026-08-13 16:05:00.000,1900,85500,5388f0613bf3761afd000002,205.64,gametime
68af544ed0162bf797c0fbd9,Chicago Cubs at Washington Nationals,2026-08-12 18:45:00.000,1800,68400,5388f0613bf3761afd000002,265.868,gametime
68af548361f7e1fa25848c5a,Miami Marlins at Cincinnati Reds (Rick Ross Postgame Concert),2026-08-14 18:10:00.000,1400,0,53beec013bf376503f000001,253.624,gametime
68af5543630aca5171775848,Milwaukee Brewers at Los Angeles Dodgers,2026-08-13 19:10:00.000,5200,227100,5333a2763bf3767900000001,542.7760000000002,gametime
68af5543bbe8a1f1686b5648,Kansas City Royals at Los Angeles Dodgers,2026-08-12 19:10:00.000,6600,170400,5333a2763bf3767900000001,885.5,gametime
68af5543c814c51f4f8dea03,Kansas City Royals at Los Angeles Dodgers,2026-08-11 19:10:00.000,4800,281900,5333a2763bf3767900000001,756.0,gametime
68af55472b923320a728e95c,Texas Rangers at Los Angeles Angels (Mickey Mouse Bobblehead Giveaway),2026-08-12 19:10:00.000,1100,203100,533d97153bf3766542000001,1031.968,gametime
68af55486d6358b08448fb0e,Texas Rangers at Los Angeles Angels,2026-08-13 19:07:00.000,500,0,533d97153bf3766542000001,192.18000000000004,gametime
68af55ff515a42e3057fd90f,Colorado Rockies at Arizona Diamondbacks,2026-08-12 12:40:00.000,1500,137500,538526c421efd33afb000006,128.75599999999997,gametime
68af56a8247244404743fb90,Cleveland Guardians at Detroit Tigers,2026-08-13 13:10:00.000,2100,0,53c03a3b3bf37612c4000002,567.1120000000001,gametime
68af56a8486ac15b7e7f729d,Cleveland Guardians at Detroit Tigers,2026-08-12 18:40:00.000,1400,71000,53c03a3b3bf37612c4000002,400.656,gametime
68af5868bbe8a1f1686b5707,St. Louis Cardinals at Chicago Cubs,2026-08-14 13:20:00.000,9400,0,533d97153bf3766542000002,988.78,gametime
68af5869f2def3b1e914a381,Cincinnati Reds at Chicago White Sox,2026-08-13 13:10:00.000,1200,70900,5362ccf73bf37627c6000004,218.64000000000004,gametime
68af586a613b50d0d600efd7,Cincinnati Reds at Chicago White Sox,2026-08-12 18:40:00.000,1400,94500,5362ccf73bf37627c6000004,564.9639999999999,gametime
68af58ef8f863e886de0246e,New York Mets at Atlanta Braves,2026-08-12 19:15:00.000,1100,11531700,5876a1f7cde6626ebe0d3e87,418.86000000000007,gametime
68af58efbbe8a1f1686b5722,New York Mets at Atlanta Braves,2026-08-11 19:15:00.000,1000,275300,5876a1f7cde6626ebe0d3e87,278.064,gametime
68af5924afd35e5e7d65012b,Philadelphia Phillies at St. Louis Cardinals,2026-08-12 13:15:00.000,1000,206500,54b5ab3b3bf3763f85000001,134.76,gametime
68af594fd0162bf797c0fd15,Pittsburgh Pirates at Miami Marlins,2026-08-12 18:40:00.000,1000,64500,53acb8a23bf3760237000004,63.89200000000001,gametime
68af595060f33e20f906baf5,Pittsburgh Pirates at Miami Marlins,2026-08-13 13:10:00.000,800,64500,53acb8a23bf3760237000004,53.52,gametime
68af5a016d6358b08448fbfb,Baltimore Orioles at Minnesota Twins,2026-08-12 12:40:00.000,2500,0,538526c321efd33afb000005,40.096,gametime
68af5a6c2b923320a728ea88,Milwaukee Brewers at San Diego Padres,2026-08-12 13:10:00.000,800,207300,53692f0a3bf3760f90000001,548.8680000000003,gametime
68af5b71630aca51717759af,Tampa Bay Rays at Athletics,2026-08-12 12:05:00.000,800,35100,55313d1878fea568e6000001,86.10000000000002,gametime
68af55484c5847540d933048,Kansas City Royals at Los Angeles Angels (T-Shirt Giveaway),2026-08-14 18:38:00.000,500,0,533d97153bf3766542000001,481.608,gametime
68af56aa561870a68b98944a,Chicago White Sox at Detroit Tigers,2026-08-14 18:40:00.000,3900,0,53c03a3b3bf37612c4000002,,gametime
68af5adbafd35e5e7d6501a2,Boston Red Sox at Pittsburgh Pirates (T-Shirt Giveaway),2026-08-14 18:40:00.000,3500,0,538526c321efd33afb000002,330.4359999999999,gametime
68af5b72a87c28317e96620f,Texas Rangers at Athletics,2026-08-14 18:40:00.000,2300,0,55313d1878fea568e6000001,238.272,gametime
68af4f2e4c5847540d932e7a,Baltimore Orioles at Tampa Bay Rays (Jordan Davis Postgame Concert),2026-08-15 18:10:00.000,4800,77600,54dcf29564f9620805000003,602.4,gametime
68af4f2e6d6358b08448f91f,Baltimore Orioles at Tampa Bay Rays,2026-08-14 19:10:00.000,2100,0,54dcf29564f9620805000003,165.11199999999997,gametime
68af4f6961f7e1fa25848ab9,New York Yankees at Toronto Blue Jays,2026-08-15 15:07:00.000,10500,189100,55116f6864f9625eb3000001,237.97600000000003,gametime
68af4f69f2def3b1e914a0be,New York Yankees at Toronto Blue Jays,2026-08-14 19:15:00.000,9000,46000,55116f6864f9625eb3000001,322.036,gametime
68af526a247244404743fa53,San Diego Padres at Cleveland Guardians,2026-08-14 19:10:00.000,2900,0,53beec013bf376503f000002,,gametime
68af526a2a5f2a35418d41d6,San Diego Padres at Cleveland Guardians (City Connect Sling Bag Giveaway),2026-08-15 19:10:00.000,3800,0,53beec013bf376503f000002,361.544,gametime
68af5294247244404743fa6b,Washington Nationals at New York Mets,2026-08-14 19:10:00.000,1700,0,5362ccf73bf37627c6000002,739.084,gametime
68af52955a8fe92ebf9ae525,Washington Nationals at New York Mets,2026-08-15 16:10:00.000,1700,82900,5362ccf73bf37627c6000002,781.0240000000002,gametime
68af53f8df4544316a760b33,Colorado Rockies at San Francisco Giants (Gigantes Sweatshirt Giveaway),2026-08-15 13:05:00.000,2500,0,52618c753bf3760b9c000004,750.5,gametime
68af53f8f81960799e88fde6,Colorado Rockies at San Francisco Giants,2026-08-14 19:15:00.000,2400,0,52618c753bf3760b9c000004,973.9600000000002,gametime
68af54853a17d236cc372c99,Miami Marlins at Cincinnati Reds,2026-08-15 18:40:00.000,2300,0,53beec013bf376503f000001,317.76,gametime
68af54db74310d5e52b01268,Seattle Mariners at Houston Astros,2026-08-15 18:10:00.000,3000,192500,53b30c243bf37646fb000002,1075.884,gametime
68af54dd3ec90eeb885ad501,Seattle Mariners at Houston Astros,2026-08-14 19:10:00.000,2400,0,53b30c243bf37646fb000002,841.5320000000005,gametime
68af554261f7e1fa25848c8c,Milwaukee Brewers at Los Angeles Dodgers,2026-08-14 19:10:00.000,7100,0,5333a2763bf3767900000001,2515.476,gametime
68af55438f863e886de023a5,Milwaukee Brewers at Los Angeles Dodgers,2026-08-15 16:15:00.000,5200,0,5333a2763bf3767900000001,1853.94,gametime
68af55475a8fe92ebf9ae612,Kansas City Royals at Los Angeles Angels,2026-08-15 18:38:00.000,500,203100,533d97153bf3766542000001,595.832,gametime
68af56a83a17d236cc372d11,Chicago White Sox at Detroit Tigers,2026-08-15 13:10:00.000,2800,0,53c03a3b3bf37612c4000002,892.6439999999996,gametime
68af586860f33e20f906bacd,St. Louis Cardinals at Chicago Cubs,2026-08-15 13:20:00.000,5900,217700,533d97153bf3766542000002,707.424,gametime
68af58ee31b0417b2a9d61c1,Arizona Diamondbacks at Atlanta Braves,2026-08-15 19:15:00.000,2000,275300,5876a1f7cde6626ebe0d3e87,844.936,gametime
68af58efc95bdeed8553efb1,Arizona Diamondbacks at Atlanta Braves,2026-08-14 19:15:00.000,1400,0,5876a1f7cde6626ebe0d3e87,640.724,gametime
68af5a0160f33e20f906bb20,Philadelphia Phillies at Minnesota Twins,2026-08-15 18:10:00.000,2500,0,538526c321efd33afb000005,441.816,gametime
68af5adcaa4e56088378340f,Boston Red Sox at Pittsburgh Pirates,2026-08-15 19:15:00.000,4800,0,538526c321efd33afb000002,942.3159999999998,gametime
68af5b71f81960799e88ffc7,Texas Rangers at Athletics (Shea Langeliers Bobblehead Giveaway),2026-08-15 18:40:00.000,1600,39100,55313d1878fea568e6000001,361.792,gametime
68af4c13a87c28317e965d69,Miami Marlins at Philadelphia Phillies,2026-08-17 18:40:00.000,2500,36900,539619523bf37601f6000001,390.948,gametime
68af4c13b645abdd501f08e2,Miami Marlins at Philadelphia Phillies (Flo Rida Postgame Concert),2026-08-18 18:40:00.000,3200,46900,539619523bf37601f6000001,437.7,gametime
68af4f2be679c40425be1ee3,Toronto Blue Jays at Tampa Bay Rays,2026-08-18 18:40:00.000,1000,0,54dcf29564f9620805000003,75.89200000000001,gametime
68af4f2c2b923320a728e73e,Baltimore Orioles at Tampa Bay Rays,2026-08-17 18:05:00.000,1600,67400,54dcf29564f9620805000003,83.04000000000002,gametime
68af4f2e8f863e886de021f5,Baltimore Orioles at Tampa Bay Rays,2026-08-16 12:15:00.000,2700,0,54dcf29564f9620805000003,132.292,gametime
68af4f68aa4e560883783099,New York Yankees at Toronto Blue Jays,2026-08-16 13:37:00.000,15000,21000,55116f6864f9625eb3000001,211.948,gametime
68af526aab077556743aa04f,San Francisco Giants at Cleveland Guardians,2026-08-18 18:40:00.000,3100,0,53beec013bf376503f000002,71.4,gametime
68af526b2a5f2a35418d41d9,San Diego Padres at Cleveland Guardians,2026-08-16 13:40:00.000,3700,0,53beec013bf376503f000002,69.19999999999999,gametime
68af52950dcf1d7f796e5d93,San Diego Padres at New York Mets,2026-08-17 19:10:00.000,1400,83800,5362ccf73bf37627c6000002,674.62,gametime
68af5295515a42e3057fd7ff,San Diego Padres at New York Mets,2026-08-18 19:10:00.000,1400,0,5362ccf73bf37627c6000002,743.656,gametime
68af5296c814c51f4f8de946,Washington Nationals at New York Mets,2026-08-16 13:40:00.000,1400,48600,5362ccf73bf37627c6000002,817.8520000000002,gametime
68af53cb6d6358b08448fac4,Seattle Mariners at Milwaukee Brewers,2026-08-18 18:40:00.000,2600,9100,538526c321efd33afb000003,271.85200000000003,gametime
68af53f7613b50d0d600eed0,Colorado Rockies at San Francisco Giants (Hello Kitty Funko POP! Giveaway),2026-08-16 13:05:00.000,2800,66100,52618c753bf3760b9c000004,697.5440000000003,gametime
68af54837ac25ed1de5c9a6d,St. Louis Cardinals at Cincinnati Reds,2026-08-18 18:40:00.000,1100,133200,53beec013bf376503f000001,109.616,gametime
68af5484c2578edd67b47492,Miami Marlins at Cincinnati Reds,2026-08-16 13:40:00.000,400,27400,53beec013bf376503f000001,93.692,gametime
68af5484f81960799e88fe05,St. Louis Cardinals at Cincinnati Reds,2026-08-17 18:40:00.000,500,86700,53beec013bf376503f000001,95.29600000000002,gametime
68af54db7ac25ed1de5c9a7a,Los Angeles Angels at Houston Astros,2026-08-18 19:10:00.000,1700,27400,53b30c243bf37646fb000002,548.788,gametime
68af54ddd0162bf797c0fbf0,Seattle Mariners at Houston Astros,2026-08-16 18:20:00.000,1900,84500,53b30c243bf37646fb000002,591.6039999999999,gametime
68af55433ec90eeb885ad522,Milwaukee Brewers at Los Angeles Dodgers,2026-08-16 13:10:00.000,4000,209000,5333a2763bf3767900000001,1108.388,gametime
68af55493edac2b884b8c02b,Kansas City Royals at Los Angeles Angels,2026-08-16 13:07:00.000,300,23200,533d97153bf3766542000001,208.20000000000005,gametime
68af55beb645abdd501f0c3c,Washington Nationals at Texas Rangers,2026-08-18 19:05:00.000,600,13400,5d9f4ea483e7d2003a7aa81a,198.944,gametime
68af567e0322779c79d27386,Athletics at Kansas City Royals,2026-08-18 18:40:00.000,500,40900,538526c321efd33afb000004,51.336,gametime
68af567ebbe8a1f1686b56a4,Athletics at Kansas City Royals,2026-08-17 18:40:00.000,400,39200,538526c321efd33afb000004,87.14000000000001,gametime
68af56a8c95bdeed8553ef35,Chicago White Sox at Detroit Tigers,2026-08-16 13:40:00.000,2600,19200,53c03a3b3bf37612c4000002,636.8800000000001,gametime
68af58673edac2b884b8c0d8,St. Louis Cardinals at Chicago Cubs,2026-08-16 14:15:00.000,6800,125200,533d97153bf3766542000002,1284.296,gametime
68af58678f863e886de02455,Chicago White Sox at Chicago Cubs,2026-08-18 19:05:00.000,7300,114900,533d97153bf3766542000002,1578.5839999999994,gametime
68af5868515a42e3057fd9a4,Chicago White Sox at Chicago Cubs,2026-08-17 19:05:00.000,10100,793000,533d97153bf3766542000002,2359.844,gametime
68af58ef515a42e3057fd9c4,Arizona Diamondbacks at Atlanta Braves,2026-08-16 13:35:00.000,1300,29000,5876a1f7cde6626ebe0d3e87,515.344,gametime
68af59921ca2cb21ee10d618,Arizona Diamondbacks at Boston Red Sox,2026-08-17 19:10:00.000,4800,0,5362ccf73bf37627c6000001,1113.575999999999,gametime
68af59936d6358b08448fbde,Arizona Diamondbacks at Boston Red Sox,2026-08-18 19:10:00.000,5200,0,5362ccf73bf37627c6000001,625.736,gametime
68af5a00a87c28317e9661b0,Philadelphia Phillies at Minnesota Twins,2026-08-16 13:10:00.000,5300,10100,538526c321efd33afb000005,399.5799999999999,gametime
68af5a0161f7e1fa25848dad,Atlanta Braves at Minnesota Twins,2026-08-17 18:40:00.000,3900,62100,538526c321efd33afb000005,153.912,gametime
68af5a02c2578edd67b475ec,Atlanta Braves at Minnesota Twins,2026-08-18 18:40:00.000,3600,7700,538526c321efd33afb000005,162.89999999999998,gametime
68af5a560dcf1d7f796e5fa5,New York Yankees at Baltimore Orioles,2026-08-18 18:35:00.000,2100,81400,53bb068c3bf37624c3000004,236.528,gametime
68af5adb3ec90eeb885ad66b,Detroit Tigers at Pittsburgh Pirates,2026-08-18 18:40:00.000,1900,0,538526c321efd33afb000002,124.78000000000002,gametime
68af5adbbf6276ee588dd9e4,Detroit Tigers at Pittsburgh Pirates,2026-08-17 19:05:00.000,2600,66300,538526c321efd33afb000002,181.22400000000005,gametime
68af5adbf81960799e88ff90,Boston Red Sox at Pittsburgh Pirates,2026-08-16 13:35:00.000,900,31400,538526c321efd33afb000002,267.49600000000004,gametime
68af5b702a5f2a35418d445c,Texas Rangers at Athletics,2026-08-16 13:05:00.000,1000,31200,55313d1878fea568e6000001,105.03600000000002,gametime
68af5b8c2a5f2a35418d4465,Los Angeles Dodgers at Colorado Rockies,2026-08-17 18:40:00.000,2800,66900,53acb8a23bf3760237000006,1294.6120000000008,gametime
68af5b8d0dcf1d7f796e6003,Los Angeles Dodgers at Colorado Rockies,2026-08-18 18:40:00.000,1700,39400,53acb8a23bf3760237000006,784.2959999999998,gametime
68af4c13e679c40425be1d96,Miami Marlins at Philadelphia Phillies,2026-08-19 18:05:00.000,2800,75400,539619523bf37601f6000001,545.564,gametime
68af4f2d2b923320a728e742,Toronto Blue Jays at Tampa Bay Rays,2026-08-19 18:40:00.000,1300,0,54dcf29564f9620805000003,139.648,gametime
68af4f2d6e994df60a6a1e8b,Toronto Blue Jays at Tampa Bay Rays,2026-08-20 13:10:00.000,1300,0,54dcf29564f9620805000003,74.88400000000003,gametime
68af526a74310d5e52b01192,San Francisco Giants at Cleveland Guardians,2026-08-19 18:40:00.000,2200,0,53beec013bf376503f000002,50.8,gametime
68af526c6e994df60a6a1f8a,San Francisco Giants at Cleveland Guardians,2026-08-20 13:10:00.000,3200,0,53beec013bf376503f000002,12.52,gametime
68af5293b645abdd501f0b53,San Diego Padres at New York Mets,2026-08-19 13:10:00.000,1400,276500,5362ccf73bf37627c6000002,533.2680000000001,gametime
68af53cb1ca2cb21ee10d4c2,Seattle Mariners at Milwaukee Brewers,2026-08-19 18:40:00.000,2100,0,538526c321efd33afb000003,63.272000000000006,gametime
68af53cb59c7d399737f2677,Seattle Mariners at Milwaukee Brewers,2026-08-20 13:10:00.000,2300,0,538526c321efd33afb000003,180.54400000000004,gametime
68af54823edac2b884b8bff3,St. Louis Cardinals at Cincinnati Reds,2026-08-20 12:40:00.000,800,86700,53beec013bf376503f000001,84.676,gametime
68af5484613b50d0d600eef2,St. Louis Cardinals at Cincinnati Reds,2026-08-19 18:40:00.000,800,0,53beec013bf376503f000001,75.96400000000001,gametime
68af54dce679c40425be20ab,Los Angeles Angels at Houston Astros,2026-08-19 19:10:00.000,800,373300,53b30c243bf37646fb000002,167.47600000000003,gametime
68af55bf2a5f2a35418d42fa,Washington Nationals at Texas Rangers,2026-08-19 19:05:00.000,800,155500,5d9f4ea483e7d2003a7aa81a,159.728,gametime
68af567d0322779c79d27383,Athletics at Kansas City Royals,2026-08-20 13:10:00.000,500,172000,538526c321efd33afb000004,26.164,gametime
68af56801ca2cb21ee10d574,Athletics at Kansas City Royals,2026-08-19 18:40:00.000,700,0,538526c321efd33afb000004,18.132,gametime
68af5868613b50d0d600efd6,Chicago White Sox at Chicago Cubs,2026-08-19 13:20:00.000,9700,302300,533d97153bf3766542000002,1441.9599999999996,gametime
68af59901ca2cb21ee10d615,Arizona Diamondbacks at Boston Red Sox,2026-08-19 16:10:00.000,4700,0,5362ccf73bf37627c6000001,889.6640000000002,gametime
68af5a02f81960799e88ff59,Atlanta Braves at Minnesota Twins,2026-08-19 12:40:00.000,3000,0,538526c321efd33afb000005,118.70399999999998,gametime
68af5a57561870a68b98950c,New York Yankees at Baltimore Orioles,2026-08-19 18:35:00.000,1700,0,53bb068c3bf37624c3000004,469.184,gametime
68af5a58afd35e5e7d650185,New York Yankees at Baltimore Orioles,2026-08-20 18:35:00.000,2100,0,53bb068c3bf37624c3000004,421.9,gametime
68af5adaaa4e56088378340b,Detroit Tigers at Pittsburgh Pirates,2026-08-19 12:35:00.000,1900,0,538526c321efd33afb000002,179.36,gametime
68af5b8d1ca2cb21ee10d6ac,Los Angeles Dodgers at Colorado Rockies,2026-08-19 18:40:00.000,2200,28300,53acb8a23bf3760237000006,793.08,gametime
68af4bbf61f7e1fa25848920,Chicago Cubs at Seattle Mariners,2026-08-21 19:10:00.000,4100,0,538526c321efd33afb000001,2851.504,gametime
68af4c130322779c79d26fff,St. Louis Cardinals at Philadelphia Phillies,2026-08-21 18:40:00.000,6900,55300,539619523bf37601f6000001,723.7880000000001,gametime
68af52976e994df60a6a1f9d,Toronto Blue Jays at New York Yankees (Cody Bellinger Bobblehead Night),2026-08-21 19:05:00.000,3700,0,5362ccf73bf37627c6000003,2350.548,gametime
68af53cc2b923320a728e8f3,Atlanta Braves at Milwaukee Brewers,2026-08-21 15:10:00.000,2600,0,538526c321efd33afb000003,379.276,gametime
68af54db2b923320a728e934,Athletics at Houston Astros,2026-08-21 19:10:00.000,1600,0,53b30c243bf37646fb000002,906.4880000000002,gametime
68af54db61f7e1fa25848c64,Los Angeles Angels at Houston Astros,2026-08-20 19:10:00.000,800,451400,53b30c243bf37646fb000002,200.51200000000003,gametime
68af5544c814c51f4f8dea04,Pittsburgh Pirates at Los Angeles Dodgers,2026-08-21 19:10:00.000,4000,0,5333a2763bf3767900000001,2224.3920000000003,gametime
68af55beaf43d83c9b349b02,Los Angeles Angels at Texas Rangers,2026-08-21 19:15:00.000,1200,0,5d9f4ea483e7d2003a7aa81a,356.224,gametime
68af55bf561870a68b98941d,Washington Nationals at Texas Rangers,2026-08-20 19:05:00.000,600,0,5d9f4ea483e7d2003a7aa81a,117.41600000000004,gametime
68af55fc7ac25ed1de5c9ace,Cincinnati Reds at Arizona Diamondbacks,2026-08-21 18:40:00.000,2300,0,538526c421efd33afb000006,441.3480000000002,gametime
68af567d5a8fe92ebf9ae65f,Detroit Tigers at Kansas City Royals (City Connect Crossbody Bag Giveaway),2026-08-21 19:10:00.000,1900,0,538526c321efd33afb000004,308.98799999999994,gametime
68af5869247244404743fbe6,New York Mets at Chicago White Sox,2026-08-21 18:40:00.000,1900,94500,5362ccf73bf37627c6000004,1064.956,gametime
68af595074310d5e52b01360,Washington Nationals at Miami Marlins,2026-08-21 19:10:00.000,700,0,53acb8a23bf3760237000004,163.292,gametime
68af5991aa4e5608837833a5,San Francisco Giants at Boston Red Sox,2026-08-21 19:00:00.000,10600,0,5362ccf73bf37627c6000001,2154.992,gametime
68af5a5759c7d399737f281b,Tampa Bay Rays at Baltimore Orioles (I Love the 90s Postgame Concert),2026-08-21 19:15:00.000,1300,0,53bb068c3bf37624c3000004,438.976,gametime
68af5a6caa4e5608837833eb,Minnesota Twins at San Diego Padres,2026-08-21 18:40:00.000,3800,0,53692f0a3bf3760f90000001,1777.712000000001,gametime
68af5b8d561870a68b98955c,Cleveland Guardians at Colorado Rockies,2026-08-21 18:40:00.000,1300,0,53acb8a23bf3760237000006,548.824,gametime
68af4bbeaa4e560883782ef9,Chicago Cubs at Seattle Mariners,2026-08-22 16:15:00.000,3300,0,538526c321efd33afb000001,2856.171999999999,gametime
68af4c13f2def3b1e9149f5b,St. Louis Cardinals at Philadelphia Phillies,2026-08-22 18:05:00.000,4500,94200,539619523bf37601f6000001,928.6799999999998,gametime
68af52975a8fe92ebf9ae526,Toronto Blue Jays at New York Yankees (Hello Kitty Bobblehead Day),2026-08-22 13:35:00.000,4800,224300,5362ccf73bf37627c6000003,2738.204,gametime
68af53cb74310d5e52b0122f,Atlanta Braves at Milwaukee Brewers,2026-08-22 13:10:00.000,5900,0,538526c321efd33afb000003,1170.804,gametime
68af54da561870a68b9893e3,Athletics at Houston Astros,2026-08-22 18:10:00.000,1800,451400,53b30c243bf37646fb000002,751.788,gametime
68af5544df4544316a760b82,Pittsburgh Pirates at Los Angeles Dodgers,2026-08-22 16:15:00.000,5500,554100,5333a2763bf3767900000001,1573.5800000000004,gametime
68af55be247244404743fb5f,Los Angeles Angels at Texas Rangers,2026-08-22 18:05:00.000,1500,0,5d9f4ea483e7d2003a7aa81a,568.004,gametime
68af55fe515a42e3057fd90e,Cincinnati Reds at Arizona Diamondbacks,2026-08-22 17:10:00.000,3200,0,538526c421efd33afb000006,566.3240000000001,gametime
68af567daa4e5608837832eb,Detroit Tigers at Kansas City Royals,2026-08-22 18:15:00.000,1500,0,538526c321efd33afb000004,251.404,gametime
68af58696d6358b08448fbac,New York Mets at Chicago White Sox (Wooden Domino Set Giveaway),2026-08-22 18:10:00.000,1900,83300,5362ccf73bf37627c6000004,1077.4519999999998,gametime
68af5951af43d83c9b349bcb,Washington Nationals at Miami Marlins,2026-08-22 16:10:00.000,1300,0,53acb8a23bf3760237000004,163.368,gametime
68af5990561870a68b9894e0,San Francisco Giants at Boston Red Sox,2026-08-22 19:15:00.000,6800,0,5362ccf73bf37627c6000001,1691.796,gametime
68af5a58c2578edd67b47609,Tampa Bay Rays at Baltimore Orioles (Replica Jersey Giveaway),2026-08-22 19:05:00.000,2000,0,53bb068c3bf37624c3000004,446.104,gametime
68af5a6ec2578edd67b47615,Minnesota Twins at San Diego Padres,2026-08-22 17:40:00.000,3900,155400,53692f0a3bf3760f90000001,1391.7280000000003,gametime
68af5b8cec76d275700538a5,Cleveland Guardians at Colorado Rockies,2026-08-22 18:10:00.000,1800,0,53acb8a23bf3760237000006,818.5719999999999,gametime
68af4bbdc95bdeed8553eb9b,Chicago Cubs at Seattle Mariners (10s Pin Giveaway),2026-08-23 13:10:00.000,6300,96900,538526c321efd33afb000001,2186.9960000000005,gametime
68af4bbe31b0417b2a9d5d99,Philadelphia Phillies at Seattle Mariners,2026-08-24 18:40:00.000,1400,201700,538526c321efd33afb000001,1094.74,gametime
68af4bbee679c40425be1d82,Philadelphia Phillies at Seattle Mariners,2026-08-25 18:40:00.000,1400,26700,538526c321efd33afb000001,1049.6519999999996,gametime
68af4c1574310d5e52b00f3b,St. Louis Cardinals at Philadelphia Phillies,2026-08-23 13:35:00.000,3500,0,539619523bf37601f6000001,703.9080000000002,gametime
68af5297f81960799e88fd60,Toronto Blue Jays at New York Yankees,2026-08-23 13:35:00.000,900,110600,5362ccf73bf37627c6000003,1082.7479999999996,gametime
68af53f6ec76d275700536e6,Cincinnati Reds at San Francisco Giants,2026-08-24 18:45:00.000,800,35000,52618c753bf3760b9c000004,284.48,gametime
68af53f82a5f2a35418d4282,Cincinnati Reds at San Francisco Giants,2026-08-25 18:45:00.000,1200,17300,52618c753bf3760b9c000004,318.0919999999999,gametime
68af544e3a17d236cc372c8c,Colorado Rockies at Washington Nationals,2026-08-24 18:45:00.000,2000,45100,5388f0613bf3761afd000002,199.24,gametime
68af544e59c7d399737f2696,Colorado Rockies at Washington Nationals,2026-08-25 18:45:00.000,1400,0,5388f0613bf3761afd000002,77.63600000000002,gametime
68af54ddf81960799e88fe17,Athletics at Houston Astros,2026-08-23 13:10:00.000,1400,24900,53b30c243bf37646fb000002,617.4199999999998,gametime
68af55442a5f2a35418d42db,Pittsburgh Pirates at Los Angeles Dodgers,2026-08-23 13:10:00.000,3900,376900,5333a2763bf3767900000001,1008.3520000000002,gametime
68af5547df4544316a760b84,Cleveland Guardians at Los Angeles Angels,2026-08-25 18:38:00.000,400,29700,533d97153bf3766542000001,188.804,gametime
68af5548ec76d27570053740,Cleveland Guardians at Los Angeles Angels,2026-08-24 18:38:00.000,400,28500,533d97153bf3766542000001,257.39200000000005,gametime
68af55bebbe8a1f1686b5670,Los Angeles Angels at Texas Rangers,2026-08-23 13:35:00.000,700,15900,5d9f4ea483e7d2003a7aa81a,468.148,gametime
68af55fc31b0417b2a9d6108,Chicago Cubs at Arizona Diamondbacks,2026-08-25 18:40:00.000,4900,21500,538526c421efd33afb000006,793.7200000000001,gametime
68af55fe31b0417b2a9d6109,Chicago Cubs at Arizona Diamondbacks,2026-08-24 18:40:00.000,2100,114800,538526c421efd33afb000006,464.0999999999999,gametime
68af55fee679c40425be20fb,Cincinnati Reds at Arizona Diamondbacks,2026-08-23 13:15:00.000,1800,93200,538526c421efd33afb000006,330.14399999999995,gametime
68af567dc95bdeed8553ef23,Detroit Tigers at Kansas City Royals,2026-08-23 13:10:00.000,900,172000,538526c321efd33afb000004,117.464,gametime
68af56a7d0162bf797c0fc70,Tampa Bay Rays at Detroit Tigers,2026-08-25 18:40:00.000,1000,134800,53c03a3b3bf37612c4000002,165.47199999999998,gametime
68af56a7df4544316a760bc1,Tampa Bay Rays at Detroit Tigers,2026-08-24 18:40:00.000,1100,35900,53c03a3b3bf37612c4000002,317.096,gametime
68af58692a5f2a35418d4392,Texas Rangers at Chicago White Sox,2026-08-24 18:40:00.000,700,41900,5362ccf73bf37627c6000004,284.232,gametime
68af5869ab077556743aa1f6,Texas Rangers at Chicago White Sox,2026-08-25 18:40:00.000,1600,94500,5362ccf73bf37627c6000004,326.024,gametime
68af586aaa4e560883783366,New York Mets at Chicago White Sox,2026-08-23 13:10:00.000,1700,0,5362ccf73bf37627c6000004,708.9400000000002,gametime
68af59220322779c79d2741f,Baltimore Orioles at St. Louis Cardinals,2026-08-25 18:45:00.000,1200,0,54b5ab3b3bf3763f85000001,63.16,gametime
68af594f59c7d399737f27d3,Boston Red Sox at Miami Marlins,2026-08-25 18:40:00.000,1100,75600,53acb8a23bf3760237000004,165.66,gametime
68af59501ca2cb21ee10d605,Boston Red Sox at Miami Marlins,2026-08-24 18:40:00.000,1700,88600,53acb8a23bf3760237000004,330.47600000000006,gametime
68af5950ec76d2757005380a,Washington Nationals at Miami Marlins,2026-08-23 13:40:00.000,1100,0,53acb8a23bf3760237000004,142.06,gametime
68af5990af43d83c9b349be0,San Francisco Giants at Boston Red Sox,2026-08-23 15:15:00.000,9300,0,5362ccf73bf37627c6000001,1274.9160000000004,gametime
68af5a573edac2b884b8c16e,Tampa Bay Rays at Baltimore Orioles (Orioles Cap Giveaway),2026-08-23 13:35:00.000,1200,113500,53bb068c3bf37624c3000004,255.51200000000003,gametime
68af5a6c1ca2cb21ee10d651,Pittsburgh Pirates at San Diego Padres,2026-08-25 18:40:00.000,3800,1168700,53692f0a3bf3760f90000001,1446.2240000000008,gametime
68af5a6c3ec90eeb885ad654,Pittsburgh Pirates at San Diego Padres (Merrill Robbery Bobblehead Giveaway),2026-08-24 18:40:00.000,2600,41300,53692f0a3bf3760f90000001,1195.0080000000005,gametime
68af5a6e59c7d399737f2824,Minnesota Twins at San Diego Padres (Kids Ruff Plush Keychain Giveaway),2026-08-23 13:10:00.000,1100,68400,53692f0a3bf3760f90000001,815.9600000000002,gametime
68af5b700322779c79d274af,Minnesota Twins at Athletics,2026-08-24 18:40:00.000,700,28600,55313d1878fea568e6000001,40.444,gametime
68af5b7074310d5e52b01408,Minnesota Twins at Athletics,2026-08-25 18:40:00.000,500,14400,55313d1878fea568e6000001,100.52,gametime
68af5b8c31b0417b2a9d627d,Cleveland Guardians at Colorado Rockies,2026-08-23 13:10:00.000,1300,19900,53acb8a23bf3760237000006,674.2960000000002,gametime
68af4bbe60f33e20f906b6c3,Philadelphia Phillies at Seattle Mariners,2026-08-26 13:10:00.000,1100,113300,538526c321efd33afb000001,523.624,gametime
68af4f67afd35e5e7d64fe67,Kansas City Royals at Toronto Blue Jays,2026-08-25 19:07:00.000,10800,49300,55116f6864f9625eb3000001,0.0,gametime
68af4f67f2def3b1e914a0ba,Kansas City Royals at Toronto Blue Jays,2026-08-26 19:07:00.000,7100,36500,55116f6864f9625eb3000001,222.448,gametime
68af4f68b645abdd501f0a46,Kansas City Royals at Toronto Blue Jays,2026-08-27 19:07:00.000,6000,90100,55116f6864f9625eb3000001,31.296000000000006,gametime
68af52931ca2cb21ee10d451,Milwaukee Brewers at New York Mets,2026-08-26 19:10:00.000,1000,104100,5362ccf73bf37627c6000002,341.07199999999995,gametime
68af5293504ca5fba8a2b19b,Milwaukee Brewers at New York Mets,2026-08-27 19:10:00.000,1400,133700,5362ccf73bf37627c6000002,674.7520000000001,gametime
68af5294df4544316a760aa7,Milwaukee Brewers at New York Mets,2026-08-25 19:10:00.000,1400,87500,5362ccf73bf37627c6000002,407.47200000000015,gametime
68af52972a5f2a35418d41f1,Houston Astros at New York Yankees,2026-08-25 19:05:00.000,2200,11581100,5362ccf73bf37627c6000003,1122.744,gametime
68af52990322779c79d2727c,Houston Astros at New York Yankees (George Costanza Calzone Bobblehead Night),2026-08-27 19:05:00.000,1200,98500,5362ccf73bf37627c6000003,1897.2440000000004,gametime
68af5299f2def3b1e914a1ca,Houston Astros at New York Yankees,2026-08-26 19:05:00.000,1100,183600,5362ccf73bf37627c6000003,1143.048,gametime
68af53f8134a3cce602c9a98,Arizona Diamondbacks at San Francisco Giants,2026-08-27 18:45:00.000,2800,85900,52618c753bf3760b9c000004,625.1359999999999,gametime
68af53f86e994df60a6a2022,Cincinnati Reds at San Francisco Giants,2026-08-26 12:45:00.000,800,54100,52618c753bf3760b9c000004,109.152,gametime
68af544fe679c40425be2090,Colorado Rockies at Washington Nationals,2026-08-27 13:05:00.000,1400,68400,5388f0613bf3761afd000002,30.04800000000001,gametime
68af54502b923320a728e906,Colorado Rockies at Washington Nationals,2026-08-26 18:45:00.000,1500,0,5388f0613bf3761afd000002,37.34,gametime
68af5548d0162bf797c0fc14,Cleveland Guardians at Los Angeles Angels,2026-08-26 13:07:00.000,400,0,533d97153bf3766542000001,83.472,gametime
68af55fca87c28317e9660bb,Chicago Cubs at Arizona Diamondbacks,2026-08-26 12:40:00.000,2100,85900,538526c421efd33afb000006,412.444,gametime
68af56a959c7d399737f2739,Tampa Bay Rays at Detroit Tigers,2026-08-26 13:10:00.000,700,198400,53c03a3b3bf37612c4000002,169.944,gametime
68af586974310d5e52b0133d,Texas Rangers at Chicago White Sox,2026-08-26 18:40:00.000,1000,60600,5362ccf73bf37627c6000004,288.812,gametime
68af58ee3ec90eeb885ad5f2,Los Angeles Dodgers at Atlanta Braves,2026-08-27 19:15:00.000,3300,279400,5876a1f7cde6626ebe0d3e87,1193.156,gametime
68af58ee61f7e1fa25848d66,Los Angeles Dodgers at Atlanta Braves,2026-08-25 19:15:00.000,2200,0,5876a1f7cde6626ebe0d3e87,671.56,gametime
68af58ef2a5f2a35418d43aa,Los Angeles Dodgers at Atlanta Braves,2026-08-26 19:15:00.000,1700,447300,5876a1f7cde6626ebe0d3e87,750.8839999999999,gametime
68af59243ec90eeb885ad5fc,Baltimore Orioles at St. Louis Cardinals,2026-08-27 13:15:00.000,1000,110100,54b5ab3b3bf3763f85000001,98.728,gametime
68af5924c2578edd67b475ac,Baltimore Orioles at St. Louis Cardinals,2026-08-26 18:45:00.000,1000,0,54b5ab3b3bf3763f85000001,101.696,gametime
68af594faf43d83c9b349bca,Boston Red Sox at Miami Marlins,2026-08-26 18:40:00.000,1400,0,53acb8a23bf3760237000004,362.5279999999999,gametime
68af5a6cdf4544316a760cb9,Pittsburgh Pirates at San Diego Padres,2026-08-26 13:10:00.000,700,110200,53692f0a3bf3760f90000001,352.896,gametime
68af5b70247244404743fcb8,Minnesota Twins at Athletics,2026-08-26 18:05:00.000,1900,32000,55313d1878fea568e6000001,184.072,gametime
68af4f2dc2578edd67b472aa,San Diego Padres at Tampa Bay Rays,2026-08-28 19:10:00.000,2400,0,54dcf29564f9620805000003,167.79999999999998,gametime
68af4f6a0dcf1d7f796e5c85,Seattle Mariners at Toronto Blue Jays,2026-08-28 19:15:00.000,6600,47500,55116f6864f9625eb3000001,273.548,gametime
68af526c4c5847540d932f65,Kansas City Royals at Cleveland Guardians (Free Shirt Friday),2026-08-28 19:10:00.000,4800,0,53beec013bf376503f000002,369.976,gametime
68af5295c2578edd67b473e9,Houston Astros at New York Mets,2026-08-28 19:10:00.000,1400,82900,5362ccf73bf37627c6000002,783.2520000000003,gametime
68af5299e679c40425be200c,Boston Red Sox at New York Yankees,2026-08-28 19:15:00.000,4500,0,5362ccf73bf37627c6000003,4346.975999999999,gametime
68af53cb2a5f2a35418d4276,Texas Rangers at Milwaukee Brewers (Cole Swindell Postgame Concert),2026-08-28 18:40:00.000,3800,94100,538526c321efd33afb000003,593.6199999999999,gametime
68af53f8c814c51f4f8de9bb,Arizona Diamondbacks at San Francisco Giants,2026-08-28 19:15:00.000,1900,47600,52618c753bf3760b9c000004,633.736,gametime
68af544f504ca5fba8a2b234,Miami Marlins at Washington Nationals,2026-08-28 18:45:00.000,1500,0,5388f0613bf3761afd000002,181.908,gametime
68af5547630aca517177584b,Philadelphia Phillies at Los Angeles Angels (Bobblehead Giveaway),2026-08-28 18:38:00.000,1000,73400,533d97153bf3766542000001,1101.5560000000005,gametime
68af56a7c95bdeed8553ef34,Los Angeles Dodgers at Detroit Tigers,2026-08-29 13:10:00.000,3000,0,53c03a3b3bf37612c4000002,749.6159999999999,gametime
68af56a9df4544316a760bc3,Los Angeles Dodgers at Detroit Tigers,2026-08-28 18:40:00.000,4300,1227500,53c03a3b3bf37612c4000002,1690.284,gametime
68af5868561870a68b9894a7,Cincinnati Reds at Chicago Cubs,2026-08-28 13:20:00.000,5400,157100,533d97153bf3766542000002,1206.212,gametime
68af5868f81960799e88fef2,Cincinnati Reds at Chicago Cubs,2026-08-29 13:20:00.000,8800,0,533d97153bf3766542000002,1961.2160000000008,gametime
68af58ef2b923320a728ea25,Colorado Rockies at Atlanta Braves,2026-08-28 19:15:00.000,1700,258200,5876a1f7cde6626ebe0d3e87,403.176,gametime
68af59228f863e886de02477,Pittsburgh Pirates at St. Louis Cardinals (Bobblehead Giveaway),2026-08-28 19:15:00.000,1300,111000,54b5ab3b3bf3763f85000001,264.88,gametime
68af5924ceb30d39d5ba1aa3,Pittsburgh Pirates at St. Louis Cardinals (Cardinals Purse Giveaway),2026-08-29 13:15:00.000,1600,0,54b5ab3b3bf3763f85000001,255.92800000000005,gametime
68af5a01af43d83c9b349bfb,Chicago White Sox at Minnesota Twins,2026-08-28 19:10:00.000,2900,0,538526c321efd33afb000005,160.58800000000002,gametime
68af5a02df4544316a760c9b,Chicago White Sox at Minnesota Twins,2026-08-29 13:10:00.000,2900,0,538526c321efd33afb000005,211.084,gametime
68af5b70bbe8a1f1686b57d4,Baltimore Orioles at Athletics,2026-08-28 18:40:00.000,2200,40200,55313d1878fea568e6000001,122.044,gametime
68af4f2c0322779c79d27120,San Diego Padres at Tampa Bay Rays,2026-08-29 16:10:00.000,3400,0,54dcf29564f9620805000003,185.376,gametime
68af4f6a1ca2cb21ee10d355,Seattle Mariners at Toronto Blue Jays,2026-08-29 15:07:00.000,8300,0,55116f6864f9625eb3000001,238.36800000000005,gametime
68af526b74310d5e52b01194,Kansas City Royals at Cleveland Guardians (Bob Feller 1936 Jersey Giveaway),2026-08-29 16:10:00.000,4100,0,53beec013bf376503f000002,231.20800000000003,gametime
68af5294bf6276ee588dd79e,Houston Astros at New York Mets,2026-08-29 16:10:00.000,1400,0,5362ccf73bf37627c6000002,863.1440000000001,gametime
68af5299c814c51f4f8de949,Boston Red Sox at New York Yankees,2026-08-29 19:15:00.000,3900,0,5362ccf73bf37627c6000003,2798.268000000002,gametime
68af53cbaa4e560883783232,Texas Rangers at Milwaukee Brewers,2026-08-29 18:15:00.000,3300,0,538526c321efd33afb000003,458.124,gametime
68af53f7c2578edd67b4746f,Arizona Diamondbacks at San Francisco Giants (Hall of Fame Replica Ring Giveaway),2026-08-29 19:05:00.000,1700,0,52618c753bf3760b9c000004,626.8,gametime
68af53f8e679c40425be2084,Arizona Diamondbacks at San Francisco Giants (Jung Hoo Lee Bobblehead Giveaway) (Rescheduled from 08/30),2026-08-29 13:05:00.000,3000,0,52618c753bf3760b9c000004,811.4560000000001,gametime
68af544e4c5847540d932ff8,Miami Marlins at Washington Nationals,2026-08-30 12:15:00.000,1500,23400,5388f0613bf3761afd000002,81.156,gametime
68af544fc814c51f4f8de9cd,Miami Marlins at Washington Nationals (James Wood Bobblehead Giveaway),2026-08-29 16:05:00.000,1700,0,5388f0613bf3761afd000002,,gametime
68af5547504ca5fba8a2b26f,Philadelphia Phillies at Los Angeles Angels,2026-08-29 19:07:00.000,700,0,533d97153bf3766542000001,878.992,gametime
68af55476e994df60a6a206d,Philadelphia Phillies at Los Angeles Angels (Angels Football Jersey Giveaway),2026-08-30 13:07:00.000,500,40000,533d97153bf3766542000001,436.8159999999999,gametime
68af58eebf6276ee588dd957,Colorado Rockies at Atlanta Braves,2026-08-29 16:10:00.000,4300,0,5876a1f7cde6626ebe0d3e87,,gametime
68af5b70613b50d0d600f0b3,Baltimore Orioles at Athletics,2026-08-30 13:05:00.000,1200,0,55313d1878fea568e6000001,82.60000000000002,gametime
68af5b70af43d83c9b349c66,Baltimore Orioles at Athletics (Sacramento Wearable Item Giveaway),2026-08-29 19:05:00.000,2500,0,55313d1878fea568e6000001,278.556,gametime
68af4f2c6e994df60a6a1e86,New York Mets at Tampa Bay Rays,2026-09-01 18:40:00.000,3600,153500,54dcf29564f9620805000003,259.188,gametime
68af4f2d74310d5e52b01082,New York Mets at Tampa Bay Rays,2026-08-31 18:40:00.000,1800,0,54dcf29564f9620805000003,192.68,gametime
68af4f2e3edac2b884b8be4e,San Diego Padres at Tampa Bay Rays,2026-08-30 13:40:00.000,3100,65600,54dcf29564f9620805000003,306.424,gametime
68af4f6a504ca5fba8a2b0aa,Seattle Mariners at Toronto Blue Jays,2026-08-30 13:37:00.000,8300,35000,55116f6864f9625eb3000001,322.028,gametime
68af526ab645abdd501f0b3d,Toronto Blue Jays at Cleveland Guardians,2026-09-01 18:40:00.000,3600,39000,53beec013bf376503f000002,172.988,gametime
68af526af81960799e88fd4a,Kansas City Royals at Cleveland Guardians,2026-08-30 13:40:00.000,3100,39200,53beec013bf376503f000002,116.4,gametime
68af52947ac25ed1de5c99d2,Houston Astros at New York Mets,2026-08-30 15:10:00.000,1400,98500,5362ccf73bf37627c6000002,673.708,gametime
68af5296561870a68b989326,Boston Red Sox at New York Yankees,2026-08-30 13:35:00.000,3700,135400,5362ccf73bf37627c6000003,2629.932,gametime
68af53cc60f33e20f906b9d2,Texas Rangers at Milwaukee Brewers,2026-08-30 13:10:00.000,2500,35500,538526c321efd33afb000003,446.3359999999999,gametime
68af544e515a42e3057fd895,Atlanta Braves at Washington Nationals,2026-09-02 13:05:00.000,1300,43900,5388f0613bf3761afd000002,50.284,gametime
68af544ec95bdeed8553eea0,Atlanta Braves at Washington Nationals,2026-09-01 18:45:00.000,1400,62200,5388f0613bf3761afd000002,291.0640000000001,gametime
68af545074310d5e52b01248,Miami Marlins at Washington Nationals,2026-08-31 18:45:00.000,1200,30100,5388f0613bf3761afd000002,88.45200000000001,gametime
68af5482247244404743fb0c,San Diego Padres at Cincinnati Reds,2026-09-01 18:40:00.000,800,31000,53beec013bf376503f000001,124.388,gametime
68af5482b645abdd501f0bea,San Diego Padres at Cincinnati Reds,2026-09-02 12:40:00.000,600,0,53beec013bf376503f000001,38.72800000000001,gametime
68af5485bf6276ee588dd845,San Diego Padres at Cincinnati Reds,2026-08-31 18:40:00.000,800,48300,53beec013bf376503f000001,99.484,gametime
68af54da60f33e20f906ba08,Chicago White Sox at Houston Astros,2026-09-01 19:10:00.000,1500,66100,53b30c243bf37646fb000002,664.356,gametime
68af54daab077556743aa115,Chicago White Sox at Houston Astros,2026-08-31 19:10:00.000,800,143300,53b30c243bf37646fb000002,177.364,gametime
68af5542ab077556743aa126,St. Louis Cardinals at Los Angeles Dodgers,2026-09-01 19:10:00.000,3400,700700,5333a2763bf3767900000001,580.996,gametime
68af5547aa4e56088378329f,New York Yankees at Los Angeles Angels,2026-08-31 18:38:00.000,700,93100,533d97153bf3766542000001,1221.776,gametime
68af5547c2578edd67b474c7,New York Yankees at Los Angeles Angels,2026-09-01 18:38:00.000,700,55400,533d97153bf3766542000001,1320.148,gametime
68af55be3a17d236cc372ce3,Athletics at Texas Rangers,2026-09-02 13:35:00.000,500,0,5d9f4ea483e7d2003a7aa81a,71.03600000000002,gametime
68af55be74310d5e52b012a6,Athletics at Texas Rangers,2026-08-31 19:05:00.000,600,94900,5d9f4ea483e7d2003a7aa81a,172.492,gametime
68af55bfceb30d39d5ba19f3,Athletics at Texas Rangers,2026-09-01 19:05:00.000,400,51000,5d9f4ea483e7d2003a7aa81a,154.4,gametime
68af55fc134a3cce602c9b09,Philadelphia Phillies at Arizona Diamondbacks,2026-09-01 18:40:00.000,1800,46400,538526c421efd33afb000006,330.9959999999998,gametime
68af55fc3a17d236cc372ced,Philadelphia Phillies at Arizona Diamondbacks,2026-09-02 12:40:00.000,1700,0,538526c421efd33afb000006,35.044000000000004,gametime
68af55fcb645abdd501f0c44,Philadelphia Phillies at Arizona Diamondbacks,2026-08-31 18:40:00.000,2000,36100,538526c421efd33afb000006,208.148,gametime
68af567e561870a68b989442,Miami Marlins at Kansas City Royals,2026-09-01 18:40:00.000,700,46600,538526c321efd33afb000004,157.62400000000002,gametime
68af56a7613b50d0d600ef73,Los Angeles Dodgers at Detroit Tigers,2026-08-30 13:40:00.000,2400,0,53c03a3b3bf37612c4000002,1022.2239999999998,gametime
68af5866134a3cce602c9b84,Milwaukee Brewers at Chicago Cubs,2026-09-01 18:40:00.000,2200,74200,533d97153bf3766542000002,1160.78,gametime
68af586761f7e1fa25848d4a,Milwaukee Brewers at Chicago Cubs,2026-08-31 18:40:00.000,2800,105300,533d97153bf3766542000002,943.016,gametime
68af5868df4544316a760c3c,Cincinnati Reds at Chicago Cubs (Harry Caray Bobblehead Giveaway),2026-08-30 18:20:00.000,3600,0,533d97153bf3766542000002,1178.0920000000006,gametime
68af58ee0322779c79d27416,Colorado Rockies at Atlanta Braves,2026-08-30 13:35:00.000,1400,79900,5876a1f7cde6626ebe0d3e87,498.7920000000001,gametime
68af59231ca2cb21ee10d5fe,Pittsburgh Pirates at St. Louis Cardinals (Kids Growth Chart Giveaway),2026-08-30 13:15:00.000,1200,51400,54b5ab3b3bf3763f85000001,178.49599999999998,gametime
68af5990504ca5fba8a2b36b,Seattle Mariners at Boston Red Sox,2026-09-02 16:10:00.000,1400,0,5362ccf73bf37627c6000001,437.9560000000001,gametime
68af5990ec76d27570053819,Seattle Mariners at Boston Red Sox,2026-08-31 18:45:00.000,6000,106200,5362ccf73bf37627c6000001,943.5240000000002,gametime
68af5992613b50d0d600f020,Seattle Mariners at Boston Red Sox,2026-09-01 18:45:00.000,700,200600,5362ccf73bf37627c6000001,779.3879999999997,gametime
68af5a023a17d236cc372dce,Detroit Tigers at Minnesota Twins,2026-09-01 18:40:00.000,1700,57300,538526c321efd33afb000005,42.384,gametime
68af5a0259c7d399737f27fb,Chicago White Sox at Minnesota Twins,2026-08-30 13:10:00.000,3100,53100,538526c321efd33afb000005,179.94800000000004,gametime
68af5a02afd35e5e7d650163,Detroit Tigers at Minnesota Twins,2026-08-31 18:40:00.000,1300,31800,538526c321efd33afb000005,27.727999999999994,gametime
68af5ada134a3cce602c9c34,San Francisco Giants at Pittsburgh Pirates,2026-09-01 18:40:00.000,2500,48600,538526c321efd33afb000002,193.532,gametime
68af5b8c5a8fe92ebf9ae79e,Baltimore Orioles at Colorado Rockies,2026-08-31 18:40:00.000,1700,39900,53acb8a23bf3760237000006,193.07200000000003,gametime
68af5b8d7ac25ed1de5c9c15,Baltimore Orioles at Colorado Rockies,2026-09-02 13:10:00.000,1100,22500,53acb8a23bf3760237000006,123.528,gametime
68af5b8ec95bdeed8553f08e,Baltimore Orioles at Colorado Rockies,2026-09-01 18:40:00.000,1700,26300,53acb8a23bf3760237000006,156.88799999999998,gametime
68af4bbe1ca2cb21ee10d1eb,Athletics at Seattle Mariners,2026-09-03 18:40:00.000,900,46600,538526c321efd33afb000001,318.1,gametime
68af4c15af43d83c9b3497a8,Atlanta Braves at Philadelphia Phillies,2026-09-04 18:40:00.000,4700,69300,539619523bf37601f6000001,634.324,gametime
68af4f2c515a42e3057fd6d8,New York Mets at Tampa Bay Rays,2026-09-02 18:40:00.000,1900,147500,54dcf29564f9620805000003,131.424,gametime
68af526ba87c28317e965fb4,Toronto Blue Jays at Cleveland Guardians,2026-09-03 13:10:00.000,3100,0,53beec013bf376503f000002,85.52000000000001,gametime
68af526cc814c51f4f8de92f,Toronto Blue Jays at Cleveland Guardians,2026-09-02 18:40:00.000,2400,0,53beec013bf376503f000002,74.8,gametime
68af5482515a42e3057fd8a5,Milwaukee Brewers at Cincinnati Reds (Ludacris Postgame Concert),2026-09-04 18:10:00.000,1500,142600,53beec013bf376503f000001,297.1120000000001,gametime
68af54db561870a68b9893e5,Chicago White Sox at Houston Astros,2026-09-02 19:10:00.000,600,18200,53b30c243bf37646fb000002,264.252,gametime
68af54dbdf4544316a760b65,Chicago White Sox at Houston Astros,2026-09-03 13:10:00.000,800,378800,53b30c243bf37646fb000002,187.984,gametime
68af554359c7d399737f26dc,St. Louis Cardinals at Los Angeles Dodgers,2026-09-03 19:10:00.000,4300,117500,5333a2763bf3767900000001,789.6039999999998,gametime
68af55441ca2cb21ee10d522,St. Louis Cardinals at Los Angeles Dodgers,2026-09-02 19:10:00.000,5400,181800,5333a2763bf3767900000001,1168.056,gametime
68af5548f81960799e88fe42,New York Yankees at Los Angeles Angels,2026-09-02 18:38:00.000,600,48700,533d97153bf3766542000001,2834.563999999998,gametime
68af55bebf6276ee588dd89b,Tampa Bay Rays at Texas Rangers,2026-09-03 19:05:00.000,400,141400,5d9f4ea483e7d2003a7aa81a,153.98,gametime
68af567e504ca5fba8a2b2be,Miami Marlins at Kansas City Royals,2026-09-03 18:40:00.000,300,156400,538526c321efd33afb000004,71.68,gametime
68af567e59c7d399737f272f,Miami Marlins at Kansas City Royals,2026-09-02 18:40:00.000,400,43000,538526c321efd33afb000004,51.908,gametime
68af5867515a42e3057fd9a3,Milwaukee Brewers at Chicago Cubs,2026-09-03 18:15:00.000,4500,274800,533d97153bf3766542000002,1075.1399999999994,gametime
68af5868af43d83c9b349b95,Milwaukee Brewers at Chicago Cubs,2026-09-02 18:40:00.000,2900,32600,533d97153bf3766542000002,1946.7,gametime
68af58690322779c79d273fd,Minnesota Twins at Chicago White Sox,2026-09-04 18:40:00.000,1700,567600,5362ccf73bf37627c6000004,474.2120000000001,gametime
68af5a02247244404743fc45,Detroit Tigers at Minnesota Twins,2026-09-02 18:40:00.000,2700,8600,538526c321efd33afb000005,77.748,gametime
68af5a58af43d83c9b349c16,Boston Red Sox at Baltimore Orioles,2026-09-03 19:15:00.000,1000,37800,53bb068c3bf37624c3000004,219.72,gametime
68af5a6df81960799e88ff7a,New York Yankees at San Diego Padres,2026-09-04 18:40:00.000,6800,285700,53692f0a3bf3760f90000001,1696.2560000000003,gametime
68af5adbaa4e56088378340e,San Francisco Giants at Pittsburgh Pirates,2026-09-02 18:40:00.000,2600,54600,538526c321efd33afb000002,24.304,gametime
68af5adbab077556743aa28d,San Francisco Giants at Pittsburgh Pirates,2026-09-03 12:35:00.000,1800,52000,538526c321efd33afb000002,11.8,gametime
68af5adbb645abdd501f0d6b,Los Angeles Angels at Pittsburgh Pirates,2026-09-04 18:45:00.000,2500,94600,538526c321efd33afb000002,300.76399999999995,gametime
68af5b8e0dcf1d7f796e6004,St. Louis Cardinals at Colorado Rockies,2026-09-04 18:40:00.000,1600,28900,53acb8a23bf3760237000006,490.3279999999999,gametime
68af4bbd561870a68b9890ec,Athletics at Seattle Mariners (Bryan Woo Bobblehead Giveaway),2026-09-05 18:40:00.000,1600,123500,538526c321efd33afb000001,1238.4200000000003,gametime
68af4bbdb645abdd501f08ca,Athletics at Seattle Mariners,2026-09-04 19:10:00.000,1600,90900,538526c321efd33afb000001,1009.8720000000004,gametime
68af4c13f2def3b1e9149f5a,Atlanta Braves at Philadelphia Phillies,2026-09-05 18:05:00.000,6800,92800,539619523bf37601f6000001,996.304,gametime
68af526caa4e560883783198,Detroit Tigers at Cleveland Guardians,2026-09-04 19:15:00.000,2400,165600,53beec013bf376503f000002,102.088,gametime
68af526d5a8fe92ebf9ae50b,Detroit Tigers at Cleveland Guardians (Jersey Hoodie Giveaway),2026-09-05 18:10:00.000,3300,165600,53beec013bf376503f000002,329.36,gametime
68af5294af43d83c9b3499fb,San Francisco Giants at New York Mets,2026-09-04 19:10:00.000,1800,197100,5362ccf73bf37627c6000002,708.8559999999998,gametime
68af52953a17d236cc372c00,San Francisco Giants at New York Mets,2026-09-05 16:10:00.000,2100,197100,5362ccf73bf37627c6000002,827.024,gametime
68af54831ca2cb21ee10d4e9,Milwaukee Brewers at Cincinnati Reds (Elly De La Cruz Bobblehead Giveaway),2026-09-05 18:40:00.000,1000,110800,53beec013bf376503f000001,488.256,gametime
68af54da2b923320a728e933,Arizona Diamondbacks at Houston Astros,2026-09-05 18:15:00.000,2400,237700,53b30c243bf37646fb000002,644.8560000000001,gametime
68af54dabf6276ee588dd852,Arizona Diamondbacks at Houston Astros,2026-09-04 19:10:00.000,1600,237700,53b30c243bf37646fb000002,741.68,gametime
68af5544bf6276ee588dd887,Washington Nationals at Los Angeles Dodgers,2026-09-04 19:10:00.000,5600,142000,5333a2763bf3767900000001,1170.22,gametime
68af55454c5847540d933046,Washington Nationals at Los Angeles Dodgers,2026-09-05 18:10:00.000,7700,274200,5333a2763bf3767900000001,597.8399999999999,gametime
68af55be0dcf1d7f796e5e89,Tampa Bay Rays at Texas Rangers,2026-09-05 18:05:00.000,1000,252500,5d9f4ea483e7d2003a7aa81a,506.0400000000001,gametime
68af55be6d6358b08448fb21,Tampa Bay Rays at Texas Rangers,2026-09-04 19:05:00.000,900,252500,5d9f4ea483e7d2003a7aa81a,246.964,gametime
68af567d247244404743fb85,Toronto Blue Jays at Kansas City Royals (Royal-Tees Giveaway),2026-09-05 18:10:00.000,900,141300,538526c321efd33afb000004,104.152,gametime
68af567e6d6358b08448fb42,Toronto Blue Jays at Kansas City Royals,2026-09-04 19:10:00.000,1100,157000,538526c321efd33afb000004,137.95999999999998,gametime
68af58697ac25ed1de5c9b52,Minnesota Twins at Chicago White Sox (Finance Bro Vest Giveaway),2026-09-05 18:10:00.000,1700,40900,5362ccf73bf37627c6000004,611.1639999999999,gametime
68af594e59c7d399737f27d2,Chicago Cubs at Miami Marlins,2026-09-05 16:10:00.000,1400,90700,53acb8a23bf3760237000004,526.9680000000001,gametime
68af5950b645abdd501f0d02,Chicago Cubs at Miami Marlins,2026-09-04 19:10:00.000,700,77400,53acb8a23bf3760237000004,319.4680000000001,gametime
68af5a58ab077556743aa267,Boston Red Sox at Baltimore Orioles,2026-09-04 19:05:00.000,1000,92900,53bb068c3bf37624c3000004,301.30799999999994,gametime
68af5a6ed0162bf797c0fd80,New York Yankees at San Diego Padres,2026-09-05 16:15:00.000,7300,476700,53692f0a3bf3760f90000001,2286.036,gametime
68af5adb515a42e3057fda4b,Los Angeles Angels at Pittsburgh Pirates (T-Shirt Giveaway),2026-09-05 18:40:00.000,3100,86300,538526c321efd33afb000002,436.984,gametime
68af5b8c613b50d0d600f0bd,St. Louis Cardinals at Colorado Rockies,2026-09-05 18:10:00.000,1900,30700,53acb8a23bf3760237000006,726.952,gametime
68af4bbe0dcf1d7f796e5b09,Athletics at Seattle Mariners,2026-09-06 13:10:00.000,1600,167100,538526c321efd33afb000001,1090.3040000000003,gametime
68af4c133a17d236cc372989,Atlanta Braves at Philadelphia Phillies,2026-09-06 13:10:00.000,7000,538300,539619523bf37601f6000001,1278.476,gametime
68af526d31b0417b2a9d6003,Detroit Tigers at Cleveland Guardians,2026-09-06 13:40:00.000,2300,165600,53beec013bf376503f000002,206.8,gametime
68af5296ab077556743aa06b,San Francisco Giants at New York Mets,2026-09-06 13:40:00.000,1800,189100,5362ccf73bf37627c6000002,1047.4800000000002,gametime
68af54850322779c79d27308,Milwaukee Brewers at Cincinnati Reds,2026-09-06 12:10:00.000,800,142600,53beec013bf376503f000001,338.784,gametime
68af54dc60f33e20f906ba09,Arizona Diamondbacks at Houston Astros,2026-09-06 13:10:00.000,2800,412200,53b30c243bf37646fb000002,1076.6159999999998,gametime
68af554459c7d399737f26dd,Washington Nationals at Los Angeles Dodgers,2026-09-06 19:10:00.000,12800,328900,5333a2763bf3767900000001,2195.536000000001,gametime
68af55be8f863e886de023bf,Tampa Bay Rays at Texas Rangers,2026-09-06 13:35:00.000,1300,252500,5d9f4ea483e7d2003a7aa81a,521.656,gametime
68af5680aa4e5608837832ec,Toronto Blue Jays at Kansas City Royals (Big Bling Birthday Bash Chain Giveaway),2026-09-06 13:10:00.000,500,157000,538526c321efd33afb000004,128.076,gametime
68af586b2b923320a728ea07,Minnesota Twins at Chicago White Sox,2026-09-06 17:20:00.000,1600,189600,5362ccf73bf37627c6000004,730.492,gametime
68af594e0dcf1d7f796e5f51,Chicago Cubs at Miami Marlins,2026-09-06 13:40:00.000,1200,1174900,53acb8a23bf3760237000004,485.4999999999999,gametime
68af5a57c2578edd67b47608,Boston Red Sox at Baltimore Orioles,2026-09-06 13:35:00.000,2900,65600,53bb068c3bf37624c3000004,1276.616,gametime
68af5a57df4544316a760cb2,Boston Red Sox at Baltimore Orioles,2026-09-05 19:05:00.000,2900,54200,53bb068c3bf37624c3000004,870.3039999999999,gametime
68af5a6eaa4e5608837833ec,New York Yankees at San Diego Padres,2026-09-06 13:10:00.000,6500,337800,53692f0a3bf3760f90000001,2762.6279999999992,gametime
68af5adb0dcf1d7f796e5fca,Los Angeles Angels at Pittsburgh Pirates (Kids Backpack Giveaway),2026-09-06 13:35:00.000,3200,86300,538526c321efd33afb000002,534.5840000000001,gametime
68af5b8e3edac2b884b8c1c9,St. Louis Cardinals at Colorado Rockies,2026-09-06 13:10:00.000,1600,30500,53acb8a23bf3760237000006,797.1919999999997,gametime
68af4bbc561870a68b9890eb,Texas Rangers at Seattle Mariners (Andrés Muñoz POP Collectible Giveaway),2026-09-09 13:10:00.000,700,0,538526c321efd33afb000001,173.73999999999998,gametime
68af4bbcaf43d83c9b34979a,Texas Rangers at Seattle Mariners (Andrés Muñoz POP Collectible Giveaway),2026-09-10 13:10:00.000,800,80400,538526c321efd33afb000001,54.0,gametime
68af4bbe8f863e886de020bf,Texas Rangers at Seattle Mariners (Andrés Muñoz POP Collectible Giveaway),2026-09-08 18:40:00.000,800,0,538526c321efd33afb000001,385.756,gametime
68af4c13134a3cce602c9816,Atlanta Braves at Philadelphia Phillies,2026-09-07 13:05:00.000,6600,239000,539619523bf37601f6000001,1390.2119999999995,gametime
68af4c14aa4e560883782f0d,Houston Astros at Philadelphia Phillies,2026-09-08 18:40:00.000,2200,0,539619523bf37601f6000001,607.0840000000001,gametime
68af4c14d0162bf797c0f8d0,Houston Astros at Philadelphia Phillies,2026-09-10 13:05:00.000,1900,135400,539619523bf37601f6000001,165.008,gametime
68af4c14ec76d2757005340b,Houston Astros at Philadelphia Phillies,2026-09-09 18:40:00.000,2000,357700,539619523bf37601f6000001,699.0919999999999,gametime
68af52995a8fe92ebf9ae528,Colorado Rockies at New York Yankees,2026-09-09 19:05:00.000,800,11630600,5362ccf73bf37627c6000003,1101.4520000000002,gametime
68af52996e994df60a6a1fa0,Colorado Rockies at New York Yankees,2026-09-08 19:05:00.000,7000,204700,5362ccf73bf37627c6000003,711.3200000000002,gametime
68af53ca3edac2b884b8bfd4,Chicago Cubs at Milwaukee Brewers,2026-09-09 18:40:00.000,1900,368000,538526c321efd33afb000003,715.3760000000001,gametime
68af53ca504ca5fba8a2b214,Chicago Cubs at Milwaukee Brewers,2026-09-08 18:40:00.000,2800,0,538526c321efd33afb000003,650.5359999999998,gametime
68af53cadf4544316a760b2c,Chicago Cubs at Milwaukee Brewers,2026-09-07 13:10:00.000,9200,0,538526c321efd33afb000003,1682.5719999999997,gametime
68af53f7ec76d275700536e7,St. Louis Cardinals at San Francisco Giants,2026-09-09 12:45:00.000,500,21900,52618c753bf3760b9c000004,191.83200000000005,gametime
68af53f7f81960799e88fde5,St. Louis Cardinals at San Francisco Giants,2026-09-07 17:10:00.000,1900,0,52618c753bf3760b9c000004,555.188,gametime
68af53f8b645abdd501f0bc5,St. Louis Cardinals at San Francisco Giants,2026-09-08 18:45:00.000,1100,27900,52618c753bf3760b9c000004,233.45999999999995,gametime
68af5542613b50d0d600ef2b,Cincinnati Reds at Los Angeles Dodgers,2026-09-08 19:10:00.000,3600,157100,5333a2763bf3767900000001,422.232,gametime
68af5542df4544316a760b7f,Cincinnati Reds at Los Angeles Dodgers,2026-09-09 19:10:00.000,3800,235100,5333a2763bf3767900000001,474.82,gametime
68af55450dcf1d7f796e5e68,Cincinnati Reds at Los Angeles Dodgers,2026-09-07 18:10:00.000,3500,125000,5333a2763bf3767900000001,1686.9,gametime
68af567e7ac25ed1de5c9ae9,Arizona Diamondbacks at Kansas City Royals,2026-09-09 18:40:00.000,300,78300,538526c321efd33afb000004,32.44,gametime
68af567eaf43d83c9b349b22,Arizona Diamondbacks at Kansas City Royals,2026-09-08 18:40:00.000,400,141300,538526c321efd33afb000004,28.028,gametime
68af56800dcf1d7f796e5eb4,Arizona Diamondbacks at Kansas City Royals (Iced Out Hockey Jersey Giveaway),2026-09-07 13:10:00.000,1100,66500,538526c321efd33afb000004,137.57600000000002,gametime
68af56a860f33e20f906ba6f,Minnesota Twins at Detroit Tigers,2026-09-08 18:40:00.000,400,104400,53c03a3b3bf37612c4000002,102.472,gametime
68af56aa1ca2cb21ee10d579,Minnesota Twins at Detroit Tigers,2026-09-09 13:10:00.000,400,0,53c03a3b3bf37612c4000002,57.220000000000006,gametime
68af56aac814c51f4f8dea54,Minnesota Twins at Detroit Tigers,2026-09-07 15:10:00.000,1300,116200,53c03a3b3bf37612c4000002,451.6880000000001,gametime
68af5869f81960799e88fef3,Pittsburgh Pirates at Chicago White Sox,2026-09-08 18:40:00.000,1300,94900,5362ccf73bf37627c6000004,366.56,gametime
68af586a247244404743fbe7,Pittsburgh Pirates at Chicago White Sox,2026-09-09 18:40:00.000,900,331700,5362ccf73bf37627c6000004,253.8719999999999,gametime
68af586a7ac25ed1de5c9b53,Pittsburgh Pirates at Chicago White Sox,2026-09-10 18:40:00.000,900,0,5362ccf73bf37627c6000004,365.3999999999999,gametime
68af58ed61f7e1fa25848d64,Tampa Bay Rays at Atlanta Braves,2026-09-09 19:15:00.000,1000,357700,5876a1f7cde6626ebe0d3e87,229.98,gametime
68af58edf81960799e88ff10,Tampa Bay Rays at Atlanta Braves (The Avett Brothers Postgame Concert),2026-09-08 19:15:00.000,800,0,5876a1f7cde6626ebe0d3e87,194.716,gametime
68af58ee561870a68b9894bf,Tampa Bay Rays at Atlanta Braves,2026-09-10 12:15:00.000,800,235700,5876a1f7cde6626ebe0d3e87,160.60800000000003,gametime
68af594e1ca2cb21ee10d604,New York Mets at Miami Marlins,2026-09-08 18:40:00.000,900,0,53acb8a23bf3760237000004,64.50800000000002,gametime
68af594e61f7e1fa25848d7f,New York Mets at Miami Marlins,2026-09-09 18:40:00.000,500,92000,53acb8a23bf3760237000004,116.724,gametime
68af594e8f863e886de02480,New York Mets at Miami Marlins,2026-09-07 13:10:00.000,1400,0,53acb8a23bf3760237000004,246.46800000000005,gametime
68af599059c7d399737f27e4,Los Angeles Angels at Boston Red Sox,2026-09-09 18:45:00.000,1400,304300,5362ccf73bf37627c6000001,919.9999999999995,gametime
68af5990f81960799e88ff3d,Los Angeles Angels at Boston Red Sox,2026-09-08 18:45:00.000,2100,0,5362ccf73bf37627c6000001,1103.9520000000002,gametime
68af5991a87c28317e96618f,Los Angeles Angels at Boston Red Sox (Red Sox Football Jersey Giveaway),2026-09-07 13:35:00.000,7900,192700,5362ccf73bf37627c6000001,2094.568,gametime
68af5a57486ac15b7e7f736a,Cleveland Guardians at Baltimore Orioles,2026-09-09 18:35:00.000,700,0,53bb068c3bf37624c3000004,85.56400000000001,gametime
68af5a5774310d5e52b013a9,Cleveland Guardians at Baltimore Orioles,2026-09-08 18:35:00.000,700,51900,53bb068c3bf37624c3000004,84.12800000000001,gametime
68af5a57f81960799e88ff73,Cleveland Guardians at Baltimore Orioles,2026-09-07 13:35:00.000,1500,57300,53bb068c3bf37624c3000004,479.288,gametime
68af5a6e31b0417b2a9d6233,Washington Nationals at San Diego Padres (Tatis City Connect Bobblehead Giveaway),2026-09-08 18:40:00.000,3100,0,53692f0a3bf3760f90000001,924.2800000000002,gametime
68af5a6e5a8fe92ebf9ae752,Washington Nationals at San Diego Padres,2026-09-09 13:10:00.000,400,188000,53692f0a3bf3760f90000001,473.46000000000015,gametime
68af5a6e8f863e886de024c9,Washington Nationals at San Diego Padres,2026-09-07 14:10:00.000,1700,104800,53692f0a3bf3760f90000001,1291.7560000000003,gametime
68af5b702b923320a728eada,Toronto Blue Jays at Athletics,2026-09-08 18:40:00.000,900,0,55313d1878fea568e6000001,24.736,gametime
68af5b7131b0417b2a9d6279,Toronto Blue Jays at Athletics,2026-09-09 12:05:00.000,1000,0,55313d1878fea568e6000001,73.08800000000002,gametime
68af5b7161f7e1fa25848e1d,Toronto Blue Jays at Athletics,2026-09-07 19:05:00.000,2200,0,55313d1878fea568e6000001,156.92800000000005,gametime
68af4f2bb645abdd501f0a1f,Houston Astros at Tampa Bay Rays,2026-09-11 19:10:00.000,1800,148100,54dcf29564f9620805000003,166.112,gametime
68af4f6aec76d27570053566,Baltimore Orioles at Toronto Blue Jays (Blue Jays Classic Retro Bag Giveaway),2026-09-11 19:07:00.000,7700,88600,55116f6864f9625eb3000001,153.68,gametime
68af529931b0417b2a9d601d,Colorado Rockies at New York Yankees,2026-09-10 19:05:00.000,1700,554200,5362ccf73bf37627c6000003,1274.584,gametime
68af5299630aca5171775790,New York Mets at New York Yankees,2026-09-11 19:05:00.000,11000,435900,5362ccf73bf37627c6000003,4195.040000000002,gametime
68af53cb1ca2cb21ee10d4c1,Cincinnati Reds at Milwaukee Brewers,2026-09-11 18:45:00.000,2300,0,538526c321efd33afb000003,360.532,gametime
68af53f72b923320a728e8fc,San Diego Padres at San Francisco Giants,2026-09-11 19:15:00.000,1700,203800,52618c753bf3760b9c000004,1049.0679999999998,gametime
68af544faf43d83c9b349a9e,Los Angeles Angels at Washington Nationals,2026-09-11 18:45:00.000,1700,62500,5388f0613bf3761afd000002,119.232,gametime
68af55fcf2def3b1e914a2e5,Texas Rangers at Arizona Diamondbacks,2026-09-11 18:40:00.000,2000,589800,538526c421efd33afb000006,529.7840000000002,gametime
68af56aa6d6358b08448fb4f,Colorado Rockies at Detroit Tigers (Dustin Lynch Postgame Concert),2026-09-11 18:40:00.000,1800,97600,53c03a3b3bf37612c4000002,590.524,gametime
68af5867f2def3b1e914a37f,Pittsburgh Pirates at Chicago Cubs,2026-09-11 13:20:00.000,2800,556500,533d97153bf3766542000002,863.1199999999995,gametime
68af58f0561870a68b9894c0,Philadelphia Phillies at Atlanta Braves,2026-09-11 19:15:00.000,2900,248200,5876a1f7cde6626ebe0d3e87,420.548,gametime
68af59226e994df60a6a2154,Chicago White Sox at St. Louis Cardinals (2006 World Series All-Over Print Shirt Giveaway),2026-09-11 19:15:00.000,1600,0,54b5ab3b3bf3763f85000001,287.576,gametime
68af594e2b923320a728ea39,Los Angeles Dodgers at Miami Marlins,2026-09-11 19:10:00.000,1400,187900,53acb8a23bf3760237000004,554.916,gametime
68af59903a17d236cc372db4,Kansas City Royals at Boston Red Sox,2026-09-11 19:10:00.000,5100,0,5362ccf73bf37627c6000001,1188.9959999999996,gametime
68af5a02f2def3b1e914a3e9,Cleveland Guardians at Minnesota Twins,2026-09-11 19:10:00.000,1500,201600,538526c321efd33afb000005,107.67199999999998,gametime
68af5b70515a42e3057fda84,Seattle Mariners at Athletics,2026-09-11 18:40:00.000,800,142300,55313d1878fea568e6000001,231.216,gametime
68af4f2bbf6276ee588dd67f,Houston Astros at Tampa Bay Rays,2026-09-12 18:10:00.000,2900,128300,54dcf29564f9620805000003,232.832,gametime
68af4f6874310d5e52b010a2,Baltimore Orioles at Toronto Blue Jays,2026-09-12 15:07:00.000,8100,109300,55116f6864f9625eb3000001,155.304,gametime
68af52986e994df60a6a1f9f,New York Mets at New York Yankees,2026-09-12 13:35:00.000,5400,278800,5362ccf73bf37627c6000003,3286.431999999999,gametime
68af53cc7ac25ed1de5c9a41,Cincinnati Reds at Milwaukee Brewers,2026-09-12 18:10:00.000,2600,359300,538526c321efd33afb000003,513.7640000000001,gametime
68af53f80dcf1d7f796e5e1e,San Diego Padres at San Francisco Giants (Willy Adames Long Sleeve Jersey Giveaway),2026-09-12 13:05:00.000,3600,177800,52618c753bf3760b9c000004,1071.444,gametime
68af54503a17d236cc372c8d,Los Angeles Angels at Washington Nationals (Expos Replica Jersey Giveaway),2026-09-12 16:05:00.000,1500,191200,5388f0613bf3761afd000002,205.728,gametime
68af55fcceb30d39d5ba19fc,Texas Rangers at Arizona Diamondbacks,2026-09-12 17:10:00.000,2500,0,538526c421efd33afb000006,406.732,gametime
68af56aa3edac2b884b8c074,Colorado Rockies at Detroit Tigers,2026-09-12 13:10:00.000,900,97300,53c03a3b3bf37612c4000002,257.204,gametime
68af586831b0417b2a9d61a8,Pittsburgh Pirates at Chicago Cubs,2026-09-12 13:20:00.000,5400,230400,533d97153bf3766542000002,1348.032,gametime
68af58ee613b50d0d600efee,Philadelphia Phillies at Atlanta Braves,2026-09-12 19:15:00.000,3300,251400,5876a1f7cde6626ebe0d3e87,709.2479999999999,gametime
68af5922134a3cce602c9ba9,Chicago White Sox at St. Louis Cardinals (Baseball Card Bobblehead Giveaway),2026-09-12 18:15:00.000,4000,398000,54b5ab3b3bf3763f85000001,499.0000000000001,gametime
68af594e504ca5fba8a2b35a,Los Angeles Dodgers at Miami Marlins,2026-09-12 16:10:00.000,1400,132800,53acb8a23bf3760237000004,564.9520000000001,gametime
68af59927ac25ed1de5c9b86,Kansas City Royals at Boston Red Sox,2026-09-12 16:10:00.000,8800,246600,5362ccf73bf37627c6000001,1065.428,gametime
68af5a03ec76d27570053830,Cleveland Guardians at Minnesota Twins,2026-09-12 15:10:00.000,1600,204300,538526c321efd33afb000005,18.832,gametime
68af5b70b645abdd501f0d99,Seattle Mariners at Athletics (Athletics Hall of Fame Ceremony),2026-09-12 18:40:00.000,1800,173000,55313d1878fea568e6000001,233.62800000000004,gametime
68af4f2b60f33e20f906b822,Houston Astros at Tampa Bay Rays,2026-09-13 13:40:00.000,2500,81000,54dcf29564f9620805000003,154.47199999999995,gametime
68af4f68f81960799e88fc66,Baltimore Orioles at Toronto Blue Jays,2026-09-13 13:37:00.000,6000,221900,55116f6864f9625eb3000001,271.48,gametime
68af526d630aca5171775777,Chicago White Sox at Cleveland Guardians,2026-09-14 18:40:00.000,2900,165600,53beec013bf376503f000002,111.8,gametime
68af52998f863e886de022f5,New York Mets at New York Yankees,2026-09-13 13:35:00.000,3700,540000,5362ccf73bf37627c6000003,4076.156,gametime
68af53ca2b923320a728e8f1,Cincinnati Reds at Milwaukee Brewers,2026-09-13 13:10:00.000,3200,164300,538526c321efd33afb000003,290.92400000000004,gametime
68af53f8ec76d275700536e9,San Diego Padres at San Francisco Giants (Logan Webb Football Jersey Giveaway),2026-09-13 16:20:00.000,3000,204200,52618c753bf3760b9c000004,660.8240000000001,gametime
68af5451f2def3b1e914a259,Los Angeles Angels at Washington Nationals,2026-09-13 13:35:00.000,1600,160600,5388f0613bf3761afd000002,40.052000000000014,gametime
68af5482ec76d27570053701,Los Angeles Dodgers at Cincinnati Reds,2026-09-14 18:40:00.000,800,205300,53beec013bf376503f000001,259.256,gametime
68af554874310d5e52b0128e,Seattle Mariners at Los Angeles Angels,2026-09-14 18:38:00.000,400,253100,533d97153bf3766542000001,299.5199999999999,gametime
68af55fb1ca2cb21ee10d551,Texas Rangers at Arizona Diamondbacks,2026-09-13 13:10:00.000,1600,62700,538526c421efd33afb000006,249.34400000000008,gametime
68af55fcaf43d83c9b349b0d,Miami Marlins at Arizona Diamondbacks,2026-09-14 18:40:00.000,1500,125600,538526c421efd33afb000006,72.808,gametime
68af56aab645abdd501f0c6d,Colorado Rockies at Detroit Tigers,2026-09-13 12:10:00.000,700,1167800,53c03a3b3bf37612c4000002,292.148,gametime
68af5868afd35e5e7d6500ff,Pittsburgh Pirates at Chicago Cubs (Sammy Sosa Bobblehead Giveaway),2026-09-13 13:20:00.000,3700,394400,533d97153bf3766542000002,988.788,gametime
68af586961f7e1fa25848d4b,Atlanta Braves at Chicago Cubs,2026-09-14 18:40:00.000,2300,290300,533d97153bf3766542000002,581.792,gametime
68af58ee7ac25ed1de5c9b63,Philadelphia Phillies at Atlanta Braves,2026-09-13 13:35:00.000,1700,251400,5876a1f7cde6626ebe0d3e87,737.9599999999999,gametime
68af5922515a42e3057fd9cc,Chicago White Sox at St. Louis Cardinals,2026-09-13 13:15:00.000,1700,324600,54b5ab3b3bf3763f85000001,230.544,gametime
68af59226d6358b08448fbca,San Francisco Giants at St. Louis Cardinals,2026-09-14 18:45:00.000,1000,188600,54b5ab3b3bf3763f85000001,74.52,gametime
68af5950a87c28317e96617d,Los Angeles Dodgers at Miami Marlins,2026-09-13 13:40:00.000,1300,151300,53acb8a23bf3760237000004,516.8759999999999,gametime
68af5992c2578edd67b475ce,Kansas City Royals at Boston Red Sox,2026-09-13 15:05:00.000,2500,268600,5362ccf73bf37627c6000001,618.8159999999999,gametime
68af5a025a8fe92ebf9ae728,New York Yankees at Minnesota Twins,2026-09-14 18:40:00.000,1000,265400,538526c321efd33afb000005,59.46,gametime
68af5a031ca2cb21ee10d632,Cleveland Guardians at Minnesota Twins,2026-09-13 13:10:00.000,900,204300,538526c321efd33afb000005,27.34800000000001,gametime
68af5b72561870a68b989552,Seattle Mariners at Athletics,2026-09-13 13:05:00.000,1800,154100,55313d1878fea568e6000001,109.30800000000004,gametime
68af5b8dc95bdeed8553f08d,San Diego Padres at Colorado Rockies,2026-09-14 18:40:00.000,1500,102400,53acb8a23bf3760237000006,175.204,gametime
68af4f2b0dcf1d7f796e5c65,Athletics at Tampa Bay Rays,2026-09-17 13:10:00.000,900,0,54dcf29564f9620805000003,62.108,gametime
68af4f2b613b50d0d600ed51,Athletics at Tampa Bay Rays,2026-09-16 18:40:00.000,1100,0,54dcf29564f9620805000003,66.20400000000001,gametime
68af4f2de679c40425be1ee7,Athletics at Tampa Bay Rays,2026-09-15 18:40:00.000,1100,0,54dcf29564f9620805000003,44.124,gametime
68af4f6859c7d399737f24f0,Detroit Tigers at Toronto Blue Jays,2026-09-15 19:07:00.000,5100,72800,55116f6864f9625eb3000001,189.316,gametime
68af4f68afd35e5e7d64fe6a,Detroit Tigers at Toronto Blue Jays,2026-09-16 15:07:00.000,6100,50000,55116f6864f9625eb3000001,257.70400000000006,gametime
68af4f68df4544316a7609b4,Detroit Tigers at Toronto Blue Jays,2026-09-14 19:07:00.000,5000,97000,55116f6864f9625eb3000001,194.056,gametime
68af526d134a3cce602c9a1a,Chicago White Sox at Cleveland Guardians,2026-09-15 18:40:00.000,2700,0,53beec013bf376503f000002,147.00000000000003,gametime
68af526dc95bdeed8553edfc,Chicago White Sox at Cleveland Guardians,2026-09-16 13:10:00.000,3100,0,53beec013bf376503f000002,91.4,gametime
68af5294515a42e3057fd7fe,Baltimore Orioles at New York Mets,2026-09-16 19:10:00.000,1300,150000,5362ccf73bf37627c6000002,495.208,gametime
68af52946e994df60a6a1f9b,Baltimore Orioles at New York Mets,2026-09-14 19:10:00.000,1900,131000,5362ccf73bf37627c6000002,593.2199999999999,gametime
68af5295ec76d27570053661,Baltimore Orioles at New York Mets,2026-09-15 19:10:00.000,1400,0,5362ccf73bf37627c6000002,297.144,gametime
68af54501ca2cb21ee10d4da,Philadelphia Phillies at Washington Nationals,2026-09-16 18:45:00.000,1700,0,5388f0613bf3761afd000002,264.124,gametime
68af54507ac25ed1de5c9a5d,Philadelphia Phillies at Washington Nationals,2026-09-15 18:45:00.000,1700,0,5388f0613bf3761afd000002,261.35599999999994,gametime
68af54822b923320a728e913,Los Angeles Dodgers at Cincinnati Reds,2026-09-16 18:40:00.000,600,0,53beec013bf376503f000001,234.32400000000007,gametime
68af5482504ca5fba8a2b243,Los Angeles Dodgers at Cincinnati Reds,2026-09-17 12:40:00.000,800,0,53beec013bf376503f000001,127.976,gametime
68af54850dcf1d7f796e5e3a,Los Angeles Dodgers at Cincinnati Reds,2026-09-15 18:40:00.000,900,129200,53beec013bf376503f000001,287.14400000000006,gametime
68af54db59c7d399737f26ab,Kansas City Royals at Houston Astros,2026-09-16 19:10:00.000,1000,0,53b30c243bf37646fb000002,278.63199999999995,gametime
68af54dbc2578edd67b474a7,Kansas City Royals at Houston Astros,2026-09-17 18:15:00.000,1000,210400,53b30c243bf37646fb000002,409.1240000000001,gametime
68af54dc613b50d0d600ef04,Kansas City Royals at Houston Astros,2026-09-15 19:10:00.000,1400,0,53b30c243bf37646fb000002,207.808,gametime
68af5547ab077556743aa129,Seattle Mariners at Los Angeles Angels,2026-09-15 18:38:00.000,400,0,533d97153bf3766542000001,,gametime
68af5548d0162bf797c0fc15,Seattle Mariners at Los Angeles Angels,2026-09-16 18:38:00.000,700,0,533d97153bf3766542000001,622.2439999999999,gametime
68af55be515a42e3057fd904,Boston Red Sox at Texas Rangers,2026-09-15 19:05:00.000,900,0,5d9f4ea483e7d2003a7aa81a,271.15200000000004,gametime
68af55bf4c5847540d933062,Boston Red Sox at Texas Rangers,2026-09-16 19:05:00.000,1000,0,5d9f4ea483e7d2003a7aa81a,253.008,gametime
68af55fb504ca5fba8a2b29a,Miami Marlins at Arizona Diamondbacks,2026-09-15 18:40:00.000,1300,104400,538526c421efd33afb000006,131.16400000000002,gametime
68af55fc515a42e3057fd90d,Miami Marlins at Arizona Diamondbacks,2026-09-16 18:40:00.000,1300,0,538526c421efd33afb000006,170.396,gametime
68af58663edac2b884b8c0d7,Atlanta Braves at Chicago Cubs,2026-09-16 18:40:00.000,1700,0,533d97153bf3766542000002,629.5,gametime
68af58668f863e886de02454,Atlanta Braves at Chicago Cubs,2026-09-15 18:40:00.000,1500,0,533d97153bf3766542000002,524.3240000000001,gametime
68af5922b645abdd501f0cf8,San Francisco Giants at St. Louis Cardinals,2026-09-15 18:45:00.000,1000,0,54b5ab3b3bf3763f85000001,131.208,gametime
68af5922c2578edd67b475aa,San Francisco Giants at St. Louis Cardinals,2026-09-16 12:15:00.000,1000,0,54b5ab3b3bf3763f85000001,53.952000000000005,gametime
68af5a01d0162bf797c0fd51,New York Yankees at Minnesota Twins,2026-09-15 18:40:00.000,1600,0,538526c321efd33afb000005,90.16799999999998,gametime
68af5a02c2578edd67b475ea,New York Yankees at Minnesota Twins,2026-09-16 12:40:00.000,1300,180200,538526c321efd33afb000005,115.22800000000002,gametime
68af5adbbf6276ee588dd9e7,Milwaukee Brewers at Pittsburgh Pirates,2026-09-17 12:35:00.000,1900,0,538526c321efd33afb000002,34.8,gametime
68af5adcec76d2757005386b,Milwaukee Brewers at Pittsburgh Pirates,2026-09-16 18:40:00.000,2100,0,538526c321efd33afb000002,29.196,gametime
68af5add4c5847540d933194,Milwaukee Brewers at Pittsburgh Pirates,2026-09-15 18:40:00.000,2600,0,538526c321efd33afb000002,171.20000000000002,gametime
68af5b8c134a3cce602c9c6a,San Diego Padres at Colorado Rockies,2026-09-17 13:10:00.000,1200,416300,53acb8a23bf3760237000006,252.8,gametime
68af5b8d504ca5fba8a2b409,San Diego Padres at Colorado Rockies,2026-09-15 18:40:00.000,1300,0,53acb8a23bf3760237000006,,gametime
68af5b8d613b50d0d600f0be,San Diego Padres at Colorado Rockies,2026-09-16 18:40:00.000,1500,257000,53acb8a23bf3760237000006,152.47200000000004,gametime
68af4f2cec76d27570053540,Boston Red Sox at Tampa Bay Rays,2026-09-18 19:10:00.000,2500,209400,54dcf29564f9620805000003,454.656,gametime
68af526cd0162bf797c0fb37,Athletics at Cleveland Guardians,2026-09-18 19:10:00.000,2900,259400,53beec013bf376503f000002,629.5280000000001,gametime
68af5294f2def3b1e914a1c4,Philadelphia Phillies at New York Mets,2026-09-17 19:15:00.000,1400,573200,5362ccf73bf37627c6000002,586.0800000000003,gametime
68af529674310d5e52b011b5,Philadelphia Phillies at New York Mets,2026-09-18 19:15:00.000,1900,190400,5362ccf73bf37627c6000002,1198.5120000000002,gametime
68af54848f863e886de0236c,Chicago Cubs at Cincinnati Reds,2026-09-18 18:40:00.000,1300,0,53beec013bf376503f000001,383.116,gametime
68af54dc3ec90eeb885ad4fd,Atlanta Braves at Houston Astros,2026-09-18 19:10:00.000,3200,313000,53b30c243bf37646fb000002,1834.2200000000007,gametime
68af554259c7d399737f26da,San Francisco Giants at Los Angeles Dodgers,2026-09-18 19:15:00.000,5000,259800,5333a2763bf3767900000001,1506.724,gametime
68af55480322779c79d27347,Minnesota Twins at Los Angeles Angels,2026-09-17 18:38:00.000,300,30200,533d97153bf3766542000001,223.05200000000005,gametime
68af5548bf6276ee588dd88a,Minnesota Twins at Los Angeles Angels (Angels and Ducks Blanket Giveaway),2026-09-18 18:38:00.000,1300,0,533d97153bf3766542000001,1328.728,gametime
68af55bda87c28317e9660ab,Toronto Blue Jays at Texas Rangers,2026-09-18 19:05:00.000,1200,340300,5d9f4ea483e7d2003a7aa81a,747.7120000000002,gametime
68af55be31b0417b2a9d60fc,Boston Red Sox at Texas Rangers,2026-09-17 19:05:00.000,1300,330700,5d9f4ea483e7d2003a7aa81a,680.5840000000003,gametime
68af55fcceb30d39d5ba19fd,New York Yankees at Arizona Diamondbacks,2026-09-18 18:40:00.000,4600,124000,538526c421efd33afb000006,1277.5160000000003,gametime
68af58694c5847540d9330ff,Detroit Tigers at Chicago White Sox (Cole Swindell Postgame Concert),2026-09-18 18:40:00.000,900,409800,5362ccf73bf37627c6000004,616.3480000000001,gametime
68af586a515a42e3057fd9a6,Detroit Tigers at Chicago White Sox,2026-09-17 18:40:00.000,1300,208600,5362ccf73bf37627c6000004,481.7680000000001,gametime
68af5923ec76d27570053805,Washington Nationals at St. Louis Cardinals (Cardinals Hockey Jersey Giveaway),2026-09-18 19:15:00.000,1300,0,54b5ab3b3bf3763f85000001,259.2920000000001,gametime
68af5a58613b50d0d600f055,Milwaukee Brewers at Baltimore Orioles (Hispanic Heritage Jersey Giveaway),2026-09-18 19:05:00.000,2600,0,53bb068c3bf37624c3000004,868.312,gametime
68af5a6e134a3cce602c9c14,Miami Marlins at San Diego Padres,2026-09-18 18:40:00.000,4600,616000,53692f0a3bf3760f90000001,1556.4079999999997,gametime
68af5adb561870a68b989529,Kansas City Royals at Pittsburgh Pirates,2026-09-18 18:40:00.000,2600,0,538526c321efd33afb000002,286.19199999999995,gametime
68af5b8ee679c40425be226f,Seattle Mariners at Colorado Rockies,2026-09-18 18:10:00.000,1600,0,53acb8a23bf3760237000006,1336.9159999999997,gametime
68af4f2d486ac15b7e7f703d,Boston Red Sox at Tampa Bay Rays,2026-09-19 16:10:00.000,3500,630300,54dcf29564f9620805000003,482.916,gametime
68af526a60f33e20f906b940,Athletics at Cleveland Guardians (125th Anniversary Pennant Giveaway),2026-09-19 18:10:00.000,4200,589900,53beec013bf376503f000002,218.08,gametime
68af5296c95bdeed8553ee15,Philadelphia Phillies at New York Mets,2026-09-19 16:30:00.000,2800,88300,5362ccf73bf37627c6000002,1379.052,gametime
68af548474310d5e52b0124f,Chicago Cubs at Cincinnati Reds,2026-09-19 18:40:00.000,900,188900,53beec013bf376503f000001,395.56,gametime
68af54dbbf6276ee588dd853,Atlanta Braves at Houston Astros,2026-09-19 18:10:00.000,3300,0,53b30c243bf37646fb000002,605.3080000000001,gametime
68af5542bf6276ee588dd886,San Francisco Giants at Los Angeles Dodgers,2026-09-19 18:10:00.000,6900,575700,5333a2763bf3767900000001,2182.4160000000006,gametime
68af5547b645abdd501f0c1f,Minnesota Twins at Los Angeles Angels (Team Photo Giveaway),2026-09-19 18:38:00.000,700,209400,533d97153bf3766542000001,1095.4759999999992,gametime
68af55bf247244404743fb60,Toronto Blue Jays at Texas Rangers,2026-09-19 18:05:00.000,1900,7786700,5d9f4ea483e7d2003a7aa81a,456.4559999999999,gametime
68af55fb0dcf1d7f796e5e98,New York Yankees at Arizona Diamondbacks,2026-09-19 17:10:00.000,8500,412800,538526c421efd33afb000006,670.6679999999999,gametime
68af5869515a42e3057fd9a5,Detroit Tigers at Chicago White Sox (Irish Quarter Zip Giveaway),2026-09-19 18:10:00.000,1500,205900,5362ccf73bf37627c6000004,581.232,gametime
68af59232b923320a728ea31,Washington Nationals at St. Louis Cardinals (Cardinals Jersey Hoodie Giveaway),2026-09-19 18:15:00.000,1200,11432600,54b5ab3b3bf3763f85000001,261.20000000000005,gametime
68af5a58613b50d0d600f056,Milwaukee Brewers at Baltimore Orioles (Fan Choice Item Giveaway),2026-09-19 16:05:00.000,2200,209400,53bb068c3bf37624c3000004,550.5519999999998,gametime
68af5a6ec814c51f4f8deb3c,Miami Marlins at San Diego Padres,2026-09-19 17:40:00.000,3300,206800,53692f0a3bf3760f90000001,1147.0360000000005,gametime
68af5adc4c5847540d933192,Kansas City Royals at Pittsburgh Pirates,2026-09-19 18:40:00.000,2100,205900,538526c321efd33afb000002,155.64,gametime
68af5b8f60f33e20f906bb9b,Seattle Mariners at Colorado Rockies,2026-09-19 18:10:00.000,1400,35700,53acb8a23bf3760237000006,481.2679999999999,gametime
68af4f2c561870a68b989224,Boston Red Sox at Tampa Bay Rays,2026-09-20 13:40:00.000,4100,209400,54dcf29564f9620805000003,209.544,gametime
68af526c31b0417b2a9d6002,Athletics at Cleveland Guardians,2026-09-20 13:40:00.000,2700,209400,53beec013bf376503f000002,122.8,gametime
68af529660f33e20f906b961,Philadelphia Phillies at New York Mets,2026-09-20 13:10:00.000,1200,95000,5362ccf73bf37627c6000002,611.5440000000002,gametime
68af5483247244404743fb0d,Chicago Cubs at Cincinnati Reds,2026-09-20 13:40:00.000,1100,210400,53beec013bf376503f000001,233.208,gametime
68af54db134a3cce602c9abd,Atlanta Braves at Houston Astros,2026-09-20 13:10:00.000,1600,258200,53b30c243bf37646fb000002,850.8480000000002,gametime
68af5542bbe8a1f1686b5647,San Francisco Giants at Los Angeles Dodgers,2026-09-20 13:10:00.000,5000,282100,5333a2763bf3767900000001,1218.668,gametime
68af55470322779c79d27346,Minnesota Twins at Los Angeles Angels,2026-09-20 13:07:00.000,400,209400,533d97153bf3766542000001,362.352,gametime
68af55bfbbe8a1f1686b5671,Toronto Blue Jays at Texas Rangers,2026-09-20 13:35:00.000,1300,387800,5d9f4ea483e7d2003a7aa81a,490.3479999999999,gametime
68af55fd3ec90eeb885ad54b,New York Yankees at Arizona Diamondbacks,2026-09-20 13:10:00.000,3600,210300,538526c421efd33afb000006,1245.588,gametime
68af586abbe8a1f1686b5708,Detroit Tigers at Chicago White Sox,2026-09-20 13:10:00.000,800,86300,5362ccf73bf37627c6000004,138.26,gametime
68af59233ec90eeb885ad5fb,Washington Nationals at St. Louis Cardinals (Cardinals Vest Giveaway),2026-09-20 13:15:00.000,1300,208600,54b5ab3b3bf3763f85000001,221.91600000000005,gametime
68af5a6d486ac15b7e7f7373,Miami Marlins at San Diego Padres (Superhero Lunch Box Giveaway),2026-09-20 13:10:00.000,2200,540000,53692f0a3bf3760f90000001,1092.6079999999995,gametime
68af5adc515a42e3057fda4c,Kansas City Royals at Pittsburgh Pirates,2026-09-20 13:35:00.000,1300,208600,538526c321efd33afb000002,25.98,gametime
68af5b8eaf43d83c9b349c74,Seattle Mariners at Colorado Rockies,2026-09-20 13:10:00.000,1400,27400,53acb8a23bf3760237000006,277.51199999999994,gametime
68af4bbd504ca5fba8a2af49,Houston Astros at Seattle Mariners,2026-09-22 18:40:00.000,900,81400,538526c321efd33afb000001,282.4159999999999,gametime
68af4c15bf6276ee588dd536,Milwaukee Brewers at Philadelphia Phillies,2026-09-22 18:40:00.000,2000,208600,539619523bf37601f6000001,296.76399999999995,gametime
68af4c16f81960799e88faf0,Milwaukee Brewers at Philadelphia Phillies,2026-09-23 18:40:00.000,2200,208600,539619523bf37601f6000001,468.38000000000005,gametime
68af5299a87c28317e965fce,Tampa Bay Rays at New York Yankees,2026-09-22 19:05:00.000,800,214200,5362ccf73bf37627c6000003,615.9960000000001,gametime
68af53f7134a3cce602c9a97,Minnesota Twins at San Francisco Giants,2026-09-23 12:45:00.000,800,52100,52618c753bf3760b9c000004,272.81600000000003,gametime
68af53f7247244404743fae6,Minnesota Twins at San Francisco Giants,2026-09-21 18:45:00.000,800,32100,52618c753bf3760b9c000004,355.384,gametime
68af53f831b0417b2a9d6088,Minnesota Twins at San Francisco Giants,2026-09-22 18:45:00.000,800,208600,52618c753bf3760b9c000004,217.45200000000003,gametime
68af5543134a3cce602c9ae4,San Diego Padres at Los Angeles Dodgers,2026-09-22 19:10:00.000,6300,767300,5333a2763bf3767900000001,1708.9480000000003,gametime
68af55bdc2578edd67b474db,New York Mets at Texas Rangers,2026-09-22 19:05:00.000,800,326000,5d9f4ea483e7d2003a7aa81a,320.676,gametime
68af567d1ca2cb21ee10d56d,Chicago White Sox at Kansas City Royals,2026-09-23 18:40:00.000,700,208600,538526c321efd33afb000004,101.696,gametime
68af567f5a8fe92ebf9ae660,Chicago White Sox at Kansas City Royals,2026-09-22 18:40:00.000,600,208600,538526c321efd33afb000004,34.756,gametime
68af56aaaa4e5608837832f8,Washington Nationals at Detroit Tigers,2026-09-23 13:10:00.000,400,1117700,53c03a3b3bf37612c4000002,99.204,gametime
68af56aae679c40425be2126,Washington Nationals at Detroit Tigers,2026-09-21 18:40:00.000,500,208600,53c03a3b3bf37612c4000002,172.272,gametime
68af56aaf2def3b1e914a315,Washington Nationals at Detroit Tigers,2026-09-22 18:40:00.000,400,208600,53c03a3b3bf37612c4000002,110.752,gametime
68af586660f33e20f906bacb,Miami Marlins at Chicago Cubs,2026-09-23 18:40:00.000,2000,276000,533d97153bf3766542000002,837.7040000000009,gametime
68af586760f33e20f906bacc,Miami Marlins at Chicago Cubs,2026-09-22 18:40:00.000,1600,276000,533d97153bf3766542000002,687.5560000000002,gametime
68af58ee134a3cce602c9ba2,Cincinnati Reds at Atlanta Braves,2026-09-22 19:15:00.000,1200,251400,5876a1f7cde6626ebe0d3e87,407.86800000000005,gametime
68af598fceb30d39d5ba1abf,Cleveland Guardians at Boston Red Sox,2026-09-22 18:45:00.000,2500,201500,5362ccf73bf37627c6000001,580.696,gametime
68af5a56504ca5fba8a2b39e,Milwaukee Brewers at Baltimore Orioles (Kids Poster Giveaway),2026-09-20 19:20:00.000,800,209400,53bb068c3bf37624c3000004,99.076,gametime
68af5a565a8fe92ebf9ae747,Toronto Blue Jays at Baltimore Orioles,2026-09-21 18:35:00.000,600,209400,53bb068c3bf37624c3000004,58.972,gametime
68af5a566e994df60a6a219b,Toronto Blue Jays at Baltimore Orioles (Rescheduled from 9/22/2026),2026-09-23 13:35:00.000,400,0,53bb068c3bf37624c3000004,96.54800000000002,gametime
68af5a56e679c40425be2216,Toronto Blue Jays at Baltimore Orioles,2026-09-23 18:35:00.000,700,209400,53bb068c3bf37624c3000004,84.62800000000001,gametime
68af5adc6d6358b08448fc45,St. Louis Cardinals at Pittsburgh Pirates,2026-09-22 18:40:00.000,1900,196300,538526c321efd33afb000002,19.32,gametime
68af5add31b0417b2a9d6250,St. Louis Cardinals at Pittsburgh Pirates,2026-09-23 18:40:00.000,1300,208600,538526c321efd33afb000002,97.48,gametime
68af5b70ab077556743aa2c7,Los Angeles Angels at Athletics,2026-09-23 18:40:00.000,1300,208600,55313d1878fea568e6000001,119.88000000000002,gametime
68af5b71134a3cce602c9c62,Los Angeles Angels at Athletics,2026-09-22 18:40:00.000,1600,189600,55313d1878fea568e6000001,58.832,gametime
68af5b8bafd35e5e7d6501ce,Arizona Diamondbacks at Colorado Rockies,2026-09-22 18:40:00.000,1600,20500,53acb8a23bf3760237000006,222.788,gametime
68af5b8ddf4544316a760d19,Arizona Diamondbacks at Colorado Rockies,2026-09-23 18:40:00.000,1700,190400,53acb8a23bf3760237000006,230.1920000000001,gametime
68af4bbc1ca2cb21ee10d1e9,Los Angeles Angels at Seattle Mariners,2026-09-24 18:40:00.000,800,0,538526c321efd33afb000001,305.968,gametime
68af4bbc7ac25ed1de5c9771,Houston Astros at Seattle Mariners,2026-09-23 19:10:00.000,700,81900,538526c321efd33afb000001,307.40000000000003,gametime
68af4c146e994df60a6a1d66,Tampa Bay Rays at Philadelphia Phillies,2026-09-25 18:40:00.000,4100,108500,539619523bf37601f6000001,507.28,gametime
68af4c16b645abdd501f08e7,Milwaukee Brewers at Philadelphia Phillies,2026-09-24 18:05:00.000,2800,0,539619523bf37601f6000001,423.548,gametime
68af5297c2578edd67b473ea,Tampa Bay Rays at New York Yankees,2026-09-23 19:05:00.000,800,209400,5362ccf73bf37627c6000003,805.0279999999999,gametime
68af52991ca2cb21ee10d455,Tampa Bay Rays at New York Yankees,2026-09-24 19:05:00.000,800,0,5362ccf73bf37627c6000003,945.7960000000002,gametime
68af53cb630aca51717757f1,St. Louis Cardinals at Milwaukee Brewers,2026-09-25 18:40:00.000,3200,0,538526c321efd33afb000003,730.436,gametime
68af554274310d5e52b0128b,San Diego Padres at Los Angeles Dodgers,2026-09-24 19:10:00.000,11400,0,5333a2763bf3767900000001,2159.587999999999,gametime
68af55440dcf1d7f796e5e67,San Diego Padres at Los Angeles Dodgers,2026-09-23 19:10:00.000,5500,352400,5333a2763bf3767900000001,2009.1200000000008,gametime
68af55bd134a3cce602c9afd,New York Mets at Texas Rangers,2026-09-23 19:05:00.000,2100,442500,5d9f4ea483e7d2003a7aa81a,847.456,gametime
68af55bf561870a68b98941e,New York Mets at Texas Rangers,2026-09-24 13:35:00.000,400,0,5d9f4ea483e7d2003a7aa81a,344.588,gametime
68af567e247244404743fb86,Chicago White Sox at Kansas City Royals,2026-09-24 13:10:00.000,500,0,538526c321efd33afb000004,102.66800000000002,gametime
68af567f5a8fe92ebf9ae661,Cleveland Guardians at Kansas City Royals (Salvador Perez City Connect Bobblehead Giveaway),2026-09-25 18:40:00.000,2100,84200,538526c321efd33afb000004,182.988,gametime
68af56aa504ca5fba8a2b2c6,Pittsburgh Pirates at Detroit Tigers,2026-09-25 18:40:00.000,1600,47600,53c03a3b3bf37612c4000002,707.3080000000002,gametime
68af5866486ac15b7e7f72f8,Miami Marlins at Chicago Cubs (Fan Appreciation),2026-09-24 13:20:00.000,1900,0,533d97153bf3766542000002,671.676,gametime
68af58693edac2b884b8c0d9,Colorado Rockies at Chicago White Sox (Los White Sox Poncho Giveaway),2026-09-25 18:40:00.000,3100,86300,5362ccf73bf37627c6000004,1644.1239999999998,gametime
68af58eeaf43d83c9b349bb1,Cincinnati Reds at Atlanta Braves,2026-09-23 19:15:00.000,1200,251400,5876a1f7cde6626ebe0d3e87,342.63600000000014,gametime
68af58ef247244404743fc02,Cincinnati Reds at Atlanta Braves,2026-09-24 19:15:00.000,2300,0,5876a1f7cde6626ebe0d3e87,650.8159999999998,gametime
68af5990134a3cce602c9bc5,Cleveland Guardians at Boston Red Sox,2026-09-24 18:45:00.000,2300,0,5362ccf73bf37627c6000001,1160.244,gametime
68af59913edac2b884b8c129,Cleveland Guardians at Boston Red Sox,2026-09-23 19:10:00.000,2100,0,5362ccf73bf37627c6000001,904.7080000000004,gametime
68af5a6f504ca5fba8a2b3ab,Arizona Diamondbacks at San Diego Padres,2026-09-25 18:40:00.000,5300,220400,53692f0a3bf3760f90000001,2268.8,gametime
68af5adb3a17d236cc372e15,St. Louis Cardinals at Pittsburgh Pirates,2026-09-24 12:35:00.000,2200,0,538526c321efd33afb000002,108.1,gametime
68af5b71247244404743fcb9,Houston Astros at Athletics,2026-09-25 18:40:00.000,1600,0,55313d1878fea568e6000001,216.60400000000007,gametime
68af5b721ca2cb21ee10d69e,Houston Astros at Athletics,2026-09-24 18:40:00.000,1700,0,55313d1878fea568e6000001,230.58000000000004,gametime
68af5b8ef2def3b1e914a487,Arizona Diamondbacks at Colorado Rockies,2026-09-24 13:10:00.000,1400,0,53acb8a23bf3760237000006,214.1200000000001,gametime
68af4bbe3ec90eeb885ad1b8,Los Angeles Angels at Seattle Mariners,2026-09-25 19:10:00.000,1400,0,538526c321efd33afb000001,1016.36,gametime
68af4f68bf6276ee588dd6a7,Cincinnati Reds at Toronto Blue Jays (Carlos Delgado Windbreaker Giveaway),2026-09-25 19:07:00.000,3400,75900,55116f6864f9625eb3000001,309.72399999999993,gametime
68af5299504ca5fba8a2b1a0,Baltimore Orioles at New York Yankees,2026-09-25 16:05:00.000,3000,136400,5362ccf73bf37627c6000003,2366.8840000000005,gametime
68af53f760f33e20f906b9db,Los Angeles Dodgers at San Francisco Giants,2026-09-26 13:05:00.000,4400,80200,52618c753bf3760b9c000004,2055.492,gametime
68af53f8630aca51717757fa,Los Angeles Dodgers at San Francisco Giants,2026-09-25 19:15:00.000,4800,0,52618c753bf3760b9c000004,2515.544,gametime
68af5450504ca5fba8a2b235,New York Mets at Washington Nationals (Nationals Football Jersey Giveaway),2026-09-25 18:45:00.000,1800,264600,5388f0613bf3761afd000002,493.12400000000014,gametime
68af56aaec76d2757005377b,Pittsburgh Pirates at Detroit Tigers,2026-09-26 13:10:00.000,6500,0,53c03a3b3bf37612c4000002,1379.4999999999998,gametime
68af594ff2def3b1e914a3b7,Atlanta Braves at Miami Marlins,2026-09-25 19:10:00.000,1200,115200,53acb8a23bf3760237000004,311.73999999999995,gametime
68af599aaa4e5608837833a9,Chicago Cubs at Boston Red Sox,2026-09-25 18:05:00.000,3100,293400,5362ccf73bf37627c6000001,1317.5159999999994,gametime
68af5a036e994df60a6a2184,Texas Rangers at Minnesota Twins,2026-09-25 19:10:00.000,1600,204300,538526c321efd33afb000005,125.66,gametime
68af4bbc3a17d236cc37297e,Los Angeles Angels at Seattle Mariners (20s Pin Giveaway),2026-09-26 18:40:00.000,1000,82600,538526c321efd33afb000001,556.416,gametime
68af4c1431b0417b2a9d5da8,Tampa Bay Rays at Philadelphia Phillies,2026-09-26 19:15:00.000,1600,117700,539619523bf37601f6000001,382.412,gametime
68af4f6759c7d399737f24ef,Cincinnati Reds at Toronto Blue Jays,2026-09-26 15:07:00.000,8500,8500,55116f6864f9625eb3000001,304.4200000000001,gametime
68af52992b923320a728e87c,Baltimore Orioles at New York Yankees (CC Sabathia Night),2026-09-26 19:15:00.000,1500,0,5362ccf73bf37627c6000003,794.512,gametime
68af53caf81960799e88fddf,St. Louis Cardinals at Milwaukee Brewers,2026-09-26 18:10:00.000,6100,103900,538526c321efd33afb000003,723.3120000000001,gametime
68af5450247244404743faf7,New York Mets at Washington Nationals,2026-09-26 16:05:00.000,1700,0,5388f0613bf3761afd000002,244.72000000000003,gametime
68af567f3edac2b884b8c06a,Cleveland Guardians at Kansas City Royals (Jersey Jacket Giveaway),2026-09-26 18:10:00.000,1500,66500,538526c321efd33afb000004,149.428,gametime
68af5869a87c28317e966150,Colorado Rockies at Chicago White Sox (City Connect Crewneck Giveaway),2026-09-26 18:10:00.000,2700,115500,5362ccf73bf37627c6000004,1716.8320000000003,gametime
68af594e6e994df60a6a215e,Atlanta Braves at Miami Marlins,2026-09-26 16:10:00.000,1700,58900,53acb8a23bf3760237000004,508.35199999999975,gametime
68af5991ab077556743aa22e,Chicago Cubs at Boston Red Sox,2026-09-26 19:15:00.000,2400,0,5362ccf73bf37627c6000001,343.36799999999994,gametime
68af5a01bf6276ee588dd9a0,Texas Rangers at Minnesota Twins,2026-09-26 15:10:00.000,1300,21900,538526c321efd33afb000005,140.38800000000003,gametime
68af5a6e613b50d0d600f05d,Arizona Diamondbacks at San Diego Padres,2026-09-26 17:40:00.000,4600,0,53692f0a3bf3760f90000001,2250.5959999999995,gametime
68af5b716d6358b08448fc75,Houston Astros at Athletics (Fan Appreciation Mystery Item Giveaway),2026-09-26 18:40:00.000,1800,60500,55313d1878fea568e6000001,395.084,gametime
68af4bbcafd35e5e7d64fcee,Los Angeles Angels at Seattle Mariners,2026-09-27 12:10:00.000,1300,2950200,538526c321efd33afb000001,461.464,gametime
68af4c166d6358b08448f7f0,Tampa Bay Rays at Philadelphia Phillies,2026-09-27 15:05:00.000,2500,55500,539619523bf37601f6000001,136.96800000000002,gametime
68af4f6861f7e1fa25848ab8,Cincinnati Reds at Toronto Blue Jays,2026-09-27 15:07:00.000,3900,158700,55116f6864f9625eb3000001,289.48,gametime
68af5298561870a68b989328,Baltimore Orioles at New York Yankees,2026-09-27 15:20:00.000,600,117700,5362ccf73bf37627c6000003,447.8519999999999,gametime
68af53ca5a8fe92ebf9ae5a6,St. Louis Cardinals at Milwaukee Brewers,2026-09-27 14:10:00.000,4000,164300,538526c321efd33afb000003,366.372,gametime
68af53f76e994df60a6a2021,Los Angeles Dodgers at San Francisco Giants,2026-09-27 12:05:00.000,6100,183300,52618c753bf3760b9c000004,1749.304,gametime
68af5450c2578edd67b47482,New York Mets at Washington Nationals,2026-09-27 15:05:00.000,1500,93800,5388f0613bf3761afd000002,87.348,gametime
68af568031b0417b2a9d612e,Cleveland Guardians at Kansas City Royals,2026-09-27 14:10:00.000,500,110200,538526c321efd33afb000004,68.576,gametime
68af56aa59c7d399737f273a,Pittsburgh Pirates at Detroit Tigers,2026-09-27 15:10:00.000,800,75100,53c03a3b3bf37612c4000002,214.688,gametime
68af5869b645abdd501f0cd1,Colorado Rockies at Chicago White Sox,2026-09-27 14:10:00.000,1700,86300,5362ccf73bf37627c6000004,764.0639999999997,gametime
68af594f515a42e3057fd9d3,Atlanta Braves at Miami Marlins,2026-09-27 15:10:00.000,1000,81700,53acb8a23bf3760237000004,176.88799999999998,gametime
68af5993134a3cce602c9bc7,Chicago Cubs at Boston Red Sox (Rescheduled from 9/27/2026),2026-09-25 13:05:00.000,1200,290900,5362ccf73bf37627c6000001,715.3519999999996,gametime
68af5a0260f33e20f906bb21,Texas Rangers at Minnesota Twins,2026-09-27 14:10:00.000,1300,157100,538526c321efd33afb000005,51.588,gametime
68af5a6ef81960799e88ff7b,Arizona Diamondbacks at San Diego Padres,2026-09-27 12:10:00.000,3800,189300,53692f0a3bf3760f90000001,1566.2080000000008,gametime
68af5b725a8fe92ebf9ae792,Houston Astros at Athletics,2026-09-27 12:05:00.000,1300,66500,55313d1878fea568e6000001,123.31200000000004,gametime
6a57675f693dc91bd1e30e48,"Boston Red Sox at New York Yankees (AL Wild Card, Game 1, Home Game 1)",2026-09-29 20:00:00.000,12900,319400,5362ccf73bf37627c6000003,7187.443999999997,gametime
6a57675fbcbcae878598d1db,"Boston Red Sox at New York Yankees (AL Wild Card, Game 2, Home Game 2)",2026-09-30 20:00:00.000,12100,467600,5362ccf73bf37627c6000003,9714.336000000008,gametime
6a57675f127c0ea221865046,"Boston Red Sox at New York Yankees (AL Wild Card, Game 3, Home Game 3)",2026-10-01 20:00:00.000,13200,435900,5362ccf73bf37627c6000003,1552.5639999999994,gametime
6a59211fbe0211fffb590baa,"Philadelphia Phillies at Atlanta Braves (NL Wild Card, Game 1, Home Game 1)",2026-09-29 14:00:00.000,2700,269200,5876a1f7cde6626ebe0d3e87,90.656,gametime
6a59211f45e705fc8968cf28,"Philadelphia Phillies at Atlanta Braves (NL Wild Card, Game 2, Home Game 2)",2026-09-30 14:00:00.000,3400,269200,5876a1f7cde6626ebe0d3e87,1772.188,gametime
6a59211f1dddab04b4bc8b35,"Philadelphia Phillies at Atlanta Braves (NL Wild Card, Game 3, Home Game 3)",2026-10-01 20:15:00.000,5200,251800,5876a1f7cde6626ebe0d3e87,264.04400000000004,gametime
6a59604dbe0211fffb590c11,"San Diego Padres at Milwaukee Brewers (NLDS, Game 1, Home Game 1)",2026-10-03 19:30:00.000,12200,0,538526c321efd33afb000003,1147.7080000000003,gametime
6a59604fd265d45d7d30f8f7,"San Diego Padres at Milwaukee Brewers (NLDS, Game 2, Home Game 2)",2026-10-04 15:00:00.000,11300,98800,538526c321efd33afb000003,664.1799999999998,gametime
6a6e328c0bf56f51c0a9fa4b,"New York Yankees at Tampa Bay Rays (ALDS, Game 1, Home Game 1)",2026-10-03 18:30:00.000,12000,654100,54dcf29564f9620805000003,1277.184,gametime
6a6e557ceea45a42572622f2,"Chicago White Sox at Cleveland Guardians (ALDS, Game 1, Home Game 1)",2026-10-03 13:00:00.000,13800,102300,53beec013bf376503f000002,1461.2,gametime
6a6e328dd01a99324d28eb5f,"New York Yankees at Tampa Bay Rays (ALDS, Game 2, Home Game 2)",2026-10-05 20:00:00.000,13300,962200,54dcf29564f9620805000003,546.1960000000001,gametime
6a6e557ed8d1c452905238db,"Chicago White Sox at Cleveland Guardians (ALDS, Game 2, Home Game 2)",2026-10-05 17:00:00.000,10300,97100,53beec013bf376503f000002,833.4,gametime
6a6e31c964aedf0f5a9f380c,"Chicago White Sox at Houston Astros (AL Wild Card, Game 1, Home Game 1)",2026-09-29 16:00:00.000,3000,428100,53b30c243bf37646fb000002,61.7,gametime
6a6e31c7a480127e6660ba07,"Chicago White Sox at Houston Astros (AL Wild Card, Game 2, Home Game 2)",2026-09-30 16:00:00.000,2300,123800,53b30c243bf37646fb000002,2206.455999999999,gametime
6a6e31cb0bf56f51c0a9fa46,"Chicago White Sox at Houston Astros (AL Wild Card, Game 3, Home Game 3)",2026-10-01 16:00:00.000,5000,149200,53b30c243bf37646fb000002,364.04800000000006,gametime
6a7cb3b7d1ad5eb9f2bef5b8,"Chicago Cubs at San Diego Padres (NL Wild Card, Home Game 1)",2026-09-29 19:00:00.000,9700,599400,53692f0a3bf3760f90000001,281.28000000000003,gametime
6a7cb3b77cc0ae7608d7b9b5,"Chicago Cubs at San Diego Padres (NL Wild Card, Home Game 3)",2026-10-01 19:00:00.000,11800,233100,53692f0a3bf3760f90000001,1344.8360000000005,gametime
6a7cb3b7aeb3d6a52b742e46,"Chicago Cubs at San Diego Padres (NL Wild Card, Home Game 2)",2026-09-30 19:00:00.000,11700,471500,53692f0a3bf3760f90000001,10233.46799999999,gametime
